<?xml version='1.0' encoding='UTF-8'?>
<osm version='0.6' generator='JOSM'>
  <bounds minlat='24.178078' minlon='120.6461906' maxlat='24.1820321' maxlon='120.652113' origin='openstreetmap-cgimap 2.1.0 (3558427 spike-08.openstreetmap.org)' />
  <node id='746174275' timestamp='2021-06-05T13:55:51Z' uid='1439333' user='Littlebtc' visible='true' version='7' changeset='105883489' lat='24.1788369' lon='120.6466155' />
  <node id='746174332' timestamp='2024-08-26T18:55:55Z' uid='12620959' user='twF6wdEYwL' visible='true' version='4' changeset='155798037' lat='24.1767073' lon='120.6466253' />
  <node id='746174393' timestamp='2024-08-26T18:55:55Z' uid='12620959' user='twF6wdEYwL' visible='true' version='4' changeset='155798037' lat='24.1768972' lon='120.6466192' />
  <node id='746174415' timestamp='2025-06-21T01:50:58Z' uid='18325668' user='EMU800' visible='true' version='4' changeset='167895697' lat='24.1788451' lon='120.650198' />
  <node id='746174423' timestamp='2024-08-26T18:55:55Z' uid='12620959' user='twF6wdEYwL' visible='true' version='6' changeset='155798037' lat='24.1766485' lon='120.646604' />
  <node id='746174435' timestamp='2024-08-26T18:55:55Z' uid='12620959' user='twF6wdEYwL' visible='true' version='4' changeset='155798037' lat='24.1772031' lon='120.6466208' />
  <node id='1167823662' timestamp='2025-01-08T21:00:43Z' uid='4292387' user='Jaller' visible='true' version='9' changeset='161148231' lat='24.1759022' lon='120.6454787'>
    <tag k='highway' v='traffic_signals' />
    <tag k='traffic_signals:direction' v='both' />
  </node>
  <node id='1167823882' timestamp='2024-08-26T18:55:55Z' uid='12620959' user='twF6wdEYwL' visible='true' version='4' changeset='155798037' lat='24.1765603' lon='120.6465296' />
  <node id='1167824027' timestamp='2021-06-05T13:55:51Z' uid='1439333' user='Littlebtc' visible='true' version='6' changeset='105883489' lat='24.181926' lon='120.6463077' />
  <node id='1167824237' timestamp='2024-08-26T18:55:55Z' uid='12620959' user='twF6wdEYwL' visible='true' version='5' changeset='155798037' lat='24.176042' lon='120.6456361' />
  <node id='1167824636' timestamp='2021-06-05T13:55:51Z' uid='1439333' user='Littlebtc' visible='true' version='6' changeset='105883489' lat='24.1799495' lon='120.6464535' />
  <node id='1167824712' timestamp='2021-06-05T13:55:51Z' uid='1439333' user='Littlebtc' visible='true' version='6' changeset='105883489' lat='24.1811322' lon='120.6463703' />
  <node id='1184149154' timestamp='2011-03-03T09:12:27Z' uid='269097' user='user_269097' visible='true' version='1' changeset='7444129' lat='24.1774824' lon='120.6502597' />
  <node id='1184149171' timestamp='2021-09-26T03:15:22Z' uid='1439333' user='Littlebtc' visible='true' version='2' changeset='111705836' lat='24.1769669' lon='120.6502712' />
  <node id='1184155652' timestamp='2016-03-07T08:51:45Z' uid='1215520' user='bananatw' visible='true' version='2' changeset='37661037' lat='24.1787775' lon='120.646782' />
  <node id='1184155657' timestamp='2016-03-07T08:51:44Z' uid='1215520' user='bananatw' visible='true' version='2' changeset='37661037' lat='24.1789216' lon='120.6467798' />
  <node id='1184155670' timestamp='2014-02-10T02:46:02Z' uid='1872983' user='Trunone' visible='true' version='2' changeset='20476842' lat='24.1804269' lon='120.6465397' />
  <node id='1184155673' timestamp='2025-06-21T01:50:58Z' uid='18325668' user='EMU800' visible='true' version='3' changeset='167895697' lat='24.1786746' lon='120.6465722'>
    <tag k='barrier' v='border_control' />
  </node>
  <node id='1184155674' timestamp='2016-03-07T08:51:45Z' uid='1215520' user='bananatw' visible='true' version='2' changeset='37661037' lat='24.1787795' lon='120.6468195' />
  <node id='1184155676' timestamp='2014-02-10T02:46:02Z' uid='1872983' user='Trunone' visible='true' version='2' changeset='20476842' lat='24.1807931' lon='120.6465258' />
  <node id='1184155678' timestamp='2014-02-10T02:46:02Z' uid='1872983' user='Trunone' visible='true' version='2' changeset='20476842' lat='24.179142' lon='120.6465863' />
  <node id='1184155680' timestamp='2016-03-07T08:51:45Z' uid='1215520' user='bananatw' visible='true' version='2' changeset='37661037' lat='24.1789237' lon='120.6468198' />
  <node id='1184155685' timestamp='2014-02-10T02:46:02Z' uid='1872983' user='Trunone' visible='true' version='2' changeset='20476842' lat='24.1793901' lon='120.6465756' />
  <node id='1184155691' timestamp='2025-06-21T01:50:58Z' uid='18325668' user='EMU800' visible='true' version='3' changeset='167895697' lat='24.17847' lon='120.6473733'>
    <tag k='barrier' v='cycle_barrier' />
    <tag k='bicycle' v='yes' />
    <tag k='foot' v='yes' />
  </node>
  <node id='1184155692' timestamp='2025-06-21T01:50:58Z' uid='18325668' user='EMU800' visible='true' version='4' changeset='167895697' lat='24.1781119' lon='120.6486587' />
  <node id='1184155703' timestamp='2025-06-21T01:50:58Z' uid='18325668' user='EMU800' visible='true' version='4' changeset='167895697' lat='24.1780755' lon='120.6466306' />
  <node id='1184155713' timestamp='2014-02-10T02:46:02Z' uid='1872983' user='Trunone' visible='true' version='2' changeset='20476842' lat='24.1796882' lon='120.6465651' />
  <node id='1324618953' timestamp='2016-03-07T08:51:44Z' uid='1215520' user='bananatw' visible='true' version='2' changeset='37661037' lat='24.1787843' lon='120.6474939' />
  <node id='1324618956' timestamp='2016-03-29T11:31:49Z' uid='3694264' user='John Lin' visible='true' version='2' changeset='38142435' lat='24.1799351' lon='120.6483232' />
  <node id='1324618957' timestamp='2017-12-20T13:41:51Z' uid='6802110' user='Bigmorr' visible='true' version='2' changeset='54787161' lat='24.1806748' lon='120.6473444' />
  <node id='1324618958' timestamp='2011-06-14T08:04:08Z' uid='269097' user='user_269097' visible='true' version='1' changeset='8434596' lat='24.178744' lon='120.6475142' />
  <node id='1324618959' timestamp='2020-03-05T07:40:33Z' uid='6421436' user='SXCKH' visible='true' version='2' changeset='81809849' lat='24.1787349' lon='120.648113' />
  <node id='1324618965' timestamp='2016-03-07T08:51:44Z' uid='1215520' user='bananatw' visible='true' version='2' changeset='37661037' lat='24.1787685' lon='120.6484631' />
  <node id='1324618974' timestamp='2016-03-07T08:51:44Z' uid='1215520' user='bananatw' visible='true' version='2' changeset='37661037' lat='24.1789626' lon='120.6483732' />
  <node id='1324618978' timestamp='2016-03-07T08:51:44Z' uid='1215520' user='bananatw' visible='true' version='2' changeset='37661037' lat='24.1787966' lon='120.6478824' />
  <node id='1324618982' timestamp='2016-03-28T10:00:05Z' uid='3715415' user='洪靖嵐' visible='true' version='2' changeset='38116522' lat='24.1799751' lon='120.6483204' />
  <node id='1324618984' timestamp='2024-08-27T10:50:26Z' uid='20432891' user='Murrumbidgee' visible='true' version='5' changeset='155825020' lat='24.1782175' lon='120.6479089' />
  <node id='1324618986' timestamp='2017-12-20T13:41:51Z' uid='6802110' user='Bigmorr' visible='true' version='3' changeset='54787161' lat='24.1799608' lon='120.6473868' />
  <node id='1324618993' timestamp='2025-06-21T01:50:58Z' uid='18325668' user='EMU800' visible='true' version='3' changeset='167895697' lat='24.1784258' lon='120.6468943' />
  <node id='1324618995' timestamp='2016-03-24T13:49:20Z' uid='3694277' user='王奕舜' visible='true' version='2' changeset='38041875' lat='24.1789664' lon='120.647377' />
  <node id='1324618997' timestamp='2016-03-07T08:51:44Z' uid='1215520' user='bananatw' visible='true' version='2' changeset='37661037' lat='24.1789253' lon='120.6478797' />
  <node id='1324618999' timestamp='2016-03-29T11:31:49Z' uid='3694264' user='John Lin' visible='true' version='2' changeset='38142435' lat='24.1800799' lon='120.6483127' />
  <node id='1324619004' timestamp='2025-06-21T01:50:58Z' uid='18325668' user='EMU800' visible='true' version='4' changeset='167895697' lat='24.1782226' lon='120.6468988' />
  <node id='1324619007' timestamp='2016-03-07T08:51:44Z' uid='1215520' user='bananatw' visible='true' version='2' changeset='37661037' lat='24.1789612' lon='120.6481829' />
  <node id='1324619008' timestamp='2024-08-12T11:33:04Z' uid='12620959' user='twF6wdEYwL' visible='true' version='3' changeset='155142942' lat='24.1806954' lon='120.6473798' />
  <node id='1324619010' timestamp='2014-05-20T02:19:10Z' uid='2083198' user='ipchiu' visible='true' version='2' changeset='22436460' lat='24.1806255' lon='120.6482977' />
  <node id='1324619012' timestamp='2018-03-15T05:51:37Z' uid='1224430' user='Vintagejhan' visible='true' version='3' changeset='57199389' lat='24.1795782' lon='120.6501233' />
  <node id='1324619017' timestamp='2016-03-29T11:31:49Z' uid='3694264' user='John Lin' visible='true' version='2' changeset='38142435' lat='24.179011' lon='120.6484228' />
  <node id='1324619019' timestamp='2025-06-21T01:50:58Z' uid='18325668' user='EMU800' visible='true' version='3' changeset='167895697' lat='24.1784106' lon='120.6467607' />
  <node id='1324619021' timestamp='2020-02-16T15:52:05Z' uid='6421436' user='SXCKH' visible='true' version='6' changeset='81074577' lat='24.1799415' lon='120.6489761' />
  <node id='1324619022' timestamp='2016-03-29T11:31:49Z' uid='3694264' user='John Lin' visible='true' version='3' changeset='38142435' lat='24.1807555' lon='120.6482906' />
  <node id='1324619024' timestamp='2020-02-16T15:52:05Z' uid='6421436' user='SXCKH' visible='true' version='5' changeset='81074577' lat='24.1795584' lon='120.6490012' />
  <node id='1324619025' timestamp='2025-06-21T01:50:58Z' uid='18325668' user='EMU800' visible='true' version='4' changeset='167895697' lat='24.178219' lon='120.64664' />
  <node id='1324619026' timestamp='2017-12-20T13:41:51Z' uid='6802110' user='Bigmorr' visible='true' version='2' changeset='54787161' lat='24.1799877' lon='120.6482676' />
  <node id='1324619028' timestamp='2016-03-07T08:51:44Z' uid='1215520' user='bananatw' visible='true' version='2' changeset='37661037' lat='24.1789626' lon='120.6484137' />
  <node id='1324619029' timestamp='2025-06-21T01:50:58Z' uid='18325668' user='EMU800' visible='true' version='3' changeset='167895697' lat='24.1784274' lon='120.6470453' />
  <node id='1324619030' timestamp='2011-06-14T08:04:11Z' uid='269097' user='user_269097' visible='true' version='1' changeset='8434596' lat='24.1788164' lon='120.6485143' />
  <node id='1324619033' timestamp='2018-03-15T05:51:37Z' uid='1224430' user='Vintagejhan' visible='true' version='2' changeset='57199389' lat='24.1790379' lon='120.6501008' />
  <node id='1324619034' timestamp='2016-03-29T11:31:49Z' uid='3694264' user='John Lin' visible='true' version='2' changeset='38142435' lat='24.1787278' lon='120.6467174' />
  <node id='1324619036' timestamp='2016-03-07T08:51:44Z' uid='1215520' user='bananatw' visible='true' version='2' changeset='37661037' lat='24.1788492' lon='120.6481634' />
  <node id='1324619038' timestamp='2018-03-15T05:51:37Z' uid='1224430' user='Vintagejhan' visible='true' version='5' changeset='57199389' lat='24.179594' lon='120.6473625' />
  <node id='1324619040' timestamp='2016-03-24T13:49:20Z' uid='3694277' user='王奕舜' visible='true' version='2' changeset='38041875' lat='24.1787368' lon='120.6473789' />
  <node id='1324619046' timestamp='2016-03-07T08:51:44Z' uid='1215520' user='bananatw' visible='true' version='2' changeset='37661037' lat='24.1787261' lon='120.6484451' />
  <node id='1324619048' timestamp='2011-06-14T08:04:12Z' uid='269097' user='user_269097' visible='true' version='1' changeset='8434596' lat='24.1786594' lon='120.6485398' />
  <node id='1324619050' timestamp='2020-02-16T15:52:05Z' uid='6421436' user='SXCKH' visible='true' version='4' changeset='81074577' lat='24.1795827' lon='120.6468563' />
  <node id='1324619051' timestamp='2014-05-20T02:19:10Z' uid='2083198' user='ipchiu' visible='true' version='2' changeset='22436460' lat='24.1799197' lon='120.6473498' />
  <node id='1324619052' timestamp='2011-06-14T08:04:12Z' uid='269097' user='user_269097' visible='true' version='1' changeset='8434596' lat='24.179028' lon='120.6495879' />
  <node id='1324619053' timestamp='2016-03-29T11:31:49Z' uid='3694264' user='John Lin' visible='true' version='2' changeset='38142435' lat='24.1807521' lon='120.6479984' />
  <node id='1324619054' timestamp='2016-03-23T09:18:51Z' uid='3715452' user='3333333333333333333333333' visible='true' version='4' changeset='38015889' lat='24.1796207' lon='120.6483453' />
  <node id='1324619055' timestamp='2014-02-10T02:46:03Z' uid='1872983' user='Trunone' visible='true' version='3' changeset='20476842' lat='24.1819468' lon='120.6501184' />
  <node id='1324619060' timestamp='2016-03-07T08:51:44Z' uid='1215520' user='bananatw' visible='true' version='2' changeset='37661037' lat='24.1787029' lon='120.6482204' />
  <node id='1324619062' timestamp='2014-02-10T02:46:02Z' uid='1872983' user='Trunone' visible='true' version='2' changeset='20476842' lat='24.1818638' lon='120.6464874' />
  <node id='1324619064' timestamp='2011-06-14T08:04:12Z' uid='269097' user='user_269097' visible='true' version='1' changeset='8434596' lat='24.1785601' lon='120.648486' />
  <node id='1324619066' timestamp='2016-03-07T08:51:44Z' uid='1215520' user='bananatw' visible='true' version='2' changeset='37661037' lat='24.1789197' lon='120.6474934' />
  <node id='1324619070' timestamp='2016-03-29T11:31:49Z' uid='3694264' user='John Lin' visible='true' version='2' changeset='38142435' lat='24.1790181' lon='120.6488502' />
  <node id='1324619071' timestamp='2020-02-16T15:52:05Z' uid='6421436' user='SXCKH' visible='true' version='3' changeset='81074577' lat='24.1789471' lon='120.6466385' />
  <node id='1324619073' timestamp='2011-06-14T08:04:13Z' uid='269097' user='user_269097' visible='true' version='1' changeset='8434596' lat='24.1807391' lon='120.6474008' />
  <node id='1324619075' timestamp='2025-06-21T01:50:58Z' uid='18325668' user='EMU800' visible='true' version='4' changeset='167895697' lat='24.1784258' lon='120.6466327' />
  <node id='1324619076' timestamp='2020-02-16T15:52:05Z' uid='6421436' user='SXCKH' visible='true' version='6' changeset='81074577' lat='24.1790214' lon='120.6490195' />
  <node id='1324619077' timestamp='2025-06-21T01:50:58Z' uid='18325668' user='EMU800' visible='true' version='3' changeset='167895697' lat='24.1782389' lon='120.6467638' />
  <node id='1324619078' timestamp='2017-12-20T13:41:51Z' uid='6802110' user='Bigmorr' visible='true' version='2' changeset='54787161' lat='24.1807159' lon='120.6481974' />
  <node id='1324619082' timestamp='2011-06-14T08:04:13Z' uid='269097' user='user_269097' visible='true' version='1' changeset='8434596' lat='24.1785454' lon='120.6483718' />
  <node id='1324619086' timestamp='2016-03-29T11:31:49Z' uid='3694264' user='John Lin' visible='true' version='2' changeset='38142435' lat='24.1790141' lon='120.6486035' />
  <node id='1324619088' timestamp='2011-06-14T08:04:14Z' uid='269097' user='user_269097' visible='true' version='1' changeset='8434596' lat='24.1789654' lon='120.647565' />
  <node id='1324619090' timestamp='2020-02-16T15:52:05Z' uid='6421436' user='SXCKH' visible='true' version='2' changeset='81074577' lat='24.1807321' lon='120.6465966' />
  <node id='1324619091' timestamp='2025-06-21T01:50:58Z' uid='18325668' user='EMU800' visible='true' version='4' changeset='167895697' lat='24.1781852' lon='120.6502117' />
  <node id='1324619093' timestamp='2025-06-21T01:50:58Z' uid='18325668' user='EMU800' visible='true' version='4' changeset='167895697' lat='24.1786344' lon='120.6466466' />
  <node id='1324619094' timestamp='2018-03-15T05:51:37Z' uid='1224430' user='Vintagejhan' visible='true' version='4' changeset='57199389' lat='24.1799729' lon='120.6500855' />
  <node id='1324619095' timestamp='2025-06-21T01:50:58Z' uid='18325668' user='EMU800' visible='true' version='3' changeset='167895697' lat='24.1782405' lon='120.6468732' />
  <node id='1324619099' timestamp='2011-06-14T08:04:14Z' uid='269097' user='user_269097' visible='true' version='1' changeset='8434596' lat='24.1787342' lon='120.6480061' />
  <node id='1324619101' timestamp='2011-06-14T08:04:14Z' uid='269097' user='user_269097' visible='true' version='1' changeset='8434596' lat='24.1785478' lon='120.6482132' />
  <node id='1324619103' timestamp='2025-06-21T01:50:58Z' uid='18325668' user='EMU800' visible='true' version='3' changeset='167895697' lat='24.178428' lon='120.6471953' />
  <node id='1324619107' timestamp='2016-03-07T08:51:44Z' uid='1215520' user='bananatw' visible='true' version='2' changeset='37661037' lat='24.178666' lon='120.6483297' />
  <node id='1324619109' timestamp='2021-06-05T13:55:51Z' uid='1439333' user='Littlebtc' visible='true' version='3' changeset='105883489' lat='24.1787382' lon='120.646661' />
  <node id='1324619112' timestamp='2025-06-21T01:50:58Z' uid='18325668' user='EMU800' visible='true' version='3' changeset='167895697' lat='24.1784123' lon='120.6468701' />
  <node id='1324619114' timestamp='2025-06-21T01:50:58Z' uid='18325668' user='EMU800' visible='true' version='7' changeset='167895697' lat='24.1782295' lon='120.6473629' />
  <node id='1324619116' timestamp='2011-06-14T08:04:15Z' uid='269097' user='user_269097' visible='true' version='1' changeset='8434596' lat='24.1787698' lon='120.647943' />
  <node id='1324619117' timestamp='2011-06-14T08:04:15Z' uid='269097' user='user_269097' visible='true' version='1' changeset='8434596' lat='24.1785736' lon='120.6481298' />
  <node id='1324619118' timestamp='2025-06-21T01:50:58Z' uid='18325668' user='EMU800' visible='true' version='4' changeset='167895697' lat='24.1782252' lon='120.6470516' />
  <node id='1324619120' timestamp='2025-06-21T01:50:58Z' uid='18325668' user='EMU800' visible='true' version='5' changeset='167895697' lat='24.1782278' lon='120.6471988' />
  <node id='1820406458' timestamp='2021-06-12T10:10:20Z' uid='1439333' user='Littlebtc' visible='true' version='5' changeset='106247344' lat='24.1813214' lon='120.6397192' />
  <node id='1820406459' timestamp='2016-09-28T21:37:54Z' uid='3877019' user='piligab' visible='true' version='3' changeset='42505759' lat='24.1813238' lon='120.6399972' />
  <node id='1820406462' timestamp='2021-06-12T10:10:20Z' uid='1439333' user='Littlebtc' visible='true' version='5' changeset='106247344' lat='24.1813326' lon='120.6394788' />
  <node id='1820406466' timestamp='2021-06-10T15:15:13Z' uid='1439333' user='Littlebtc' visible='true' version='4' changeset='106164049' lat='24.1816612' lon='120.6436311' />
  <node id='1820406473' timestamp='2016-03-24T15:45:51Z' uid='274857' user='Supaplex' visible='true' version='2' changeset='38043990' lat='24.1819141' lon='120.6469845' />
  <node id='1957891592' timestamp='2025-05-10T03:43:36Z' uid='274857' user='Supaplex' visible='true' version='14' changeset='166052313' lat='24.1789638' lon='120.6463838'>
    <tag k='addr:city' v='臺中市' />
    <tag k='addr:country' v='TW' />
    <tag k='addr:district' v='西屯區' />
    <tag k='addr:full' v='40742臺中市西屯區逢甲路2號' />
    <tag k='addr:housenumber' v='2' />
    <tag k='addr:postcode' v='40742' />
    <tag k='addr:street' v='逢甲路' />
    <tag k='atm' v='yes' />
    <tag k='branch' v='台中逢甲店' />
    <tag k='brand' v='萊爾富' />
    <tag k='brand:en' v='Hi-Life' />
    <tag k='brand:wikidata' v='Q11326216' />
    <tag k='brand:zh' v='萊爾富' />
    <tag k='name' v='萊爾富' />
    <tag k='name:en' v='Hi-Life' />
    <tag k='name:zh' v='萊爾富' />
    <tag k='opening_hours' v='24/7' />
    <tag k='operator' v='萊爾富國際股份有限公司' />
    <tag k='payment:ep_easycard' v='yes' />
    <tag k='payment:ep_ipass' v='yes' />
    <tag k='phone' v='+886-4-2452-5423' />
    <tag k='ref' v='2064' />
    <tag k='shop' v='convenience' />
    <tag k='source' v='網路' />
    <tag k='website' v='http://www.hilife.com.tw/' />
    <tag k='wheelchair' v='yes' />
  </node>
  <node id='1957903981' timestamp='2023-10-03T10:26:53Z' uid='274857' user='Supaplex' visible='true' version='10' changeset='142093461' lat='24.1813339' lon='120.6465657'>
    <tag k='addr:city' v='臺中市' />
    <tag k='addr:country' v='TW' />
    <tag k='addr:district' v='西屯區' />
    <tag k='addr:floor' v='1' />
    <tag k='addr:full' v='40724臺中市西屯區文華路100號1樓' />
    <tag k='addr:housenumber' v='100' />
    <tag k='addr:postcode' v='40724' />
    <tag k='addr:street' v='文華路' />
    <tag k='alt_name' v='統一超商' />
    <tag k='atm' v='yes' />
    <tag k='branch' v='逢大一門市' />
    <tag k='brand' v='7-Eleven' />
    <tag k='brand:en' v='7-Eleven' />
    <tag k='brand:wikidata' v='Q259340' />
    <tag k='brand:wikipedia' v='en:7-Eleven' />
    <tag k='internet_access' v='wlan' />
    <tag k='name' v='7-Eleven' />
    <tag k='opening_hours' v='24/7' />
    <tag k='operator' v='統一超商股份有限公司' />
    <tag k='payment:ep_easycard' v='yes' />
    <tag k='payment:ep_ipass' v='yes' />
    <tag k='ref' v='149114' />
    <tag k='shop' v='convenience' />
    <tag k='website' v='https://www.7-11.com.tw/' />
    <tag k='wheelchair' v='yes' />
  </node>
  <node id='2135710445' timestamp='2021-06-05T13:33:41Z' uid='1439333' user='Littlebtc' visible='true' version='7' changeset='105882658' lat='24.1844239' lon='120.6462596' />
  <node id='2135710476' timestamp='2021-06-05T13:33:41Z' uid='1439333' user='Littlebtc' visible='true' version='5' changeset='105882658' lat='24.1828311' lon='120.6463006' />
  <node id='2136851127' timestamp='2021-06-05T13:55:51Z' uid='1439333' user='Littlebtc' visible='true' version='5' changeset='105883489' lat='24.1804859' lon='120.6456862' />
  <node id='2136851132' timestamp='2021-06-05T13:55:51Z' uid='1439333' user='Littlebtc' visible='true' version='7' changeset='105883489' lat='24.1805174' lon='120.6464255' />
  <node id='2136851151' timestamp='2021-06-05T13:55:51Z' uid='1439333' user='Littlebtc' visible='true' version='5' changeset='105883489' lat='24.1799416' lon='120.6457005' />
  <node id='2138606393' timestamp='2021-06-10T15:15:13Z' uid='1439333' user='Littlebtc' visible='true' version='5' changeset='106164049' lat='24.1814431' lon='120.6415288' />
  <node id='2138606396' timestamp='2024-08-26T18:55:55Z' uid='12620959' user='twF6wdEYwL' visible='true' version='6' changeset='155798037' lat='24.1813589' lon='120.6407738' />
  <node id='2138606414' timestamp='2017-01-26T03:32:40Z' uid='1215520' user='bananatw' visible='true' version='4' changeset='45497703' lat='24.1817667' lon='120.6443173' />
  <node id='2138606428' timestamp='2021-06-10T15:15:13Z' uid='1439333' user='Littlebtc' visible='true' version='5' changeset='106164049' lat='24.1816967' lon='120.6438913' />
  <node id='2138606444' timestamp='2021-06-10T15:15:13Z' uid='1439333' user='Littlebtc' visible='true' version='6' changeset='106164049' lat='24.1815049' lon='120.6422636' />
  <node id='2138606448' timestamp='2021-06-10T15:15:13Z' uid='1439333' user='Littlebtc' visible='true' version='4' changeset='106164049' lat='24.1814852' lon='120.6419999' />
  <node id='2138606452' timestamp='2021-06-10T15:15:13Z' uid='1439333' user='Littlebtc' visible='true' version='6' changeset='106164049' lat='24.1813865' lon='120.6410047' />
  <node id='2138606453' timestamp='2021-06-10T15:15:13Z' uid='1439333' user='Littlebtc' visible='true' version='6' changeset='106164049' lat='24.1816211' lon='120.6432579' />
  <node id='2138606460' timestamp='2021-09-25T01:06:18Z' uid='1439333' user='Littlebtc' visible='true' version='7' changeset='111670780' lat='24.1815233' lon='120.6425502'>
    <tag k='highway' v='traffic_signals' />
  </node>
  <node id='2139800982' timestamp='2021-06-05T13:55:51Z' uid='1439333' user='Littlebtc' visible='true' version='6' changeset='105883489' lat='24.178851' lon='120.6464602' />
  <node id='2386180175' timestamp='2026-02-25T17:20:25Z' uid='4292387' user='Jaller' visible='true' version='7' changeset='179047922' lat='24.1788319' lon='120.6451175'>
    <tag k='crossing:markings' v='lines' />
    <tag k='highway' v='crossing' />
  </node>
  <node id='2386180264' timestamp='2025-01-08T11:01:41Z' uid='4292387' user='Jaller' visible='true' version='9' changeset='161128835' lat='24.1817944' lon='120.645034' />
  <node id='2402570825' timestamp='2024-08-26T18:55:55Z' uid='12620959' user='twF6wdEYwL' visible='true' version='4' changeset='155798037' lat='24.1762299' lon='120.6459988' />
  <node id='2602423176' timestamp='2025-06-21T01:50:58Z' uid='18325668' user='EMU800' visible='true' version='4' changeset='167895697' lat='24.1784459' lon='120.6495011' />
  <node id='2602423177' timestamp='2025-06-21T01:50:58Z' uid='18325668' user='EMU800' visible='true' version='4' changeset='167895697' lat='24.1784714' lon='120.6500738' />
  <node id='2602423178' timestamp='2025-06-21T01:50:58Z' uid='18325668' user='EMU800' visible='true' version='3' changeset='167895697' lat='24.1782043' lon='120.6501298' />
  <node id='2602423179' timestamp='2025-06-21T01:50:58Z' uid='18325668' user='EMU800' visible='true' version='4' changeset='167895697' lat='24.1781742' lon='120.6494523' />
  <node id='2616878097' timestamp='2016-03-29T06:00:22Z' uid='3694264' user='John Lin' visible='true' version='7' changeset='38136012' lat='24.1794275' lon='120.6466543' />
  <node id='2640718964' timestamp='2020-11-29T07:06:04Z' uid='6421436' user='SXCKH' visible='true' version='6' changeset='94972539' lat='24.1781002' lon='120.6586704' />
  <node id='2664395935' timestamp='2016-03-07T08:51:44Z' uid='1215520' user='bananatw' visible='true' version='2' changeset='37661037' lat='24.1794626' lon='120.6490833' />
  <node id='2664395936' timestamp='2019-05-27T15:52:24Z' uid='1942781' user='yellowsoar' visible='true' version='4' changeset='70666519' lat='24.1794928' lon='120.6501026'>
    <tag k='description' v='紀念館一樓滅火器' />
    <tag k='emergency' v='fire_extinguisher' />
  </node>
  <node id='2664395937' timestamp='2016-03-07T08:51:44Z' uid='1215520' user='bananatw' visible='true' version='2' changeset='37661037' lat='24.1791403' lon='120.6501085' />
  <node id='2664395938' timestamp='2016-03-07T08:51:44Z' uid='1215520' user='bananatw' visible='true' version='2' changeset='37661037' lat='24.1791266' lon='120.64913' />
  <node id='2683006382' timestamp='2016-03-07T08:51:43Z' uid='1215520' user='bananatw' visible='true' version='3' changeset='37661037' lat='24.1806466' lon='120.6466372' />
  <node id='2683006387' timestamp='2016-03-07T08:51:43Z' uid='1215520' user='bananatw' visible='true' version='3' changeset='37661037' lat='24.1806667' lon='120.6471872' />
  <node id='2683006388' timestamp='2016-03-07T08:51:43Z' uid='1215520' user='bananatw' visible='true' version='3' changeset='37661037' lat='24.1799841' lon='120.6472172' />
  <node id='2683006389' timestamp='2016-03-07T08:51:43Z' uid='1215520' user='bananatw' visible='true' version='3' changeset='37661037' lat='24.179964' lon='120.6466672' />
  <node id='2683007171' timestamp='2016-03-25T06:05:56Z' uid='3692942' user='Jia Chian' visible='true' version='4' changeset='38055595' lat='24.1789222' lon='120.6486979' />
  <node id='2683007173' timestamp='2016-03-25T06:05:56Z' uid='3692942' user='Jia Chian' visible='true' version='4' changeset='38055595' lat='24.1789265' lon='120.6492163' />
  <node id='2683007174' timestamp='2016-03-25T06:05:56Z' uid='3692942' user='Jia Chian' visible='true' version='5' changeset='38055595' lat='24.1784127' lon='120.6492215' />
  <node id='2683007176' timestamp='2016-03-25T06:05:56Z' uid='3692942' user='Jia Chian' visible='true' version='5' changeset='38055595' lat='24.1784061' lon='120.6487045' />
  <node id='2782782691' timestamp='2016-03-07T08:51:44Z' uid='1215520' user='bananatw' visible='true' version='2' changeset='37661037' lat='24.1788805' lon='120.650116' />
  <node id='2782782694' timestamp='2020-03-05T00:35:33Z' uid='6421436' user='SXCKH' visible='true' version='4' changeset='81796221' lat='24.1790115' lon='120.6494016' />
  <node id='2782782696' timestamp='2020-02-16T15:52:05Z' uid='6421436' user='SXCKH' visible='true' version='3' changeset='81074577' lat='24.1785754' lon='120.6494044' />
  <node id='2782782699' timestamp='2016-03-07T08:51:44Z' uid='1215520' user='bananatw' visible='true' version='2' changeset='37661037' lat='24.178584' lon='120.6501203' />
  <node id='2864657109' timestamp='2014-05-17T15:52:51Z' uid='1439333' user='Littlebtc' visible='true' version='1' changeset='22391180' lat='24.1776419' lon='120.645089' />
  <node id='2864657112' timestamp='2014-05-17T15:52:51Z' uid='1439333' user='Littlebtc' visible='true' version='1' changeset='22391180' lat='24.1779211' lon='120.6450786' />
  <node id='2864657113' timestamp='2014-05-17T15:52:51Z' uid='1439333' user='Littlebtc' visible='true' version='1' changeset='22391180' lat='24.1779225' lon='120.6451866' />
  <node id='2864657114' timestamp='2014-05-17T15:52:51Z' uid='1439333' user='Littlebtc' visible='true' version='1' changeset='22391180' lat='24.1779387' lon='120.6457323' />
  <node id='2864657115' timestamp='2014-05-17T15:52:51Z' uid='1439333' user='Littlebtc' visible='true' version='1' changeset='22391180' lat='24.1786564' lon='120.6457293' />
  <node id='2864657117' timestamp='2019-12-04T13:49:13Z' uid='6421436' user='SXCKH' visible='true' version='3' changeset='77942478' lat='24.1788691' lon='120.6457197' />
  <node id='2864657119' timestamp='2014-05-17T15:52:51Z' uid='1439333' user='Littlebtc' visible='true' version='1' changeset='22391180' lat='24.1800625' lon='120.6465197' />
  <node id='2864657120' timestamp='2014-05-17T15:52:51Z' uid='1439333' user='Littlebtc' visible='true' version='1' changeset='22391180' lat='24.1807646' lon='120.6464695' />
  <node id='2864657121' timestamp='2014-05-17T15:52:52Z' uid='1439333' user='Littlebtc' visible='true' version='1' changeset='22391180' lat='24.181569' lon='120.6464179' />
  <node id='2864657122' timestamp='2014-05-17T15:52:52Z' uid='1439333' user='Littlebtc' visible='true' version='1' changeset='22391180' lat='24.1819292' lon='120.6464017' />
  <node id='2864657123' timestamp='2014-05-17T15:52:52Z' uid='1439333' user='Littlebtc' visible='true' version='1' changeset='22391180' lat='24.1819294' lon='120.646427' />
  <node id='2864657124' timestamp='2014-05-17T15:52:52Z' uid='1439333' user='Littlebtc' visible='true' version='1' changeset='22391180' lat='24.1819542' lon='120.6479599' />
  <node id='2864657125' timestamp='2014-05-17T20:14:07Z' uid='1439333' user='Littlebtc' visible='true' version='2' changeset='22395767' lat='24.181943' lon='120.6501078' />
  <node id='2864657126' timestamp='2014-05-17T15:52:52Z' uid='1439333' user='Littlebtc' visible='true' version='1' changeset='22391180' lat='24.1824092' lon='120.6501223' />
  <node id='2864657127' timestamp='2014-05-17T15:52:52Z' uid='1439333' user='Littlebtc' visible='true' version='1' changeset='22391180' lat='24.1836881' lon='120.6500928' />
  <node id='2864657128' timestamp='2014-05-17T15:52:52Z' uid='1439333' user='Littlebtc' visible='true' version='1' changeset='22391180' lat='24.1849265' lon='120.650007' />
  <node id='2864657132' timestamp='2014-05-17T15:52:52Z' uid='1439333' user='Littlebtc' visible='true' version='1' changeset='22391180' lat='24.1874704' lon='120.6468825' />
  <node id='2864657133' timestamp='2015-07-02T08:39:32Z' uid='1215520' user='bananatw' visible='true' version='2' changeset='32349016' lat='24.1874886' lon='120.6445264' />
  <node id='2864657134' timestamp='2014-05-17T15:52:52Z' uid='1439333' user='Littlebtc' visible='true' version='1' changeset='22391180' lat='24.187492' lon='120.6484618' />
  <node id='2864657135' timestamp='2014-05-17T15:52:52Z' uid='1439333' user='Littlebtc' visible='true' version='1' changeset='22391180' lat='24.187535' lon='120.6500171' />
  <node id='2865073527' timestamp='2014-05-17T20:14:04Z' uid='1439333' user='Littlebtc' visible='true' version='1' changeset='22395767' lat='24.1759721' lon='120.6507025' />
  <node id='2865073528' timestamp='2014-05-17T20:14:04Z' uid='1439333' user='Littlebtc' visible='true' version='1' changeset='22395767' lat='24.1760873' lon='120.6511015' />
  <node id='2865073529' timestamp='2014-05-18T07:50:56Z' uid='1439333' user='Littlebtc' visible='true' version='2' changeset='22401566' lat='24.1762686' lon='120.6544059' />
  <node id='2865073531' timestamp='2014-05-17T20:14:04Z' uid='1439333' user='Littlebtc' visible='true' version='1' changeset='22395767' lat='24.1762703' lon='120.6521858' />
  <node id='2865073543' timestamp='2014-05-17T20:14:04Z' uid='1439333' user='Littlebtc' visible='true' version='1' changeset='22395767' lat='24.1765534' lon='120.6467486' />
  <node id='2865073544' timestamp='2014-05-17T20:14:04Z' uid='1439333' user='Littlebtc' visible='true' version='1' changeset='22395767' lat='24.1765781' lon='120.646956' />
  <node id='2865073546' timestamp='2014-05-17T20:14:04Z' uid='1439333' user='Littlebtc' visible='true' version='1' changeset='22395767' lat='24.1765912' lon='120.6503662' />
  <node id='2865073547' timestamp='2014-05-17T20:14:04Z' uid='1439333' user='Littlebtc' visible='true' version='1' changeset='22395767' lat='24.1766405' lon='120.6503459' />
  <node id='2865073549' timestamp='2014-05-17T20:14:04Z' uid='1439333' user='Littlebtc' visible='true' version='1' changeset='22395767' lat='24.1769195' lon='120.6466968' />
  <node id='2865073551' timestamp='2014-05-17T20:14:04Z' uid='1439333' user='Littlebtc' visible='true' version='1' changeset='22395767' lat='24.1779642' lon='120.6466562' />
  <node id='2865073552' timestamp='2014-05-17T20:14:04Z' uid='1439333' user='Littlebtc' visible='true' version='1' changeset='22395767' lat='24.1780947' lon='120.6465667' />
  <node id='2865073554' timestamp='2014-05-17T20:14:04Z' uid='1439333' user='Littlebtc' visible='true' version='1' changeset='22395767' lat='24.1866233' lon='120.6547897' />
  <node id='2869586747' timestamp='2016-03-24T13:54:59Z' uid='3694277' user='王奕舜' visible='true' version='3' changeset='38041977' lat='24.1798525' lon='120.6484171' />
  <node id='2869586748' timestamp='2016-03-24T13:54:59Z' uid='3694277' user='王奕舜' visible='true' version='3' changeset='38041977' lat='24.1796405' lon='120.6484211' />
  <node id='2869586749' timestamp='2016-03-24T13:54:59Z' uid='3694277' user='王奕舜' visible='true' version='3' changeset='38041977' lat='24.1796493' lon='120.648978' />
  <node id='2869586752' timestamp='2016-03-24T13:54:59Z' uid='3694277' user='王奕舜' visible='true' version='3' changeset='38041977' lat='24.1798613' lon='120.648974' />
  <node id='2869586757' timestamp='2016-03-29T11:13:02Z' uid='3694264' user='John Lin' visible='true' version='5' changeset='38142046' lat='24.1796448' lon='120.6473149' />
  <node id='2869586759' timestamp='2016-03-29T11:13:02Z' uid='3694264' user='John Lin' visible='true' version='5' changeset='38142046' lat='24.179845' lon='120.6473125' />
  <node id='2869586760' timestamp='2014-05-20T02:19:03Z' uid='2083198' user='ipchiu' visible='true' version='1' changeset='22436460' lat='24.1811002' lon='120.6473315' />
  <node id='2869586761' timestamp='2020-03-05T07:40:33Z' uid='6421436' user='SXCKH' visible='true' version='2' changeset='81809849' lat='24.1809227' lon='120.6473381' />
  <node id='2869586762' timestamp='2014-05-20T02:19:03Z' uid='2083198' user='ipchiu' visible='true' version='1' changeset='22436460' lat='24.1809226' lon='120.6473952' />
  <node id='2869586763' timestamp='2014-05-20T02:19:03Z' uid='2083198' user='ipchiu' visible='true' version='1' changeset='22436460' lat='24.1808225' lon='120.6473987' />
  <node id='2869586764' timestamp='2020-03-05T07:40:33Z' uid='6421436' user='SXCKH' visible='true' version='2' changeset='81809849' lat='24.1808217' lon='120.6478777' />
  <node id='2869586766' timestamp='2014-05-20T02:19:03Z' uid='2083198' user='ipchiu' visible='true' version='1' changeset='22436460' lat='24.1810646' lon='120.6478659' />
  <node id='2869586767' timestamp='2014-05-20T02:19:03Z' uid='2083198' user='ipchiu' visible='true' version='1' changeset='22436460' lat='24.1810711' lon='120.6482163' />
  <node id='2869586768' timestamp='2014-05-20T02:19:03Z' uid='2083198' user='ipchiu' visible='true' version='1' changeset='22436460' lat='24.1811518' lon='120.6482092' />
  <node id='2869586769' timestamp='2014-05-20T02:19:03Z' uid='2083198' user='ipchiu' visible='true' version='1' changeset='22436460' lat='24.1812002' lon='120.6482021' />
  <node id='2869586770' timestamp='2014-05-20T02:19:03Z' uid='2083198' user='ipchiu' visible='true' version='1' changeset='22436460' lat='24.1812067' lon='120.6475721' />
  <node id='2869586771' timestamp='2014-05-20T02:19:03Z' uid='2083198' user='ipchiu' visible='true' version='1' changeset='22436460' lat='24.1811776' lon='120.6475191' />
  <node id='2869586772' timestamp='2014-05-20T02:19:03Z' uid='2083198' user='ipchiu' visible='true' version='1' changeset='22436460' lat='24.1811292' lon='120.6474801' />
  <node id='2869586773' timestamp='2014-05-20T02:19:04Z' uid='2083198' user='ipchiu' visible='true' version='1' changeset='22436460' lat='24.1811163' lon='120.6474554' />
  <node id='2869586774' timestamp='2017-12-20T13:41:51Z' uid='6802110' user='Bigmorr' visible='true' version='3' changeset='54787161' lat='24.1809834' lon='120.6481392' />
  <node id='2869586775' timestamp='2017-12-20T13:41:51Z' uid='6802110' user='Bigmorr' visible='true' version='3' changeset='54787161' lat='24.180809' lon='120.6481457' />
  <node id='2869586776' timestamp='2017-12-20T13:41:51Z' uid='6802110' user='Bigmorr' visible='true' version='3' changeset='54787161' lat='24.1808121' lon='120.6482474' />
  <node id='2869586777' timestamp='2017-12-20T13:41:51Z' uid='6802110' user='Bigmorr' visible='true' version='3' changeset='54787161' lat='24.1810476' lon='120.6482387' />
  <node id='2869586778' timestamp='2017-12-20T13:41:51Z' uid='6802110' user='Bigmorr' visible='true' version='3' changeset='54787161' lat='24.1810376' lon='120.6479122' />
  <node id='2869586779' timestamp='2014-05-20T02:19:04Z' uid='2083198' user='ipchiu' visible='true' version='1' changeset='22436460' lat='24.1811486' lon='120.646659' />
  <node id='2869586780' timestamp='2014-05-20T02:19:04Z' uid='2083198' user='ipchiu' visible='true' version='1' changeset='22436460' lat='24.1809161' lon='120.6466661' />
  <node id='2869586781' timestamp='2014-05-20T02:19:04Z' uid='2083198' user='ipchiu' visible='true' version='1' changeset='22436460' lat='24.1809161' lon='120.6467263' />
  <node id='2869586782' timestamp='2014-05-20T02:19:04Z' uid='2083198' user='ipchiu' visible='true' version='1' changeset='22436460' lat='24.180858' lon='120.6467227' />
  <node id='2869586783' timestamp='2014-05-20T02:19:04Z' uid='2083198' user='ipchiu' visible='true' version='1' changeset='22436460' lat='24.1808612' lon='120.6468148' />
  <node id='2869586784' timestamp='2014-05-20T02:19:04Z' uid='2083198' user='ipchiu' visible='true' version='1' changeset='22436460' lat='24.180929' lon='120.6468077' />
  <node id='2869586785' timestamp='2014-05-20T02:19:04Z' uid='2083198' user='ipchiu' visible='true' version='1' changeset='22436460' lat='24.180929' lon='120.6471191' />
  <node id='2869586786' timestamp='2014-05-20T02:19:04Z' uid='2083198' user='ipchiu' visible='true' version='1' changeset='22436460' lat='24.1809258' lon='120.6472147' />
  <node id='2869586787' timestamp='2014-05-20T02:19:04Z' uid='2083198' user='ipchiu' visible='true' version='1' changeset='22436460' lat='24.1811938' lon='120.647197' />
  <node id='2869586788' timestamp='2014-05-20T02:19:04Z' uid='2083198' user='ipchiu' visible='true' version='1' changeset='22436460' lat='24.181197' lon='120.6470837' />
  <node id='2869586789' timestamp='2014-05-20T02:19:04Z' uid='2083198' user='ipchiu' visible='true' version='1' changeset='22436460' lat='24.1811454' lon='120.6470873' />
  <node id='2869586793' timestamp='2016-03-24T09:55:21Z' uid='3694277' user='王奕舜' visible='true' version='2' changeset='38037467' lat='24.1817615' lon='120.6466253' />
  <node id='2869586794' timestamp='2016-03-24T09:55:21Z' uid='3694277' user='王奕舜' visible='true' version='2' changeset='38037467' lat='24.1815802' lon='120.6466319' />
  <node id='2869586796' timestamp='2017-12-20T13:41:51Z' uid='6802110' user='Bigmorr' visible='true' version='2' changeset='54787161' lat='24.1819046' lon='120.6482472'>
    <tag k='barrier' v='lift_gate' />
  </node>
  <node id='2869588819' timestamp='2016-03-07T08:51:43Z' uid='1215520' user='bananatw' visible='true' version='2' changeset='37661037' lat='24.1798984' lon='120.6490692' />
  <node id='2869588820' timestamp='2016-03-07T08:51:43Z' uid='1215520' user='bananatw' visible='true' version='2' changeset='37661037' lat='24.1797166' lon='120.6490745' />
  <node id='2869588821' timestamp='2016-03-07T08:51:43Z' uid='1215520' user='bananatw' visible='true' version='2' changeset='37661037' lat='24.1797284' lon='120.6495604' />
  <node id='2869588822' timestamp='2016-03-07T08:51:43Z' uid='1215520' user='bananatw' visible='true' version='2' changeset='37661037' lat='24.1799101' lon='120.64955' />
  <node id='2869588823' timestamp='2016-03-07T08:51:43Z' uid='1215520' user='bananatw' visible='true' version='2' changeset='37661037' lat='24.1798978' lon='120.6496063' />
  <node id='2869588824' timestamp='2016-03-07T08:51:43Z' uid='1215520' user='bananatw' visible='true' version='2' changeset='37661037' lat='24.179719' lon='120.6496132' />
  <node id='2869588825' timestamp='2016-03-07T08:51:43Z' uid='1215520' user='bananatw' visible='true' version='2' changeset='37661037' lat='24.1797223' lon='120.6497168' />
  <node id='2869588826' timestamp='2016-03-07T08:51:43Z' uid='1215520' user='bananatw' visible='true' version='2' changeset='37661037' lat='24.1797608' lon='120.6497154' />
  <node id='2869588827' timestamp='2016-03-07T08:51:43Z' uid='1215520' user='bananatw' visible='true' version='2' changeset='37661037' lat='24.1797693' lon='120.649983' />
  <node id='2869588828' timestamp='2016-03-07T08:51:43Z' uid='1215520' user='bananatw' visible='true' version='2' changeset='37661037' lat='24.1797249' lon='120.6499847' />
  <node id='2869588829' timestamp='2016-03-07T08:51:43Z' uid='1215520' user='bananatw' visible='true' version='2' changeset='37661037' lat='24.1797285' lon='120.6500964' />
  <node id='2869588830' timestamp='2016-03-07T08:51:44Z' uid='1215520' user='bananatw' visible='true' version='2' changeset='37661037' lat='24.1799132' lon='120.6500893' />
  <node id='2869588831' timestamp='2016-03-24T13:20:55Z' uid='3694277' user='王奕舜' visible='true' version='2' changeset='38041217' lat='24.18033' lon='120.6497895' />
  <node id='2869588832' timestamp='2016-03-24T13:20:55Z' uid='3694277' user='王奕舜' visible='true' version='2' changeset='38041217' lat='24.1800049' lon='120.6497951' />
  <node id='2869588833' timestamp='2016-03-24T13:20:55Z' uid='3694277' user='王奕舜' visible='true' version='2' changeset='38041217' lat='24.1800101' lon='120.6501538' />
  <node id='2869588834' timestamp='2016-03-24T13:20:56Z' uid='3694277' user='王奕舜' visible='true' version='2' changeset='38041217' lat='24.1803352' lon='120.6501482' />
  <node id='2869588836' timestamp='2016-03-24T13:24:16Z' uid='3694277' user='王奕舜' visible='true' version='2' changeset='38041282' lat='24.1802775' lon='120.6497793' />
  <node id='2869588837' timestamp='2016-03-24T13:24:16Z' uid='3694277' user='王奕舜' visible='true' version='2' changeset='38041282' lat='24.1800049' lon='120.6497832' />
  <node id='2869588838' timestamp='2016-03-24T13:24:16Z' uid='3694277' user='王奕舜' visible='true' version='2' changeset='38041282' lat='24.1799943' lon='120.6488858' />
  <node id='2869588839' timestamp='2016-03-24T13:25:58Z' uid='3694277' user='王奕舜' visible='true' version='2' changeset='38041326' lat='24.1802996' lon='120.6483392' />
  <node id='2869588840' timestamp='2016-03-24T13:25:58Z' uid='3694277' user='王奕舜' visible='true' version='3' changeset='38041326' lat='24.18031' lon='120.6488613' />
  <node id='2869588841' timestamp='2016-03-24T13:25:58Z' uid='3694277' user='王奕舜' visible='true' version='2' changeset='38041326' lat='24.1799906' lon='120.6488689' />
  <node id='2869588842' timestamp='2016-03-24T13:25:58Z' uid='3694277' user='王奕舜' visible='true' version='3' changeset='38041326' lat='24.1799802' lon='120.6483469' />
  <node id='2869588874' timestamp='2016-03-24T13:22:41Z' uid='3694277' user='王奕舜' visible='true' version='4' changeset='38041251' lat='24.1804377' lon='120.6487665' />
  <node id='2869588875' timestamp='2016-03-24T13:22:41Z' uid='3694277' user='王奕舜' visible='true' version='4' changeset='38041251' lat='24.1803353' lon='120.6487678' />
  <node id='2869588876' timestamp='2016-03-24T13:22:41Z' uid='3694277' user='王奕舜' visible='true' version='4' changeset='38041251' lat='24.1803384' lon='120.6490679' />
  <node id='2869588877' timestamp='2016-03-24T13:22:41Z' uid='3694277' user='王奕舜' visible='true' version='4' changeset='38041251' lat='24.1802672' lon='120.6490688' />
  <node id='2869588878' timestamp='2016-03-24T13:22:41Z' uid='3694277' user='王奕舜' visible='true' version='4' changeset='38041251' lat='24.1802708' lon='120.6494234' />
  <node id='2869588879' timestamp='2016-03-24T13:22:41Z' uid='3694277' user='王奕舜' visible='true' version='4' changeset='38041251' lat='24.18032' lon='120.6494228' />
  <node id='2869588880' timestamp='2016-03-24T13:22:41Z' uid='3694277' user='王奕舜' visible='true' version='4' changeset='38041251' lat='24.1803229' lon='120.6496991' />
  <node id='2869588881' timestamp='2016-03-24T13:22:41Z' uid='3694277' user='王奕舜' visible='true' version='4' changeset='38041251' lat='24.1804474' lon='120.6496976' />
  <node id='2869588886' timestamp='2017-05-01T10:03:35Z' uid='1293194' user='nevw' visible='true' version='5' changeset='48302557' lat='24.1815592' lon='120.6482443' />
  <node id='2869588888' timestamp='2017-05-01T10:03:35Z' uid='1293194' user='nevw' visible='true' version='5' changeset='48302557' lat='24.1813743' lon='120.6483206' />
  <node id='2869588896' timestamp='2017-05-01T10:03:35Z' uid='1293194' user='nevw' visible='true' version='5' changeset='48302557' lat='24.1813555' lon='120.6489873' />
  <node id='2869588898' timestamp='2016-03-07T08:51:45Z' uid='1215520' user='bananatw' visible='true' version='2' changeset='37661037' lat='24.1813943' lon='120.6491061' />
  <node id='2869588899' timestamp='2016-03-25T06:05:55Z' uid='3692942' user='Jia Chian' visible='true' version='4' changeset='38055595' lat='24.1814141' lon='120.6491437' />
  <node id='2869588900' timestamp='2016-03-25T06:05:55Z' uid='3692942' user='Jia Chian' visible='true' version='4' changeset='38055595' lat='24.1814429' lon='120.6491704' />
  <node id='2869589002' timestamp='2016-03-25T06:05:55Z' uid='3692942' user='Jia Chian' visible='true' version='4' changeset='38055595' lat='24.1815123' lon='120.649187' />
  <node id='2869589004' timestamp='2016-03-25T06:05:55Z' uid='3692942' user='Jia Chian' visible='true' version='4' changeset='38055595' lat='24.1815651' lon='120.6491597' />
  <node id='2869589005' timestamp='2016-03-25T06:05:55Z' uid='3692942' user='Jia Chian' visible='true' version='5' changeset='38055595' lat='24.181614' lon='120.6492986' />
  <node id='2869589006' timestamp='2016-03-25T06:05:55Z' uid='3692942' user='Jia Chian' visible='true' version='5' changeset='38055595' lat='24.1818469' lon='120.649297' />
  <node id='2869589007' timestamp='2016-03-25T06:05:55Z' uid='3692942' user='Jia Chian' visible='true' version='4' changeset='38055595' lat='24.1818461' lon='120.6492112' />
  <node id='2869589013' timestamp='2016-03-07T08:51:45Z' uid='1215520' user='bananatw' visible='true' version='2' changeset='37661037' lat='24.1816718' lon='120.6493671' />
  <node id='2869589014' timestamp='2016-03-07T08:51:45Z' uid='1215520' user='bananatw' visible='true' version='2' changeset='37661037' lat='24.1814452' lon='120.6493663' />
  <node id='2869589015' timestamp='2016-03-07T08:51:45Z' uid='1215520' user='bananatw' visible='true' version='2' changeset='37661037' lat='24.1814437' lon='120.6498809' />
  <node id='2869589016' timestamp='2016-03-07T08:51:45Z' uid='1215520' user='bananatw' visible='true' version='2' changeset='37661037' lat='24.1816703' lon='120.6498817' />
  <node id='2869589017' timestamp='2014-05-20T02:19:06Z' uid='2083198' user='ipchiu' visible='true' version='1' changeset='22436460' lat='24.1819106' lon='120.6496638' />
  <node id='2869589018' timestamp='2014-05-20T02:19:06Z' uid='2083198' user='ipchiu' visible='true' version='1' changeset='22436460' lat='24.1818137' lon='120.6496638' />
  <node id='2869589019' timestamp='2014-05-20T02:19:06Z' uid='2083198' user='ipchiu' visible='true' version='1' changeset='22436460' lat='24.1818105' lon='120.6499363' />
  <node id='2869589020' timestamp='2014-05-20T02:19:06Z' uid='2083198' user='ipchiu' visible='true' version='1' changeset='22436460' lat='24.1817233' lon='120.6499363' />
  <node id='2869589021' timestamp='2014-05-20T02:19:06Z' uid='2083198' user='ipchiu' visible='true' version='1' changeset='22436460' lat='24.1817168' lon='120.6500779' />
  <node id='2869589022' timestamp='2014-05-20T02:19:06Z' uid='2083198' user='ipchiu' visible='true' version='1' changeset='22436460' lat='24.1819073' lon='120.6500744' />
  <node id='2869589023' timestamp='2014-05-20T02:19:06Z' uid='2083198' user='ipchiu' visible='true' version='1' changeset='22436460' lat='24.1815812' lon='120.647066' />
  <node id='2869589024' timestamp='2014-05-20T02:19:06Z' uid='2083198' user='ipchiu' visible='true' version='1' changeset='22436460' lat='24.1813423' lon='120.6470731' />
  <node id='2869589025' timestamp='2014-05-20T02:19:06Z' uid='2083198' user='ipchiu' visible='true' version='1' changeset='22436460' lat='24.1813455' lon='120.6478305' />
  <node id='2869589026' timestamp='2014-05-20T02:19:06Z' uid='2083198' user='ipchiu' visible='true' version='1' changeset='22436460' lat='24.1813552' lon='120.6480606' />
  <node id='2869589027' timestamp='2014-05-20T02:19:06Z' uid='2083198' user='ipchiu' visible='true' version='1' changeset='22436460' lat='24.1814004' lon='120.6481101' />
  <node id='2869589028' timestamp='2014-05-20T02:19:07Z' uid='2083198' user='ipchiu' visible='true' version='1' changeset='22436460' lat='24.1814424' lon='120.6481243' />
  <node id='2869589029' timestamp='2014-05-20T02:19:07Z' uid='2083198' user='ipchiu' visible='true' version='1' changeset='22436460' lat='24.1815296' lon='120.6481207' />
  <node id='2869589030' timestamp='2016-03-24T09:22:10Z' uid='3694277' user='王奕舜' visible='true' version='2' changeset='38036882' lat='24.1818528' lon='120.6481899' />
  <node id='2869589031' timestamp='2016-03-24T09:22:10Z' uid='3694277' user='王奕舜' visible='true' version='2' changeset='38036882' lat='24.1818461' lon='120.6480824' />
  <node id='2869589032' timestamp='2016-03-24T09:22:10Z' uid='3694277' user='王奕舜' visible='true' version='2' changeset='38036882' lat='24.1817106' lon='120.6480199' />
  <node id='2869589033' timestamp='2014-05-20T02:19:07Z' uid='2083198' user='ipchiu' visible='true' version='1' changeset='22436460' lat='24.1817104' lon='120.6479827' />
  <node id='2869589034' timestamp='2014-05-20T02:19:07Z' uid='2083198' user='ipchiu' visible='true' version='1' changeset='22436460' lat='24.1817071' lon='120.6474695' />
  <node id='2869589035' timestamp='2016-03-24T09:55:21Z' uid='3694277' user='王奕舜' visible='true' version='3' changeset='38037467' lat='24.1817025' lon='120.6472353' />
  <node id='2869589038' timestamp='2016-03-07T08:51:43Z' uid='1215520' user='bananatw' visible='true' version='2' changeset='37661037' lat='24.1795235' lon='120.6475093' />
  <node id='2869589039' timestamp='2016-03-07T08:51:43Z' uid='1215520' user='bananatw' visible='true' version='2' changeset='37661037' lat='24.1790644' lon='120.6475288' />
  <node id='2869589040' timestamp='2016-03-07T08:51:43Z' uid='1215520' user='bananatw' visible='true' version='2' changeset='37661037' lat='24.1791031' lon='120.6483365' />
  <node id='2869589041' timestamp='2016-03-07T08:51:43Z' uid='1215520' user='bananatw' visible='true' version='2' changeset='37661037' lat='24.1795561' lon='120.6483039' />
  <node id='2869589043' timestamp='2016-03-07T08:51:45Z' uid='1215520' user='bananatw' visible='true' version='2' changeset='37661037' lat='24.1798774' lon='120.6473917' />
  <node id='2869589044' timestamp='2016-03-07T08:51:45Z' uid='1215520' user='bananatw' visible='true' version='2' changeset='37661037' lat='24.1798855' lon='120.6476564' />
  <node id='2869589045' timestamp='2016-03-07T08:51:45Z' uid='1215520' user='bananatw' visible='true' version='2' changeset='37661037' lat='24.179659' lon='120.6476647' />
  <node id='2869589046' timestamp='2016-03-07T08:51:45Z' uid='1215520' user='bananatw' visible='true' version='2' changeset='37661037' lat='24.179651' lon='120.6473999' />
  <node id='2869589047' timestamp='2016-03-07T08:51:45Z' uid='1215520' user='bananatw' visible='true' version='2' changeset='37661037' lat='24.1797918' lon='120.6477065' />
  <node id='2869589050' timestamp='2016-03-07T08:51:45Z' uid='1215520' user='bananatw' visible='true' version='2' changeset='37661037' lat='24.1797978' lon='120.647878' />
  <node id='2869589051' timestamp='2016-03-07T08:51:45Z' uid='1215520' user='bananatw' visible='true' version='2' changeset='37661037' lat='24.1796663' lon='120.6478836' />
  <node id='2869589054' timestamp='2016-03-07T08:51:45Z' uid='1215520' user='bananatw' visible='true' version='2' changeset='37661037' lat='24.1796603' lon='120.647712' />
  <node id='2869589056' timestamp='2024-08-27T10:50:26Z' uid='20432891' user='Murrumbidgee' visible='true' version='4' changeset='155825020' lat='24.1783737' lon='120.6479444' />
  <node id='2869589057' timestamp='2024-08-27T10:50:26Z' uid='20432891' user='Murrumbidgee' visible='true' version='4' changeset='155825020' lat='24.1781258' lon='120.6479509' />
  <node id='2869589058' timestamp='2024-08-27T10:50:26Z' uid='20432891' user='Murrumbidgee' visible='true' version='4' changeset='155825020' lat='24.1781395' lon='120.6485793' />
  <node id='2869589059' timestamp='2024-08-27T10:50:26Z' uid='20432891' user='Murrumbidgee' visible='true' version='4' changeset='155825020' lat='24.1783875' lon='120.6485728' />
  <node id='2869589060' timestamp='2016-03-07T08:51:44Z' uid='1215520' user='bananatw' visible='true' version='2' changeset='37661037' lat='24.1782539' lon='120.6487477' />
  <node id='2869589061' timestamp='2016-03-07T08:51:44Z' uid='1215520' user='bananatw' visible='true' version='2' changeset='37661037' lat='24.178153' lon='120.6487512' />
  <node id='2869589062' timestamp='2016-03-07T08:51:44Z' uid='1215520' user='bananatw' visible='true' version='2' changeset='37661037' lat='24.1781728' lon='120.6494344' />
  <node id='2869589063' timestamp='2016-03-07T08:51:44Z' uid='1215520' user='bananatw' visible='true' version='2' changeset='37661037' lat='24.1782931' lon='120.6494302' />
  <node id='2869589064' timestamp='2025-06-21T01:50:58Z' uid='18325668' user='EMU800' visible='true' version='4' changeset='167895697' lat='24.1786302' lon='120.6474773' />
  <node id='2869589065' timestamp='2025-06-21T01:50:58Z' uid='18325668' user='EMU800' visible='true' version='4' changeset='167895697' lat='24.1783169' lon='120.6474838' />
  <node id='2869589066' timestamp='2025-06-21T01:50:58Z' uid='18325668' user='EMU800' visible='true' version='4' changeset='167895697' lat='24.1783238' lon='120.6478722' />
  <node id='2869589067' timestamp='2025-06-21T01:50:58Z' uid='18325668' user='EMU800' visible='true' version='4' changeset='167895697' lat='24.1786368' lon='120.6478622' />
  <node id='2869589068' timestamp='2025-06-21T01:50:58Z' uid='18325668' user='EMU800' visible='true' version='4' changeset='167895697' lat='24.1786233' lon='120.646724' />
  <node id='2869589069' timestamp='2025-06-21T01:50:58Z' uid='18325668' user='EMU800' visible='true' version='3' changeset='167895697' lat='24.1784461' lon='120.6467286' />
  <node id='2869589070' timestamp='2025-06-21T01:50:58Z' uid='18325668' user='EMU800' visible='true' version='3' changeset='167895697' lat='24.1784592' lon='120.6473347' />
  <node id='2869589071' timestamp='2025-06-21T01:50:58Z' uid='18325668' user='EMU800' visible='true' version='4' changeset='167895697' lat='24.1786365' lon='120.6473301' />
  <node id='2894081045' timestamp='2024-08-26T18:55:58Z' uid='12620959' user='twF6wdEYwL' visible='true' version='5' changeset='155798037' lat='24.1813215' lon='120.6402197' />
  <node id='3202497932' timestamp='2024-08-26T18:55:58Z' uid='12620959' user='twF6wdEYwL' visible='true' version='7' changeset='155798037' lat='24.1763396' lon='120.6462139' />
  <node id='3202498405' timestamp='2021-06-05T13:55:51Z' uid='1439333' user='Littlebtc' visible='true' version='2' changeset='105883489' lat='24.17799' lon='120.6460527' />
  <node id='3202498407' timestamp='2021-06-05T13:55:51Z' uid='1439333' user='Littlebtc' visible='true' version='2' changeset='105883489' lat='24.1779937' lon='120.645841' />
  <node id='3202498410' timestamp='2021-06-05T13:55:51Z' uid='1439333' user='Littlebtc' visible='true' version='2' changeset='105883489' lat='24.1780504' lon='120.6461716' />
  <node id='3202498411' timestamp='2021-06-05T13:55:51Z' uid='1439333' user='Littlebtc' visible='true' version='2' changeset='105883489' lat='24.1780399' lon='120.646049' />
  <node id='3202498413' timestamp='2021-06-05T13:55:51Z' uid='1439333' user='Littlebtc' visible='true' version='2' changeset='105883489' lat='24.1781337' lon='120.6459015' />
  <node id='3202498414' timestamp='2021-06-05T13:55:51Z' uid='1439333' user='Littlebtc' visible='true' version='2' changeset='105883489' lat='24.1781346' lon='120.6457898' />
  <node id='3202498418' timestamp='2021-06-05T13:55:51Z' uid='1439333' user='Littlebtc' visible='true' version='2' changeset='105883489' lat='24.1781689' lon='120.6462936' />
  <node id='3202498420' timestamp='2021-06-05T13:55:51Z' uid='1439333' user='Littlebtc' visible='true' version='2' changeset='105883489' lat='24.1782088' lon='120.6459025' />
  <node id='3202498422' timestamp='2021-06-05T13:55:51Z' uid='1439333' user='Littlebtc' visible='true' version='2' changeset='105883489' lat='24.1782569' lon='120.6462915' />
  <node id='3202498425' timestamp='2021-06-05T13:55:51Z' uid='1439333' user='Littlebtc' visible='true' version='2' changeset='105883489' lat='24.178263' lon='120.646257' />
  <node id='3202498426' timestamp='2021-06-05T13:55:51Z' uid='1439333' user='Littlebtc' visible='true' version='2' changeset='105883489' lat='24.1783756' lon='120.6462204' />
  <node id='3202498427' timestamp='2021-06-05T13:55:51Z' uid='1439333' user='Littlebtc' visible='true' version='2' changeset='105883489' lat='24.1783371' lon='120.6460439' />
  <node id='3202498428' timestamp='2021-06-05T13:55:51Z' uid='1439333' user='Littlebtc' visible='true' version='2' changeset='105883489' lat='24.1784325' lon='120.6459278' />
  <node id='3202498431' timestamp='2021-06-05T13:55:51Z' uid='1439333' user='Littlebtc' visible='true' version='2' changeset='105883489' lat='24.1784599' lon='120.6461026' />
  <node id='3202498440' timestamp='2021-06-05T13:55:51Z' uid='1439333' user='Littlebtc' visible='true' version='2' changeset='105883489' lat='24.1786492' lon='120.6462856' />
  <node id='3202498445' timestamp='2021-06-05T13:55:51Z' uid='1439333' user='Littlebtc' visible='true' version='2' changeset='105883489' lat='24.1787351' lon='120.6459252' />
  <node id='3202498449' timestamp='2021-06-05T13:55:51Z' uid='1439333' user='Littlebtc' visible='true' version='2' changeset='105883489' lat='24.1787355' lon='120.6462882' />
  <node id='3205649851' timestamp='2016-03-29T11:31:49Z' uid='3694264' user='John Lin' visible='true' version='5' changeset='38142435' lat='24.178843' lon='120.6465926'>
    <tag k='access' v='yes' />
    <tag k='emergency' v='defibrillator' />
    <tag k='name' v='逢甲大門校名石碑' />
  </node>
  <node id='3205649858' timestamp='2016-03-28T13:18:36Z' uid='3755144' user='江志展' visible='true' version='4' changeset='38120363' lat='24.1814976' lon='120.6487771'>
    <tag k='access' v='yes' />
    <tag k='emergency' v='ambulance_station' />
    <tag k='level' v='1' />
    <tag k='name' v='體育館AED' />
  </node>
  <node id='3315882142' timestamp='2016-03-25T06:05:55Z' uid='3692942' user='Jia Chian' visible='true' version='4' changeset='38055595' lat='24.1818439' lon='120.6486777' />
  <node id='3315882143' timestamp='2016-03-25T06:05:55Z' uid='3692942' user='Jia Chian' visible='true' version='4' changeset='38055595' lat='24.1818467' lon='120.6489656' />
  <node id='3315882144' timestamp='2016-03-25T06:05:55Z' uid='3692942' user='Jia Chian' visible='true' version='4' changeset='38055595' lat='24.1818297' lon='120.6485076' />
  <node id='3438945547' timestamp='2021-06-05T13:33:41Z' uid='1439333' user='Littlebtc' visible='true' version='5' changeset='105882658' lat='24.1834377' lon='120.6462883' />
  <node id='3438945548' timestamp='2020-11-28T17:49:48Z' uid='6421436' user='SXCKH' visible='true' version='3' changeset='94954186' lat='24.1829332' lon='120.650128' />
  <node id='3438945549' timestamp='2026-06-14T07:06:46Z' uid='1439333' user='Littlebtc' visible='true' version='5' changeset='184081927' lat='24.1843205' lon='120.6481663' />
  <node id='3438945550' timestamp='2023-12-16T10:54:24Z' uid='274857' user='Supaplex' visible='true' version='4' changeset='145179867' lat='24.1828826' lon='120.6482098' />
  <node id='3438945551' timestamp='2019-12-02T01:11:03Z' uid='1289275' user='Y12' visible='true' version='3' changeset='77794634' lat='24.1819528' lon='120.6482295' />
  <node id='3438945552' timestamp='2021-06-05T13:33:41Z' uid='1439333' user='Littlebtc' visible='true' version='4' changeset='105882658' lat='24.1843004' lon='120.646247' />
  <node id='3438945553' timestamp='2024-08-26T18:55:58Z' uid='12620959' user='twF6wdEYwL' visible='true' version='5' changeset='155798037' lat='24.1834733' lon='120.6481861' />
  <node id='3444462149' timestamp='2018-03-15T05:51:37Z' uid='1224430' user='Vintagejhan' visible='true' version='2' changeset='57199389' lat='24.178855' lon='120.649719' />
  <node id='3444462150' timestamp='2015-04-08T08:08:56Z' uid='2771125' user='Max100' visible='true' version='1' changeset='30057375' lat='24.1786981' lon='120.6497605' />
  <node id='3444462154' timestamp='2020-03-05T00:35:33Z' uid='6421436' user='SXCKH' visible='true' version='2' changeset='81796221' lat='24.17882' lon='120.649729' />
  <node id='3444462155' timestamp='2015-04-08T08:08:56Z' uid='2771125' user='Max100' visible='true' version='1' changeset='30057375' lat='24.1786587' lon='120.6498193' />
  <node id='3444462157' timestamp='2016-03-07T08:51:44Z' uid='1215520' user='bananatw' visible='true' version='2' changeset='37661037' lat='24.1785822' lon='120.6499688' />
  <node id='3444462158' timestamp='2015-04-08T08:08:56Z' uid='2771125' user='Max100' visible='true' version='1' changeset='30057375' lat='24.1786577' lon='120.6498208' />
  <node id='3481462038' timestamp='2015-04-27T13:07:10Z' uid='1439333' user='Littlebtc' visible='true' version='1' changeset='30540745' lat='24.1765405' lon='120.6467677' />
  <node id='3481462039' timestamp='2015-04-27T13:07:10Z' uid='1439333' user='Littlebtc' visible='true' version='1' changeset='30540745' lat='24.176561' lon='120.6480869' />
  <node id='3481462047' timestamp='2015-04-27T13:07:11Z' uid='1439333' user='Littlebtc' visible='true' version='1' changeset='30540745' lat='24.176588' lon='120.64673' />
  <node id='3481462053' timestamp='2015-04-27T13:07:11Z' uid='1439333' user='Littlebtc' visible='true' version='1' changeset='30540745' lat='24.1766086' lon='120.6502507' />
  <node id='3481462155' timestamp='2015-04-27T13:07:13Z' uid='1439333' user='Littlebtc' visible='true' version='1' changeset='30540745' lat='24.1772824' lon='120.6477775' />
  <node id='3481462156' timestamp='2015-04-27T13:07:13Z' uid='1439333' user='Littlebtc' visible='true' version='1' changeset='30540745' lat='24.1772955' lon='120.6489914' />
  <node id='3481462273' timestamp='2015-04-27T13:07:15Z' uid='1439333' user='Littlebtc' visible='true' version='1' changeset='30540745' lat='24.1779339' lon='120.6467307' />
  <node id='3481462277' timestamp='2015-04-27T13:07:16Z' uid='1439333' user='Littlebtc' visible='true' version='1' changeset='30540745' lat='24.1779638' lon='120.6467778' />
  <node id='3481462285' timestamp='2015-04-27T13:07:16Z' uid='1439333' user='Littlebtc' visible='true' version='1' changeset='30540745' lat='24.1780094' lon='120.6477275' />
  <node id='3481462297' timestamp='2015-04-27T13:07:16Z' uid='1439333' user='Littlebtc' visible='true' version='1' changeset='30540745' lat='24.1780641' lon='120.649' />
  <node id='3481462303' timestamp='2015-04-27T13:07:16Z' uid='1439333' user='Littlebtc' visible='true' version='1' changeset='30540745' lat='24.1781109' lon='120.6502283' />
  <node id='3481462304' timestamp='2025-01-07T17:23:07Z' uid='4292387' user='Jaller' visible='true' version='5' changeset='161104469' lat='24.1781078' lon='120.6502571' />
  <node id='3719864994' timestamp='2026-07-20T23:44:50Z' uid='22943' user='lazzko' visible='true' version='5' changeset='186088379' lat='24.1790971' lon='120.6468986'>
    <tag k='amenity' v='drinking_water' />
    <tag k='description' v='逢甲大學忠勤樓1F' />
    <tag k='hot_water' v='yes' />
    <tag k='iced_water' v='no' />
    <tag k='level' v='1' />
    <tag k='note' v='提供溫、熱水' />
    <tag k='opening_hours' v='06:00-23:00' />
    <tag k='warm_water' v='yes' />
    <tag k='wheelchair' v='yes' />
  </node>
  <node id='3719872394' timestamp='2016-06-06T17:44:58Z' uid='274857' user='Supaplex' visible='true' version='5' changeset='39844235' lat='24.1785983' lon='120.6476042'>
    <tag k='amenity' v='drinking_water' />
    <tag k='description' v='行政二館1F' />
    <tag k='hot_water' v='yes' />
    <tag k='iced_water' v='no' />
    <tag k='level' v='1' />
    <tag k='opening_hours' v='Mo-Sa 07:00-22:00' />
    <tag k='warm_water' v='yes' />
    <tag k='wheelchair' v='yes' />
  </node>
  <node id='3719917362' timestamp='2016-06-06T17:44:58Z' uid='274857' user='Supaplex' visible='true' version='2' changeset='39844235' lat='24.1803836' lon='120.649416'>
    <tag k='amenity' v='drinking_water' />
    <tag k='description' v='逢甲大學體育場' />
    <tag k='hot_water' v='yes' />
    <tag k='opening_hours' v='24/7' />
    <tag k='warm_water' v='YES' />
  </node>
  <node id='3914035514' timestamp='2019-12-02T13:44:20Z' uid='6421436' user='SXCKH' visible='true' version='6' changeset='77824759' lat='24.1761806' lon='120.65184' />
  <node id='3914035515' timestamp='2019-12-02T13:44:20Z' uid='6421436' user='SXCKH' visible='true' version='6' changeset='77824759' lat='24.1761861' lon='120.6519464' />
  <node id='3914035517' timestamp='2025-01-07T17:23:07Z' uid='4292387' user='Jaller' visible='true' version='5' changeset='161104469' lat='24.1760916' lon='120.6518399' />
  <node id='4001842784' timestamp='2016-02-12T03:26:36Z' uid='1215520' user='bananatw' visible='true' version='1' changeset='37160219' lat='24.1807984' lon='120.6465565' />
  <node id='4001842785' timestamp='2016-02-12T03:26:36Z' uid='1215520' user='bananatw' visible='true' version='1' changeset='37160219' lat='24.1808002' lon='120.6466126' />
  <node id='4001842786' timestamp='2016-02-12T03:26:36Z' uid='1215520' user='bananatw' visible='true' version='1' changeset='37160219' lat='24.1817897' lon='120.646575' />
  <node id='4001842787' timestamp='2016-02-12T03:26:36Z' uid='1215520' user='bananatw' visible='true' version='1' changeset='37160219' lat='24.1817879' lon='120.646519' />
  <node id='4001842788' timestamp='2023-12-16T10:36:36Z' uid='274857' user='Supaplex' visible='true' version='7' changeset='145179258' lat='24.1810576' lon='120.6465739'>
    <tag k='addr:city' v='臺中市' />
    <tag k='addr:country' v='TW' />
    <tag k='addr:district' v='西屯區' />
    <tag k='addr:full' v='40724臺中市西屯區文華路100號' />
    <tag k='addr:housenumber' v='100' />
    <tag k='addr:postcode' v='40724' />
    <tag k='addr:street' v='文華路' />
    <tag k='amenity' v='cafe' />
    <tag k='brand' v='星巴克' />
    <tag k='brand:en' v='Starbucks' />
    <tag k='brand:wikidata' v='Q37158' />
    <tag k='brand:wikipedia' v='zh:星巴克' />
    <tag k='brand:zh' v='星巴克' />
    <tag k='cuisine' v='coffee_shop' />
    <tag k='name' v='星巴克' />
    <tag k='name:en' v='Starbucks' />
    <tag k='name:zh' v='星巴克' />
    <tag k='operator' v='悠旅生活事業股份有限公司' />
    <tag k='outdoor_seating' v='yes' />
    <tag k='payment:cash' v='yes' />
    <tag k='takeaway' v='yes' />
    <tag k='wheelchair' v='limited' />
  </node>
  <node id='4001845089' timestamp='2026-03-16T02:28:00Z' uid='274857' user='Supaplex' visible='true' version='9' changeset='179923827' lat='24.1815018' lon='120.6465592'>
    <tag k='addr:city' v='臺中市' />
    <tag k='addr:country' v='TW' />
    <tag k='addr:district' v='西屯區' />
    <tag k='addr:full' v='40724臺中市西屯區文華路100號' />
    <tag k='addr:housenumber' v='100' />
    <tag k='addr:postcode' v='40724' />
    <tag k='addr:street' v='文華路' />
    <tag k='cuisine' v='tea' />
    <tag k='internet_access' v='no' />
    <tag k='shop' v='beverages' />
    <tag k='smoking' v='no' />
    <tag k='takeaway' v='only' />
  </node>
  <node id='4045358025' timestamp='2016-03-29T11:13:02Z' uid='3694264' user='John Lin' visible='true' version='6' changeset='38142046' lat='24.179842' lon='120.6466452' />
  <node id='4045358026' timestamp='2016-03-29T11:13:02Z' uid='3694264' user='John Lin' visible='true' version='7' changeset='38142046' lat='24.1796409' lon='120.6468368' />
  <node id='4045358027' timestamp='2016-03-07T08:51:40Z' uid='1215520' user='bananatw' visible='true' version='1' changeset='37661037' lat='24.1791732' lon='120.6476529' />
  <node id='4045358028' timestamp='2016-03-07T08:51:40Z' uid='1215520' user='bananatw' visible='true' version='1' changeset='37661037' lat='24.1791935' lon='120.6481901' />
  <node id='4045358029' timestamp='2016-03-07T08:51:40Z' uid='1215520' user='bananatw' visible='true' version='1' changeset='37661037' lat='24.179458' lon='120.6481781' />
  <node id='4045358030' timestamp='2016-03-07T08:51:40Z' uid='1215520' user='bananatw' visible='true' version='1' changeset='37661037' lat='24.1794377' lon='120.6476409' />
  <node id='4045358031' timestamp='2016-03-07T08:51:40Z' uid='1215520' user='bananatw' visible='true' version='1' changeset='37661037' lat='24.1798767' lon='120.649551' />
  <node id='4045358032' timestamp='2016-03-07T08:51:40Z' uid='1215520' user='bananatw' visible='true' version='1' changeset='37661037' lat='24.1798781' lon='120.6496086' />
  <node id='4045358033' timestamp='2016-03-07T08:51:40Z' uid='1215520' user='bananatw' visible='true' version='1' changeset='37661037' lat='24.1797517' lon='120.6495597' />
  <node id='4045358034' timestamp='2016-03-07T08:51:40Z' uid='1215520' user='bananatw' visible='true' version='1' changeset='37661037' lat='24.179753' lon='120.6496123' />
  <node id='4045358035' timestamp='2018-03-15T05:51:37Z' uid='1224430' user='Vintagejhan' visible='true' version='2' changeset='57199389' lat='24.1799366' lon='120.6501122' />
  <node id='4045358037' timestamp='2016-03-07T08:51:40Z' uid='1215520' user='bananatw' visible='true' version='1' changeset='37661037' lat='24.179471' lon='120.6495828' />
  <node id='4045358038' timestamp='2016-03-07T08:51:40Z' uid='1215520' user='bananatw' visible='true' version='1' changeset='37661037' lat='24.1792197' lon='120.6491285' />
  <node id='4045358039' timestamp='2016-03-07T08:51:40Z' uid='1215520' user='bananatw' visible='true' version='1' changeset='37661037' lat='24.1792279' lon='120.649088' />
  <node id='4045358040' timestamp='2016-03-07T08:51:40Z' uid='1215520' user='bananatw' visible='true' version='1' changeset='37661037' lat='24.1793682' lon='120.6495848' />
  <node id='4045358041' timestamp='2016-03-07T08:51:40Z' uid='1215520' user='bananatw' visible='true' version='1' changeset='37661037' lat='24.1793699' lon='120.6496826' />
  <node id='4045358042' timestamp='2016-03-07T08:51:40Z' uid='1215520' user='bananatw' visible='true' version='1' changeset='37661037' lat='24.1794429' lon='120.6496814' />
  <node id='4045358043' timestamp='2016-03-07T08:51:40Z' uid='1215520' user='bananatw' visible='true' version='1' changeset='37661037' lat='24.1794722' lon='120.6496999' />
  <node id='4045358044' timestamp='2016-03-07T08:51:40Z' uid='1215520' user='bananatw' visible='true' version='1' changeset='37661037' lat='24.1794958' lon='120.6497234' />
  <node id='4045358045' timestamp='2016-03-07T08:51:40Z' uid='1215520' user='bananatw' visible='true' version='1' changeset='37661037' lat='24.1795116' lon='120.6497505' />
  <node id='4045358046' timestamp='2016-03-07T08:51:40Z' uid='1215520' user='bananatw' visible='true' version='1' changeset='37661037' lat='24.1795217' lon='120.6497863' />
  <node id='4045358047' timestamp='2016-03-07T08:51:40Z' uid='1215520' user='bananatw' visible='true' version='1' changeset='37661037' lat='24.1795027' lon='120.6498675' />
  <node id='4045358048' timestamp='2016-03-07T08:51:40Z' uid='1215520' user='bananatw' visible='true' version='1' changeset='37661037' lat='24.1795164' lon='120.6498316' />
  <node id='4045358049' timestamp='2016-03-07T08:51:40Z' uid='1215520' user='bananatw' visible='true' version='1' changeset='37661037' lat='24.1794552' lon='120.6499032' />
  <node id='4045358050' timestamp='2016-03-07T08:51:40Z' uid='1215520' user='bananatw' visible='true' version='1' changeset='37661037' lat='24.17949' lon='120.6499026' />
  <node id='4045358051' timestamp='2016-03-07T08:51:40Z' uid='1215520' user='bananatw' visible='true' version='1' changeset='37661037' lat='24.1794834' lon='120.6498911' />
  <node id='4045358052' timestamp='2025-06-21T01:50:58Z' uid='18325668' user='EMU800' visible='true' version='2' changeset='167895697' lat='24.178367' lon='120.6500794' />
  <node id='4045358053' timestamp='2025-06-21T01:50:58Z' uid='18325668' user='EMU800' visible='true' version='2' changeset='167895697' lat='24.1783689' lon='120.650121' />
  <node id='4045358054' timestamp='2025-06-21T01:50:58Z' uid='18325668' user='EMU800' visible='true' version='2' changeset='167895697' lat='24.1783215' lon='120.6495078' />
  <node id='4045358055' timestamp='2025-06-21T01:50:58Z' uid='18325668' user='EMU800' visible='true' version='2' changeset='167895697' lat='24.1783187' lon='120.6494446' />
  <node id='4045358056' timestamp='2016-03-07T08:51:41Z' uid='1215520' user='bananatw' visible='true' version='1' changeset='37661037' lat='24.178256' lon='120.6488182' />
  <node id='4045358057' timestamp='2017-06-29T08:08:48Z' uid='527721' user='ninjamask' visible='true' version='3' changeset='49910523' lat='24.1782777' lon='120.6489007'>
    <tag k='emergency' v='phone' />
    <tag k='name' v='電梯緊急連絡電話' />
  </node>
  <node id='4045358058' timestamp='2016-03-07T08:51:41Z' uid='1215520' user='bananatw' visible='true' version='1' changeset='37661037' lat='24.1783263' lon='120.6488158' />
  <node id='4045358059' timestamp='2016-03-07T08:51:41Z' uid='1215520' user='bananatw' visible='true' version='1' changeset='37661037' lat='24.1783287' lon='120.648899' />
  <node id='4045358060' timestamp='2016-03-07T08:51:41Z' uid='1215520' user='bananatw' visible='true' version='1' changeset='37661037' lat='24.1789066' lon='120.6484661' />
  <node id='4045358061' timestamp='2016-03-07T08:51:41Z' uid='1215520' user='bananatw' visible='true' version='1' changeset='37661037' lat='24.1786906' lon='120.6484032' />
  <node id='4045358062' timestamp='2016-03-07T08:51:41Z' uid='1215520' user='bananatw' visible='true' version='1' changeset='37661037' lat='24.1786728' lon='120.6483807' />
  <node id='4045358063' timestamp='2016-03-07T08:51:41Z' uid='1215520' user='bananatw' visible='true' version='1' changeset='37661037' lat='24.1786687' lon='120.6482728' />
  <node id='4045358064' timestamp='2016-03-07T08:51:41Z' uid='1215520' user='bananatw' visible='true' version='1' changeset='37661037' lat='24.1787521' lon='120.6481814' />
  <node id='4045358065' timestamp='2025-06-21T01:50:58Z' uid='18325668' user='EMU800' visible='true' version='3' changeset='167895697' lat='24.1782046' lon='120.6475997' />
  <node id='4045358066' timestamp='2025-06-21T01:50:58Z' uid='18325668' user='EMU800' visible='true' version='3' changeset='167895697' lat='24.1783188' lon='120.6475948' />
  <node id='4045358067' timestamp='2025-06-21T01:50:58Z' uid='18325668' user='EMU800' visible='true' version='3' changeset='167895697' lat='24.1782075' lon='120.6477479' />
  <node id='4045358068' timestamp='2025-06-21T01:50:58Z' uid='18325668' user='EMU800' visible='true' version='3' changeset='167895697' lat='24.1783215' lon='120.6477438' />
  <node id='4045358069' timestamp='2025-06-21T01:50:58Z' uid='18325668' user='EMU800' visible='true' version='3' changeset='167895697' lat='24.1785418' lon='120.6475972' />
  <node id='4045358070' timestamp='2025-06-21T01:50:58Z' uid='18325668' user='EMU800' visible='true' version='3' changeset='167895697' lat='24.1783768' lon='120.647602' />
  <node id='4045358071' timestamp='2025-06-21T01:50:58Z' uid='18325668' user='EMU800' visible='true' version='3' changeset='167895697' lat='24.1783804' lon='120.6477535' />
  <node id='4045358072' timestamp='2025-06-21T01:50:58Z' uid='18325668' user='EMU800' visible='true' version='3' changeset='167895697' lat='24.1785454' lon='120.6477487' />
  <node id='4045358073' timestamp='2016-03-07T08:51:41Z' uid='1215520' user='bananatw' visible='true' version='1' changeset='37661037' lat='24.1788933' lon='120.6467654' />
  <node id='4045358074' timestamp='2016-03-07T08:51:41Z' uid='1215520' user='bananatw' visible='true' version='1' changeset='37661037' lat='24.1788611' lon='120.6467577' />
  <node id='4045358075' timestamp='2016-03-07T08:51:41Z' uid='1215520' user='bananatw' visible='true' version='1' changeset='37661037' lat='24.1787986' lon='120.6467687' />
  <node id='4045358076' timestamp='2016-03-07T08:51:41Z' uid='1215520' user='bananatw' visible='true' version='1' changeset='37661037' lat='24.178804' lon='120.6468179' />
  <node id='4045358077' timestamp='2016-03-07T08:51:41Z' uid='1215520' user='bananatw' visible='true' version='1' changeset='37661037' lat='24.1789007' lon='120.6468213' />
  <node id='4045358078' timestamp='2016-03-07T08:51:41Z' uid='1215520' user='bananatw' visible='true' version='1' changeset='37661037' lat='24.178803' lon='120.6467993' />
  <node id='4045358079' timestamp='2016-03-07T08:51:41Z' uid='1215520' user='bananatw' visible='true' version='1' changeset='37661037' lat='24.1788991' lon='120.6467931' />
  <node id='4045358081' timestamp='2016-03-07T08:51:41Z' uid='1215520' user='bananatw' visible='true' version='1' changeset='37661037' lat='24.1812618' lon='120.6484008' />
  <node id='4045358082' timestamp='2016-03-07T08:51:41Z' uid='1215520' user='bananatw' visible='true' version='1' changeset='37661037' lat='24.1811996' lon='120.6484008' />
  <node id='4045358083' timestamp='2016-03-07T08:51:41Z' uid='1215520' user='bananatw' visible='true' version='1' changeset='37661037' lat='24.1811996' lon='120.648338' />
  <node id='4045358084' timestamp='2016-03-07T08:51:41Z' uid='1215520' user='bananatw' visible='true' version='1' changeset='37661037' lat='24.1812618' lon='120.648338' />
  <node id='4045358085' timestamp='2016-03-07T08:51:41Z' uid='1215520' user='bananatw' visible='true' version='1' changeset='37661037' lat='24.1813396' lon='120.6499747' />
  <node id='4045358086' timestamp='2016-03-07T08:51:41Z' uid='1215520' user='bananatw' visible='true' version='1' changeset='37661037' lat='24.1812583' lon='120.6499784' />
  <node id='4045358087' timestamp='2016-03-07T08:51:41Z' uid='1215520' user='bananatw' visible='true' version='1' changeset='37661037' lat='24.1812583' lon='120.6499202' />
  <node id='4045358088' timestamp='2016-03-07T08:51:41Z' uid='1215520' user='bananatw' visible='true' version='1' changeset='37661037' lat='24.1812168' lon='120.6499565' />
  <node id='4045358089' timestamp='2016-03-07T08:51:41Z' uid='1215520' user='bananatw' visible='true' version='1' changeset='37661037' lat='24.181162' lon='120.6500002' />
  <node id='4045358090' timestamp='2016-03-07T08:51:41Z' uid='1215520' user='bananatw' visible='true' version='1' changeset='37661037' lat='24.1811106' lon='120.6500366' />
  <node id='4045358091' timestamp='2016-03-07T08:51:41Z' uid='1215520' user='bananatw' visible='true' version='1' changeset='37661037' lat='24.1810558' lon='120.6500657' />
  <node id='4045358092' timestamp='2016-03-07T08:51:41Z' uid='1215520' user='bananatw' visible='true' version='1' changeset='37661037' lat='24.1809977' lon='120.6500839' />
  <node id='4045358093' timestamp='2016-03-07T08:51:41Z' uid='1215520' user='bananatw' visible='true' version='1' changeset='37661037' lat='24.180938' lon='120.6500912' />
  <node id='4045358094' timestamp='2016-03-07T08:51:41Z' uid='1215520' user='bananatw' visible='true' version='1' changeset='37661037' lat='24.1808732' lon='120.6500839' />
  <node id='4045358095' timestamp='2016-03-07T08:51:41Z' uid='1215520' user='bananatw' visible='true' version='1' changeset='37661037' lat='24.1807886' lon='120.6500657' />
  <node id='4045358096' timestamp='2016-03-07T08:51:41Z' uid='1215520' user='bananatw' visible='true' version='1' changeset='37661037' lat='24.1807288' lon='120.6500439' />
  <node id='4045358097' timestamp='2016-03-07T08:51:41Z' uid='1215520' user='bananatw' visible='true' version='1' changeset='37661037' lat='24.1806807' lon='120.6500184' />
  <node id='4045358098' timestamp='2016-03-07T08:51:41Z' uid='1215520' user='bananatw' visible='true' version='1' changeset='37661037' lat='24.1806409' lon='120.6499802' />
  <node id='4045358099' timestamp='2016-03-07T08:51:41Z' uid='1215520' user='bananatw' visible='true' version='1' changeset='37661037' lat='24.1805977' lon='120.6499347' />
  <node id='4045358100' timestamp='2016-03-07T08:51:41Z' uid='1215520' user='bananatw' visible='true' version='1' changeset='37661037' lat='24.1805712' lon='120.6498983' />
  <node id='4045358101' timestamp='2016-03-07T08:51:41Z' uid='1215520' user='bananatw' visible='true' version='1' changeset='37661037' lat='24.1804998' lon='120.6498983' />
  <node id='4045358102' timestamp='2016-03-07T08:51:41Z' uid='1215520' user='bananatw' visible='true' version='1' changeset='37661037' lat='24.1804782' lon='120.6484774' />
  <node id='4045358103' timestamp='2016-03-07T08:51:41Z' uid='1215520' user='bananatw' visible='true' version='1' changeset='37661037' lat='24.1805662' lon='120.6484738' />
  <node id='4045358104' timestamp='2016-03-07T08:51:41Z' uid='1215520' user='bananatw' visible='true' version='1' changeset='37661037' lat='24.1805662' lon='120.6485284' />
  <node id='4045358105' timestamp='2016-03-07T08:51:41Z' uid='1215520' user='bananatw' visible='true' version='1' changeset='37661037' lat='24.1805911' lon='120.6484883' />
  <node id='4045358106' timestamp='2016-03-07T08:51:41Z' uid='1215520' user='bananatw' visible='true' version='1' changeset='37661037' lat='24.1806392' lon='120.6484374' />
  <node id='4045358107' timestamp='2016-03-07T08:51:41Z' uid='1215520' user='bananatw' visible='true' version='1' changeset='37661037' lat='24.180699' lon='120.6484028' />
  <node id='4045358108' timestamp='2016-03-07T08:51:41Z' uid='1215520' user='bananatw' visible='true' version='1' changeset='37661037' lat='24.1807521' lon='120.6483755' />
  <node id='4045358109' timestamp='2016-03-07T08:51:41Z' uid='1215520' user='bananatw' visible='true' version='1' changeset='37661037' lat='24.1808152' lon='120.6483519' />
  <node id='4045358110' timestamp='2016-03-07T08:51:41Z' uid='1215520' user='bananatw' visible='true' version='1' changeset='37661037' lat='24.1808699' lon='120.6483446' />
  <node id='4045358111' timestamp='2016-03-07T08:51:41Z' uid='1215520' user='bananatw' visible='true' version='1' changeset='37661037' lat='24.1809197' lon='120.6483446' />
  <node id='4045358112' timestamp='2016-03-07T08:51:41Z' uid='1215520' user='bananatw' visible='true' version='1' changeset='37661037' lat='24.1809811' lon='120.6483464' />
  <node id='4045358113' timestamp='2016-03-07T08:51:41Z' uid='1215520' user='bananatw' visible='true' version='1' changeset='37661037' lat='24.1810392' lon='120.6483592' />
  <node id='4045358114' timestamp='2016-03-07T08:51:41Z' uid='1215520' user='bananatw' visible='true' version='1' changeset='37661037' lat='24.1811039' lon='120.6483846' />
  <node id='4045358115' timestamp='2016-03-07T08:51:41Z' uid='1215520' user='bananatw' visible='true' version='1' changeset='37661037' lat='24.1811571' lon='120.6484247' />
  <node id='4045358116' timestamp='2016-03-07T08:51:41Z' uid='1215520' user='bananatw' visible='true' version='1' changeset='37661037' lat='24.1812052' lon='120.6484683' />
  <node id='4045358117' timestamp='2016-03-07T08:51:41Z' uid='1215520' user='bananatw' visible='true' version='1' changeset='37661037' lat='24.1812483' lon='120.6485247' />
  <node id='4045358118' timestamp='2016-03-07T08:51:41Z' uid='1215520' user='bananatw' visible='true' version='1' changeset='37661037' lat='24.1813064' lon='120.6485211' />
  <node id='4045358119' timestamp='2016-03-07T08:51:41Z' uid='1215520' user='bananatw' visible='true' version='1' changeset='37661037' lat='24.1812517' lon='120.6497' />
  <node id='4045358120' timestamp='2016-03-07T08:51:41Z' uid='1215520' user='bananatw' visible='true' version='1' changeset='37661037' lat='24.1812268' lon='120.6487194' />
  <node id='4045358122' timestamp='2016-03-07T08:51:41Z' uid='1215520' user='bananatw' visible='true' version='1' changeset='37661037' lat='24.1811654' lon='120.6485738' />
  <node id='4045358123' timestamp='2016-03-07T08:51:41Z' uid='1215520' user='bananatw' visible='true' version='1' changeset='37661037' lat='24.1811239' lon='120.6485247' />
  <node id='4045358124' timestamp='2016-03-07T08:51:41Z' uid='1215520' user='bananatw' visible='true' version='1' changeset='37661037' lat='24.1810658' lon='120.6484774' />
  <node id='4045358126' timestamp='2016-03-07T08:51:41Z' uid='1215520' user='bananatw' visible='true' version='1' changeset='37661037' lat='24.1809363' lon='120.6484338' />
  <node id='4045358128' timestamp='2016-03-07T08:51:42Z' uid='1215520' user='bananatw' visible='true' version='1' changeset='37661037' lat='24.1807886' lon='120.6484574' />
  <node id='4045358129' timestamp='2016-03-07T08:51:42Z' uid='1215520' user='bananatw' visible='true' version='1' changeset='37661037' lat='24.1807338' lon='120.6484883' />
  <node id='4045358130' timestamp='2016-03-07T08:51:42Z' uid='1215520' user='bananatw' visible='true' version='1' changeset='37661037' lat='24.1806741' lon='120.6485447' />
  <node id='4045358131' timestamp='2016-03-07T08:51:42Z' uid='1215520' user='bananatw' visible='true' version='1' changeset='37661037' lat='24.1806359' lon='120.6485902' />
  <node id='4045358132' timestamp='2016-03-07T08:51:42Z' uid='1215520' user='bananatw' visible='true' version='1' changeset='37661037' lat='24.1806011' lon='120.6486521' />
  <node id='4045358134' timestamp='2016-03-07T08:51:42Z' uid='1215520' user='bananatw' visible='true' version='1' changeset='37661037' lat='24.1805994' lon='120.6497164' />
  <node id='4045358136' timestamp='2016-03-07T08:51:42Z' uid='1215520' user='bananatw' visible='true' version='1' changeset='37661037' lat='24.1806608' lon='120.6498565' />
  <node id='4045358137' timestamp='2016-03-07T08:51:42Z' uid='1215520' user='bananatw' visible='true' version='1' changeset='37661037' lat='24.1807073' lon='120.6499129' />
  <node id='4045358138' timestamp='2016-03-07T08:51:42Z' uid='1215520' user='bananatw' visible='true' version='1' changeset='37661037' lat='24.1807703' lon='120.6499547' />
  <node id='4045358139' timestamp='2016-03-07T08:51:42Z' uid='1215520' user='bananatw' visible='true' version='1' changeset='37661037' lat='24.1808384' lon='120.6499802' />
  <node id='4045358140' timestamp='2016-03-07T08:51:42Z' uid='1215520' user='bananatw' visible='true' version='1' changeset='37661037' lat='24.1809064' lon='120.6499929' />
  <node id='4045358141' timestamp='2016-03-07T08:51:42Z' uid='1215520' user='bananatw' visible='true' version='1' changeset='37661037' lat='24.1809844' lon='120.6499857' />
  <node id='4045358142' timestamp='2020-03-05T07:40:33Z' uid='6421436' user='SXCKH' visible='true' version='2' changeset='81809849' lat='24.1810522' lon='120.6499513' />
  <node id='4045358143' timestamp='2020-03-05T07:40:33Z' uid='6421436' user='SXCKH' visible='true' version='2' changeset='81809849' lat='24.1810945' lon='120.6499199' />
  <node id='4045358144' timestamp='2016-03-07T08:51:42Z' uid='1215520' user='bananatw' visible='true' version='1' changeset='37661037' lat='24.1811803' lon='120.6498565' />
  <node id='4045358145' timestamp='2016-03-07T08:51:42Z' uid='1215520' user='bananatw' visible='true' version='1' changeset='37661037' lat='24.1812234' lon='120.6497983' />
  <node id='4071180389' timestamp='2026-01-30T02:24:26Z' uid='274857' user='Supaplex' visible='true' version='7' changeset='177871735' lat='24.1783763' lon='120.6498592'>
    <tag k='addr:city' v='台中市' />
    <tag k='addr:housename' v='逢甲大學商學大樓六樓' />
    <tag k='addr:postcode' v='407' />
    <tag k='addr:street' v='逢大路' />
    <tag k='amenity' v='restaurant' />
    <tag k='cuisine' v='簡餐' />
    <tag k='delivery' v='no' />
    <tag k='name' v='沙嗑蘭女士咖啡館' />
    <tag k='name:en' v='Lady Succulents Cafe' />
    <tag k='name:zh' v='沙嗑蘭女士咖啡館' />
    <tag k='opening_hours' v='Mo-Fr 09:00-18:30' />
    <tag k='shop' v='coffee' />
    <tag k='smoking' v='no' />
    <tag k='takeaway' v='yes' />
    <tag k='wheelchair' v='yes' />
  </node>
  <node id='4071197329' timestamp='2016-03-21T12:35:40Z' uid='1239011' user='Peter Chung' visible='true' version='2' changeset='37975914' lat='24.1782465' lon='120.6501696'>
    <tag k='amenity' v='parking_entrance' />
    <tag k='level' v='6' />
    <tag k='name' v='商學大樓地下停車場出入口' />
  </node>
  <node id='4072620304' timestamp='2016-03-24T13:53:45Z' uid='3694277' user='王奕舜' visible='true' version='2' changeset='38041958' lat='24.1790678' lon='120.6489899' />
  <node id='4072620305' timestamp='2016-03-24T13:53:45Z' uid='3694277' user='王奕舜' visible='true' version='2' changeset='38041958' lat='24.1790551' lon='120.6484374' />
  <node id='4072925894' timestamp='2016-06-06T17:45:07Z' uid='274857' user='Supaplex' visible='true' version='2' changeset='39844235' lat='24.1782341' lon='120.6491307'>
    <tag k='amenity' v='drinking_water' />
  </node>
  <node id='4072926337' timestamp='2023-01-15T08:53:40Z' uid='274857' user='Supaplex' visible='true' version='4' changeset='131289862' lat='24.1783616' lon='120.6482618'>
    <tag k='artwork_type' v='statue' />
    <tag k='name' v='丘逢甲紀念銅像' />
    <tag k='subject:wikidata' v='Q718166' />
    <tag k='subject:wikipedia' v='zh:丘逢甲' />
    <tag k='tourism' v='artwork' />
  </node>
  <node id='4072937099' timestamp='2025-06-21T01:50:58Z' uid='18325668' user='EMU800' visible='true' version='4' changeset='167895697' lat='24.1787657' lon='120.6465498' />
  <node id='4072937100' timestamp='2025-06-21T01:50:58Z' uid='18325668' user='EMU800' visible='true' version='4' changeset='167895697' lat='24.1787654' lon='120.6465927' />
  <node id='4072937101' timestamp='2025-06-21T01:50:58Z' uid='18325668' user='EMU800' visible='true' version='4' changeset='167895697' lat='24.1787334' lon='120.6465923' />
  <node id='4072937102' timestamp='2025-06-21T01:50:58Z' uid='18325668' user='EMU800' visible='true' version='4' changeset='167895697' lat='24.1787318' lon='120.6466357' />
  <node id='4072937103' timestamp='2025-06-21T01:50:58Z' uid='18325668' user='EMU800' visible='true' version='3' changeset='167895697' lat='24.1786939' lon='120.6466361' />
  <node id='4072937104' timestamp='2025-06-21T01:50:58Z' uid='18325668' user='EMU800' visible='true' version='3' changeset='167895697' lat='24.1786955' lon='120.6465494' />
  <node id='4072948982' timestamp='2016-03-24T09:32:38Z' uid='3687326' user='yuan-chi' visible='true' version='2' changeset='38037091' lat='24.1797295' lon='120.6487114'>
    <tag k='name' v='apple推廣體驗區' />
  </node>
  <node id='4072948983' timestamp='2025-06-21T01:50:58Z' uid='18325668' user='EMU800' visible='true' version='4' changeset='167895697' lat='24.1781659' lon='120.6472449' />
  <node id='4072948984' timestamp='2025-06-21T01:50:58Z' uid='18325668' user='EMU800' visible='true' version='4' changeset='167895697' lat='24.1781832' lon='120.6478924' />
  <node id='4072956376' timestamp='2016-03-22T08:28:46Z' uid='3694276' user='kk821223' visible='true' version='2' changeset='37994315' lat='24.1808503' lon='120.6487411'>
    <tag k='leisure' v='pitch' />
    <tag k='name' v='橄欖球門' />
    <tag k='sport' v='football' />
  </node>
  <node id='4072956377' timestamp='2016-03-28T13:02:20Z' uid='3755142' user='李懿軒' visible='true' version='2' changeset='38120035' lat='24.1813286' lon='120.6493433'>
    <tag k='leisure' v='pitch' />
    <tag k='name' v='橄欖球門' />
  </node>
  <node id='4072956378' timestamp='2016-03-28T13:16:01Z' uid='3755144' user='江志展' visible='true' version='4' changeset='38120314' lat='24.1813528' lon='120.650071'>
    <tag k='leisure' v='pitch' />
    <tag k='name' v='單槓' />
  </node>
  <node id='4072956379' timestamp='2016-03-28T13:18:48Z' uid='3755144' user='江志展' visible='true' version='5' changeset='38120369' lat='24.1811428' lon='120.6500561'>
    <tag k='leisure' v='pitch' />
    <tag k='name' v='單槓' />
  </node>
  <node id='4072956380' timestamp='2016-03-22T08:22:02Z' uid='3694276' user='kk821223' visible='true' version='1' changeset='37994192' lat='24.1813788' lon='120.6500715'>
    <tag k='leisure' v='pitch' />
    <tag k='name' v='鉛球投擲點' />
  </node>
  <node id='4072956381' timestamp='2016-03-22T08:22:02Z' uid='3694276' user='kk821223' visible='true' version='1' changeset='37994192' lat='24.180958' lon='120.6485587'>
    <tag k='leisure' v='pitch' />
    <tag k='name' v='田徑場' />
  </node>
  <node id='4072956382' timestamp='2016-03-22T08:22:02Z' uid='3694276' user='kk821223' visible='true' version='1' changeset='37994192' lat='24.1816478' lon='120.6491803'>
    <tag k='description' v='二樓' />
    <tag k='leisure' v='pitch' />
    <tag k='lit' v='yes' />
    <tag k='name' v='第一健身房' />
  </node>
  <node id='4074596991' timestamp='2016-03-24T10:00:28Z' uid='3694277' user='王奕舜' visible='true' version='2' changeset='38037543' lat='24.1814265' lon='120.647239' />
  <node id='4074596992' timestamp='2016-03-24T10:00:28Z' uid='3694277' user='王奕舜' visible='true' version='2' changeset='38037543' lat='24.1814271' lon='120.6473207' />
  <node id='4074596993' timestamp='2016-03-24T10:00:28Z' uid='3694277' user='王奕舜' visible='true' version='2' changeset='38037543' lat='24.1813746' lon='120.6473212' />
  <node id='4074596994' timestamp='2016-03-24T10:00:28Z' uid='3694277' user='王奕舜' visible='true' version='2' changeset='38037543' lat='24.181374' lon='120.6472396' />
  <node id='4074596996' timestamp='2016-03-24T04:35:49Z' uid='3352128' user='wangjrwey' visible='true' version='2' changeset='38033047' lat='24.1817045' lon='120.649091'>
    <tag k='leisure' v='sports_centre' />
    <tag k='name' v='第二健身房' />
  </node>
  <node id='4074596997' timestamp='2016-03-24T15:45:46Z' uid='274857' user='Supaplex' visible='true' version='2' changeset='38043990' lat='24.1814715' lon='120.6468284'>
    <tag k='amenity' v='bench' />
    <tag k='name' v='休憩桌椅' />
  </node>
  <node id='4074596998' timestamp='2016-12-23T08:30:56Z' uid='4615898' user='baloona' visible='true' version='3' changeset='44614979' lat='24.179189' lon='120.646896'>
    <tag k='fixme' v='please help us with &quot;space = space&quot;: amenity=?' />
    <tag k='name' v='B1休憩空間' />
  </node>
  <node id='4074596999' timestamp='2016-03-23T05:35:48Z' uid='3694290' user='康大文' visible='true' version='1' changeset='38013103' lat='24.179822' lon='120.6470591'>
    <tag k='name' v='1F休憩空間' />
  </node>
  <node id='4074597000' timestamp='2016-03-24T15:45:49Z' uid='274857' user='Supaplex' visible='true' version='2' changeset='38043990' lat='24.1808506' lon='120.6473074'>
    <tag k='amenity' v='water_point' />
    <tag k='name' v='緊急沖洗處' />
  </node>
  <node id='4074597003' timestamp='2018-03-15T05:51:37Z' uid='1224430' user='Vintagejhan' visible='true' version='2' changeset='57199389' lat='24.1783805' lon='120.6486624' />
  <node id='4074597004' timestamp='2020-03-05T00:35:33Z' uid='6421436' user='SXCKH' visible='true' version='3' changeset='81796221' lat='24.1783931' lon='120.649389' />
  <node id='4074597005' timestamp='2020-03-05T00:35:33Z' uid='6421436' user='SXCKH' visible='true' version='2' changeset='81796221' lat='24.1789665' lon='120.6493917' />
  <node id='4074597006' timestamp='2020-03-05T00:35:33Z' uid='6421436' user='SXCKH' visible='true' version='3' changeset='81796221' lat='24.1790249' lon='120.6493935' />
  <node id='4074597007' timestamp='2017-05-01T10:03:35Z' uid='1293194' user='nevw' visible='true' version='3' changeset='48302557' lat='24.1817432' lon='120.6483213'>
    <tag k='leisure' v='pitch' />
    <tag k='lit' v='yes' />
    <tag k='name' v='室內籃球場' />
    <tag k='sport' v='basketball' />
  </node>
  <node id='4074597008' timestamp='2017-05-01T10:03:35Z' uid='1293194' user='nevw' visible='true' version='2' changeset='48302557' lat='24.1817748' lon='120.6489839' />
  <node id='4074597010' timestamp='2017-05-01T10:03:35Z' uid='1293194' user='nevw' visible='true' version='2' changeset='48302557' lat='24.181397' lon='120.6482905' />
  <node id='4074597011' timestamp='2017-05-01T10:03:35Z' uid='1293194' user='nevw' visible='true' version='2' changeset='48302557' lat='24.181398' lon='120.648974' />
  <node id='4074606397' timestamp='2016-03-23T05:46:56Z' uid='3694290' user='康大文' visible='true' version='1' changeset='38013219' lat='24.1791556' lon='120.6471596'>
    <tag k='amenity' v='vending_machine' />
    <tag k='name' v='販賣機' />
    <tag k='vending' v='drinks' />
  </node>
  <node id='4074606398' timestamp='2016-03-23T05:46:56Z' uid='3694290' user='康大文' visible='true' version='1' changeset='38013219' lat='24.1791601' lon='120.6471373'>
    <tag k='access' v='yes' />
    <tag k='amenity' v='toilets' />
    <tag k='male' v='yes' />
    <tag k='name' v='男廁' />
  </node>
  <node id='4074606399' timestamp='2016-03-23T05:46:56Z' uid='3694290' user='康大文' visible='true' version='1' changeset='38013219' lat='24.1791906' lon='120.6467761'>
    <tag k='amenity' v='toilets' />
    <tag k='female' v='yes' />
    <tag k='name' v='女廁' />
  </node>
  <node id='4074606400' timestamp='2025-05-10T03:43:36Z' uid='274857' user='Supaplex' visible='true' version='4' changeset='166052313' lat='24.1804073' lon='120.6466626'>
    <tag k='amenity' v='clinic' />
    <tag k='healthcare' v='clinic' />
    <tag k='name' v='林新診所' />
  </node>
  <node id='4074606401' timestamp='2024-08-12T11:33:04Z' uid='12620959' user='twF6wdEYwL' visible='true' version='2' changeset='155142942' lat='24.1806938' lon='120.6464547' />
  <node id='4074606402' timestamp='2024-08-12T11:33:04Z' uid='12620959' user='twF6wdEYwL' visible='true' version='2' changeset='155142942' lat='24.1806949' lon='120.6465057' />
  <node id='4074606403' timestamp='2024-08-12T11:33:04Z' uid='12620959' user='twF6wdEYwL' visible='true' version='2' changeset='155142942' lat='24.1790651' lon='120.6465494' />
  <node id='4074606404' timestamp='2024-08-12T11:33:04Z' uid='12620959' user='twF6wdEYwL' visible='true' version='2' changeset='155142942' lat='24.1790639' lon='120.6464984' />
  <node id='4074616533' timestamp='2016-03-23T06:12:59Z' uid='3737420' user='陳🐟均' visible='true' version='1' changeset='38013485' lat='24.1805493' lon='120.6489559'>
    <tag k='name' v='休憩區' />
  </node>
  <node id='4074616534' timestamp='2016-03-28T13:15:38Z' uid='3755144' user='江志展' visible='true' version='3' changeset='38120307' lat='24.1812237' lon='120.6483694'>
    <tag k='name' v='攀岩場' />
    <tag k='sport' v='climbing' />
  </node>
  <node id='4074617313' timestamp='2016-03-25T05:34:17Z' uid='3692942' user='Jia Chian' visible='true' version='3' changeset='38055159' lat='24.1817026' lon='120.6494995'>
    <tag k='name' v='游泳換裝室' />
  </node>
  <node id='4074617314' timestamp='2016-03-23T06:18:33Z' uid='3737420' user='陳🐟均' visible='true' version='1' changeset='38013553' lat='24.1816647' lon='120.6494255'>
    <tag k='name' v='下水前沖洗區' />
  </node>
  <node id='4074617315' timestamp='2016-03-25T08:35:22Z' uid='3352128' user='wangjrwey' visible='true' version='2' changeset='38057664' lat='24.1816647' lon='120.6496326'>
    <tag k='emergency' v='ambulance_station' />
    <tag k='name' v='救生圈' />
  </node>
  <node id='4074629510' timestamp='2016-03-28T13:13:58Z' uid='3755144' user='江志展' visible='true' version='2' changeset='38120266' lat='24.1801516' lon='120.6497997'>
    <tag k='amenity' v='bench' />
    <tag k='name' v='排球場休憩區' />
  </node>
  <node id='4074629512' timestamp='2016-03-24T15:45:49Z' uid='274857' user='Supaplex' visible='true' version='3' changeset='38043990' lat='24.1793379' lon='120.648661'>
    <tag k='emergency' v='check_point' />
    <tag k='name' v='積學堂;校警巡邏點' />
  </node>
  <node id='4074641165' timestamp='2016-03-23T06:47:31Z' uid='3737420' user='陳🐟均' visible='true' version='1' changeset='38013889' lat='24.178499' lon='120.6478124'>
    <tag k='name' v='教官室' />
  </node>
  <node id='4074641166' timestamp='2016-03-28T09:30:02Z' uid='3715415' user='洪靖嵐' visible='true' version='2' changeset='38115836' lat='24.1781204' lon='120.6474722'>
    <tag k='amenity' v='motorcycle_parking' />
    <tag k='name' v='機車停車場' />
  </node>
  <node id='4074641168' timestamp='2016-06-06T17:45:07Z' uid='274857' user='Supaplex' visible='true' version='3' changeset='39844235' lat='24.1782898' lon='120.648255'>
    <tag k='amenity' v='drinking_water' />
  </node>
  <node id='4074641169' timestamp='2016-03-24T13:28:34Z' uid='3694277' user='王奕舜' visible='true' version='2' changeset='38041391' lat='24.1791854' lon='120.6500704'>
    <tag k='amenity' v='toilets' />
    <tag k='name' v='男女廁所' />
    <tag k='unisex' v='yes' />
  </node>
  <node id='4074641171' timestamp='2024-10-09T19:07:17Z' uid='557496' user='claudia10' visible='true' version='5' changeset='157686277' lat='24.1795996' lon='120.6466566'>
    <tag k='amenity' v='smoking_area' />
    <tag k='name' v='語言大樓吸菸區' />
  </node>
  <node id='4074659827' timestamp='2016-03-24T15:45:51Z' uid='274857' user='Supaplex' visible='true' version='2' changeset='38043990' lat='24.1817934' lon='120.6478528' />
  <node id='4074659828' timestamp='2025-06-21T01:50:58Z' uid='18325668' user='EMU800' visible='true' version='4' changeset='167895697' lat='24.1783501' lon='120.649949'>
    <tag k='emergency' v='defibrillator' />
    <tag k='name' v='商學大樓AED' />
  </node>
  <node id='4074659829' timestamp='2016-03-25T08:35:22Z' uid='3352128' user='wangjrwey' visible='true' version='3' changeset='38057664' lat='24.1803683' lon='120.6491092'>
    <tag k='name' v='借用體育器材處' />
    <tag k='office' v='yes' />
  </node>
  <node id='4074659830' timestamp='2016-03-25T15:08:03Z' uid='3715426' user='黃建諭' visible='true' version='2' changeset='38064719' lat='24.1781397' lon='120.6474427'>
    <tag k='leisure' v='bird_hide' />
    <tag k='name' v='第一車棚管理處' />
  </node>
  <node id='4074659831' timestamp='2020-06-03T06:46:03Z' uid='10696964' user='Tzchung' visible='true' version='3' changeset='86115575' lat='24.178246' lon='120.648518'>
    <tag k='amenity' v='toilets' />
    <tag k='level' v='2' />
    <tag k='name' v='男女分廁' />
  </node>
  <node id='4074659832' timestamp='2016-03-29T07:55:27Z' uid='3755834' user='薛禹康' visible='true' version='4' changeset='38138072' lat='24.1806554' lon='120.6471566'>
    <tag k='description' v='可購買上課用書' />
    <tag k='name' v='敦煌書局臨時購書處' />
    <tag k='shop' v='books' />
  </node>
  <node id='4074675496' timestamp='2019-12-02T04:30:54Z' uid='1289275' user='Y12' visible='true' version='5' changeset='77798437' lat='24.1816344' lon='120.6465641'>
    <tag k='amenity' v='restaurant' />
    <tag k='cuisine' v='chinese' />
    <tag k='delivery' v='yes' />
    <tag k='outdoor_seating' v='no' />
    <tag k='smoking' v='no' />
    <tag k='takeaway' v='yes' />
    <tag k='wheelchair' v='limited' />
  </node>
  <node id='4074675497' timestamp='2016-06-06T17:45:07Z' uid='274857' user='Supaplex' visible='true' version='3' changeset='39844235' lat='24.1813324' lon='120.6468553'>
    <tag k='amenity' v='drinking_water' />
  </node>
  <node id='4074804846' timestamp='2017-06-20T15:12:56Z' uid='4588768' user='ywlmns' visible='true' version='3' changeset='49696355' lat='24.1790944' lon='120.6474524'>
    <tag k='amenity' v='vending_machine' />
    <tag k='payment:cards' v='yes' />
    <tag k='payment:coins' v='yes' />
    <tag k='vending' v='drinks' />
  </node>
  <node id='4074804847' timestamp='2016-03-28T13:09:46Z' uid='3755144' user='江志展' visible='true' version='3' changeset='38120180' lat='24.179094' lon='120.6476653'>
    <tag k='amenity' v='vending_machine' />
    <tag k='name' v='飲水機' />
    <tag k='vending' v='drinks' />
  </node>
  <node id='4074804848' timestamp='2020-06-03T06:27:44Z' uid='10696964' user='Tzchung' visible='true' version='2' changeset='86114447' lat='24.1783256' lon='120.6476963'>
    <tag k='amenity' v='vending_machine' />
    <tag k='vending' v='drinks' />
  </node>
  <node id='4074804849' timestamp='2016-03-23T09:18:50Z' uid='3715452' user='3333333333333333333333333' visible='true' version='1' changeset='38015889' lat='24.1781794' lon='120.6487393'>
    <tag k='amenity' v='vending_machine' />
    <tag k='vending' v='drinks' />
  </node>
  <node id='4074804850' timestamp='2016-03-23T15:08:06Z' uid='3672315' user='Yin1020' visible='true' version='2' changeset='38022179' lat='24.1815326' lon='120.6488762'>
    <tag k='amenity' v='vending_machine' />
    <tag k='vending' v='drinks' />
  </node>
  <node id='4074804851' timestamp='2016-03-23T09:18:50Z' uid='3715452' user='3333333333333333333333333' visible='true' version='1' changeset='38015889' lat='24.1808968' lon='120.6467537'>
    <tag k='amenity' v='vending_machine' />
    <tag k='vending' v='drinks' />
  </node>
  <node id='4074804852' timestamp='2016-03-28T13:15:14Z' uid='3755144' user='江志展' visible='true' version='3' changeset='38120299' lat='24.1802851' lon='120.6493157'>
    <tag k='amenity' v='vending_machine' />
    <tag k='name' v='飲料販賣機' />
  </node>
  <node id='4074900757' timestamp='2016-03-25T15:08:03Z' uid='3715426' user='黃建諭' visible='true' version='2' changeset='38064719' lat='24.1803986' lon='120.6469278'>
    <tag k='amenity' v='vending_machine' />
    <tag k='vending' v='drinks' />
  </node>
  <node id='4074900758' timestamp='2016-03-23T10:26:38Z' uid='3715452' user='3333333333333333333333333' visible='true' version='1' changeset='38017109' lat='24.1800356' lon='120.6468278'>
    <tag k='amenity' v='vending_machine' />
    <tag k='vending' v='drinks' />
  </node>
  <node id='4075097852' timestamp='2016-03-23T12:03:13Z' uid='3694247' user='DHcsr' visible='true' version='1' changeset='38018807' lat='24.1783361' lon='120.6485557'>
    <tag k='leisure' v='firepit' />
    <tag k='name' v='滅火器' />
  </node>
  <node id='4075097853' timestamp='2019-05-27T15:52:26Z' uid='1942781' user='yellowsoar' visible='true' version='5' changeset='70666519' lat='24.1783453' lon='120.6484404'>
    <tag k='emergency' v='fire_extinguisher' />
  </node>
  <node id='4075097854' timestamp='2016-03-23T14:39:56Z' uid='3672315' user='Yin1020' visible='true' version='2' changeset='38021629' lat='24.1783158' lon='120.6481497'>
    <tag k='leisure' v='firepit' />
    <tag k='name' v='滅火器' />
  </node>
  <node id='4075097856' timestamp='2016-03-26T08:42:55Z' uid='274857' user='Supaplex' visible='true' version='4' changeset='38078178' lat='24.1814041' lon='120.6473749' />
  <node id='4075097857' timestamp='2016-03-26T08:42:55Z' uid='274857' user='Supaplex' visible='true' version='4' changeset='38078178' lat='24.1815461' lon='120.6473585' />
  <node id='4075097858' timestamp='2020-03-05T07:40:33Z' uid='6421436' user='SXCKH' visible='true' version='4' changeset='81809849' lat='24.1815461' lon='120.6472751' />
  <node id='4075097859' timestamp='2016-03-24T09:56:45Z' uid='3694277' user='王奕舜' visible='true' version='3' changeset='38037490' lat='24.1816208' lon='120.647236' />
  <node id='4075097864' timestamp='2016-03-23T12:03:14Z' uid='3694247' user='DHcsr' visible='true' version='1' changeset='38018807' lat='24.1815327' lon='120.6476029' />
  <node id='4075097865' timestamp='2016-03-23T12:03:14Z' uid='3694247' user='DHcsr' visible='true' version='1' changeset='38018807' lat='24.1814777' lon='120.6475868' />
  <node id='4075097866' timestamp='2016-03-23T12:03:14Z' uid='3694247' user='DHcsr' visible='true' version='1' changeset='38018807' lat='24.181463' lon='120.6476149' />
  <node id='4075097867' timestamp='2016-03-23T12:03:14Z' uid='3694247' user='DHcsr' visible='true' version='1' changeset='38018807' lat='24.1814361' lon='120.6476512' />
  <node id='4075097869' timestamp='2016-03-23T12:03:14Z' uid='3694247' user='DHcsr' visible='true' version='1' changeset='38018807' lat='24.1814434' lon='120.6477169' />
  <node id='4075097870' timestamp='2016-03-23T12:03:14Z' uid='3694247' user='DHcsr' visible='true' version='1' changeset='38018807' lat='24.1814287' lon='120.6477584' />
  <node id='4075097871' timestamp='2016-03-23T12:03:14Z' uid='3694247' user='DHcsr' visible='true' version='1' changeset='38018807' lat='24.1814324' lon='120.6478175' />
  <node id='4075097872' timestamp='2016-03-23T12:03:14Z' uid='3694247' user='DHcsr' visible='true' version='1' changeset='38018807' lat='24.1814752' lon='120.6478496' />
  <node id='4075097873' timestamp='2016-03-23T12:03:14Z' uid='3694247' user='DHcsr' visible='true' version='1' changeset='38018807' lat='24.1814752' lon='120.6478657' />
  <node id='4075097874' timestamp='2016-03-26T08:42:55Z' uid='274857' user='Supaplex' visible='true' version='2' changeset='38078178' lat='24.1814486' lon='120.6479071' />
  <node id='4075097875' timestamp='2016-03-26T08:42:55Z' uid='274857' user='Supaplex' visible='true' version='3' changeset='38078178' lat='24.1814157' lon='120.6479095' />
  <node id='4075097876' timestamp='2016-03-24T09:58:27Z' uid='3694277' user='王奕舜' visible='true' version='2' changeset='38037517' lat='24.1813863' lon='120.6478998' />
  <node id='4075097877' timestamp='2016-03-26T08:42:55Z' uid='274857' user='Supaplex' visible='true' version='2' changeset='38078178' lat='24.1813964' lon='120.6478273' />
  <node id='4075097879' timestamp='2016-03-23T12:03:14Z' uid='3694247' user='DHcsr' visible='true' version='1' changeset='38018807' lat='24.1815144' lon='120.6471308' />
  <node id='4075097880' timestamp='2016-03-23T12:03:14Z' uid='3694247' user='DHcsr' visible='true' version='1' changeset='38018807' lat='24.1815156' lon='120.6471938' />
  <node id='4075097881' timestamp='2016-03-23T12:03:14Z' uid='3694247' user='DHcsr' visible='true' version='1' changeset='38018807' lat='24.1813786' lon='120.6471992' />
  <node id='4075097882' timestamp='2016-03-23T12:03:14Z' uid='3694247' user='DHcsr' visible='true' version='1' changeset='38018807' lat='24.1813774' lon='120.6471322' />
  <node id='4075097883' timestamp='2016-03-24T15:45:49Z' uid='274857' user='Supaplex' visible='true' version='2' changeset='38043990' lat='24.1802188' lon='120.6471617'>
    <tag k='name' v='茶藝社社辦' />
    <tag k='office' v='yes' />
  </node>
  <node id='4075097884' timestamp='2016-03-25T15:08:04Z' uid='3715426' user='黃建諭' visible='true' version='4' changeset='38064719' lat='24.1791089' lon='120.646815'>
    <tag k='name' v='成績單列印機' />
    <tag k='shop' v='kiosk' />
  </node>
  <node id='4075097885' timestamp='2016-03-23T12:03:14Z' uid='3694247' user='DHcsr' visible='true' version='1' changeset='38018807' lat='24.178216' lon='120.649353'>
    <tag k='amenity' v='toilets' />
    <tag k='name' v='男女分廁' />
  </node>
  <node id='4075097886' timestamp='2016-03-23T12:03:14Z' uid='3694247' user='DHcsr' visible='true' version='1' changeset='38018807' lat='24.1797698' lon='120.6485618'>
    <tag k='amenity' v='toilets' />
    <tag k='name' v='女廁' />
  </node>
  <node id='4075097887' timestamp='2016-03-24T10:09:09Z' uid='3694277' user='王奕舜' visible='true' version='3' changeset='38037685' lat='24.1803052' lon='120.6490499'>
    <tag k='amenity' v='toilets' />
    <tag k='name' v='男廁' />
  </node>
  <node id='4075097888' timestamp='2016-03-23T15:07:25Z' uid='3672315' user='Yin1020' visible='true' version='2' changeset='38022168' lat='24.1797629' lon='120.6498492'>
    <tag k='military' v='training_area' />
    <tag k='name' v='桌球室' />
  </node>
  <node id='4075098789' timestamp='2016-06-06T17:45:07Z' uid='274857' user='Supaplex' visible='true' version='2' changeset='39844235' lat='24.1797698' lon='120.6497366'>
    <tag k='amenity' v='drinking_water' />
  </node>
  <node id='4075098790' timestamp='2016-03-28T17:08:24Z' uid='3715460' user='Soulwind' visible='true' version='3' changeset='38125083' lat='24.1815413' lon='120.648716'>
    <tag k='name' v='運動器材借用處' />
    <tag k='office' v='yes' />
    <tag k='smoking' v='no' />
  </node>
  <node id='4075098791' timestamp='2024-10-09T18:36:47Z' uid='10957286' user='Winston Sung' visible='true' version='6' changeset='157685108' lat='24.1783374' lon='120.6476964'>
    <tag k='amenity' v='atm' />
    <tag k='brand' v='台新國際商業銀行' />
    <tag k='brand:en' v='Taishin International Bank' />
    <tag k='brand:wikidata' v='Q7676420' />
    <tag k='brand:zh' v='台新國際商業銀行' />
    <tag k='name' v='台新國際商業銀行ATM' />
    <tag k='name:en' v='Taishin International Bank' />
    <tag k='name:nan' v='Tâi-sin Kok-chè Siong-gia̍p Gîn-hâng' />
    <tag k='name:nan-Hant' v='台新國際商業銀行' />
    <tag k='name:nan-Latn-pehoeji' v='Tâi-sin Kok-chè Siong-gia̍p Gîn-hâng' />
    <tag k='name:nan-Latn-tailo' v='Tâi-sin Kok-tsè Siong-gia̍p Gîn-hâng' />
    <tag k='name:zh' v='台新國際商業銀行' />
    <tag k='operator' v='台新國際商業銀行' />
    <tag k='operator:wikidata' v='Q7676420' />
  </node>
  <node id='4075098792' timestamp='2016-03-25T15:08:03Z' uid='3715426' user='黃建諭' visible='true' version='2' changeset='38064719' lat='24.1785597' lon='120.6476767'>
    <tag k='name' v='1F休憩區' />
  </node>
  <node id='4075098793' timestamp='2016-03-28T13:17:12Z' uid='3755144' user='江志展' visible='true' version='2' changeset='38120342' lat='24.1796731' lon='120.6468505'>
    <tag k='amenity' v='drinking_water' />
  </node>
  <node id='4075098794' timestamp='2016-03-23T12:03:14Z' uid='3694247' user='DHcsr' visible='true' version='1' changeset='38018807' lat='24.1797393' lon='120.6472578'>
    <tag k='amenity' v='toilets' />
    <tag k='name' v='男女分廁' />
  </node>
  <node id='4075098795' timestamp='2016-03-23T12:03:14Z' uid='3694247' user='DHcsr' visible='true' version='1' changeset='38018807' lat='24.1795297' lon='120.6491868' />
  <node id='4075098796' timestamp='2016-03-23T12:03:14Z' uid='3694247' user='DHcsr' visible='true' version='1' changeset='38018807' lat='24.1794945' lon='120.6491868' />
  <node id='4075098797' timestamp='2016-03-23T12:03:15Z' uid='3694247' user='DHcsr' visible='true' version='1' changeset='38018807' lat='24.1795112' lon='120.6500711' />
  <node id='4075098798' timestamp='2016-03-23T12:03:15Z' uid='3694247' user='DHcsr' visible='true' version='1' changeset='38018807' lat='24.1795446' lon='120.6500711' />
  <node id='4075098799' timestamp='2020-03-05T17:45:45Z' uid='274857' user='Supaplex' visible='true' version='2' changeset='81833375' lat='24.1796442' lon='120.6491292' />
  <node id='4075098800' timestamp='2020-03-05T17:45:45Z' uid='274857' user='Supaplex' visible='true' version='2' changeset='81833375' lat='24.1795902' lon='120.6491308' />
  <node id='4075098801' timestamp='2020-03-05T17:45:45Z' uid='274857' user='Supaplex' visible='true' version='2' changeset='81833375' lat='24.1796081' lon='120.6498503' />
  <node id='4075098802' timestamp='2020-03-05T17:45:45Z' uid='274857' user='Supaplex' visible='true' version='2' changeset='81833375' lat='24.1796622' lon='120.6498487' />
  <node id='4075098803' timestamp='2016-03-23T12:03:15Z' uid='3694247' user='DHcsr' visible='true' version='1' changeset='38018807' lat='24.1797411' lon='120.6493413'>
    <tag k='name' v='B1創客社區' />
  </node>
  <node id='4075098804' timestamp='2016-03-23T12:03:15Z' uid='3694247' user='DHcsr' visible='true' version='1' changeset='38018807' lat='24.1817976' lon='120.6476135' />
  <node id='4075098805' timestamp='2016-03-23T12:03:15Z' uid='3694247' user='DHcsr' visible='true' version='1' changeset='38018807' lat='24.1817383' lon='120.6476155' />
  <node id='4075098806' timestamp='2016-03-23T12:03:15Z' uid='3694247' user='DHcsr' visible='true' version='1' changeset='38018807' lat='24.1817364' lon='120.6480302' />
  <node id='4075098807' timestamp='2016-03-23T12:03:15Z' uid='3694247' user='DHcsr' visible='true' version='1' changeset='38018807' lat='24.1817976' lon='120.6480322' />
  <node id='4075098808' timestamp='2016-03-23T12:03:15Z' uid='3694247' user='DHcsr' visible='true' version='1' changeset='38018807' lat='24.1797281' lon='120.6488697'>
    <tag k='amenity' v='parking_space' />
    <tag k='name' v='地下停車場' />
  </node>
  <node id='4075098809' timestamp='2016-03-24T04:35:49Z' uid='3352128' user='wangjrwey' visible='true' version='2' changeset='38033047' lat='24.181325' lon='120.6493336'>
    <tag k='name' v='休息區' />
  </node>
  <node id='4075098810' timestamp='2016-03-28T13:16:55Z' uid='3755144' user='江志展' visible='true' version='3' changeset='38120334' lat='24.1800744' lon='120.6481176'>
    <tag k='amenity' v='bench' />
    <tag k='name' v='休息座椅' />
  </node>
  <node id='4075098811' timestamp='2016-03-23T12:03:15Z' uid='3694247' user='DHcsr' visible='true' version='1' changeset='38018807' lat='24.1812098' lon='120.6466114' />
  <node id='4075098812' timestamp='2017-05-01T10:03:35Z' uid='1293194' user='nevw' visible='true' version='2' changeset='48302557' lat='24.1813062' lon='120.647144' />
  <node id='4075098813' timestamp='2016-03-23T12:03:15Z' uid='3694247' user='DHcsr' visible='true' version='1' changeset='38018807' lat='24.1813229' lon='120.6481318' />
  <node id='4075098817' timestamp='2017-05-01T10:03:35Z' uid='1293194' user='nevw' visible='true' version='2' changeset='48302557' lat='24.1812698' lon='120.6470472' />
  <node id='4075098818' timestamp='2016-03-23T12:03:15Z' uid='3694247' user='DHcsr' visible='true' version='1' changeset='38018807' lat='24.181488' lon='120.6470199' />
  <node id='4075277716' timestamp='2025-06-21T01:50:58Z' uid='18325668' user='EMU800' visible='true' version='5' changeset='167895697' lat='24.1784641' lon='120.6499107'>
    <tag k='amenity' v='atm' />
    <tag k='level' v='1' />
    <tag k='name' v='元大銀行提款機' />
  </node>
  <node id='4075277717' timestamp='2016-03-23T14:55:39Z' uid='3672315' user='Yin1020' visible='true' version='2' changeset='38021958' lat='24.178462' lon='120.6498894'>
    <tag k='amenity' v='bank' />
    <tag k='atm' v='yes' />
    <tag k='level' v='1' />
    <tag k='name' v='國泰世華銀行提款機' />
  </node>
  <node id='4075277719' timestamp='2024-03-01T16:38:42Z' uid='12616326' user='os-emmer' visible='true' version='3' changeset='148103682' lat='24.1784851' lon='120.6501852'>
    <tag k='name' v='東門警衛室' />
  </node>
  <node id='4075277720' timestamp='2016-03-29T11:31:49Z' uid='3694264' user='John Lin' visible='true' version='2' changeset='38142435' lat='24.1787394' lon='120.6479106' />
  <node id='4075277721' timestamp='2016-03-23T14:52:16Z' uid='3672315' user='Yin1020' visible='true' version='2' changeset='38021886' lat='24.1789418' lon='120.6467034' />
  <node id='4075277722' timestamp='2016-03-23T14:52:16Z' uid='3672315' user='Yin1020' visible='true' version='2' changeset='38021886' lat='24.1789956' lon='120.6481751' />
  <node id='4075277723' timestamp='2016-03-23T14:52:16Z' uid='3672315' user='Yin1020' visible='true' version='2' changeset='38021886' lat='24.1787601' lon='120.6481731' />
  <node id='4075277725' timestamp='2018-03-15T05:51:37Z' uid='1224430' user='Vintagejhan' visible='true' version='4' changeset='57199389' lat='24.1797245' lon='120.6501167' />
  <node id='4075278606' timestamp='2020-03-05T07:40:33Z' uid='6421436' user='SXCKH' visible='true' version='3' changeset='81809849' lat='24.1798191' lon='120.6486358'>
    <tag k='level' v='-1' />
    <tag k='name' v='B1采銅廳' />
  </node>
  <node id='4075278607' timestamp='2016-03-23T14:57:04Z' uid='3672315' user='Yin1020' visible='true' version='2' changeset='38021979' lat='24.1804316' lon='120.6495508'>
    <tag k='level' v='1' />
    <tag k='name' v='體操教室' />
  </node>
  <node id='4075279943' timestamp='2020-03-05T07:40:33Z' uid='6421436' user='SXCKH' visible='true' version='4' changeset='81809849' lat='24.1804339' lon='120.647179'>
    <tag k='level' v='1' />
    <tag k='name' v='逢甲實習商店' />
    <tag k='shop' v='convenience' />
  </node>
  <node id='4075283599' timestamp='2016-03-23T14:50:47Z' uid='3672315' user='Yin1020' visible='true' version='1' changeset='38021853' lat='24.1807904' lon='120.6483375'>
    <tag k='name' v='腹肌背肌訓練場' />
  </node>
  <node id='4075283600' timestamp='2016-03-24T10:12:53Z' uid='3694277' user='王奕舜' visible='true' version='3' changeset='38037743' lat='24.1804976' lon='120.6497148' />
  <node id='4075283601' timestamp='2016-03-24T10:12:53Z' uid='3694277' user='王奕舜' visible='true' version='3' changeset='38037743' lat='24.1805037' lon='120.6501081' />
  <node id='4075283602' timestamp='2016-03-24T10:12:53Z' uid='3694277' user='王奕舜' visible='true' version='3' changeset='38037743' lat='24.180347' lon='120.650111' />
  <node id='4075283603' timestamp='2016-03-24T10:12:53Z' uid='3694277' user='王奕舜' visible='true' version='3' changeset='38037743' lat='24.1803409' lon='120.6497177' />
  <node id='4075302908' timestamp='2016-03-23T14:59:31Z' uid='3672315' user='Yin1020' visible='true' version='1' changeset='38022024' lat='24.1818798' lon='120.6481867'>
    <tag k='name' v='體育館停車場出入口' />
  </node>
  <node id='4075303042' timestamp='2016-03-23T15:03:40Z' uid='3672315' user='Yin1020' visible='true' version='1' changeset='38022104' lat='24.1783134' lon='120.6490052'>
    <tag k='level' v='-1' />
    <tag k='name' v='自修室' />
  </node>
  <node id='4075303830' timestamp='2016-03-28T13:09:46Z' uid='3755144' user='江志展' visible='true' version='3' changeset='38120180' lat='24.1787958' lon='120.6483477'>
    <tag k='highway' v='footway' />
    <tag k='name' v='二一步道' />
  </node>
  <node id='4075303899' timestamp='2016-03-29T06:00:22Z' uid='3694264' user='John Lin' visible='true' version='5' changeset='38136012' lat='24.1794324' lon='120.6468394'>
    <tag k='name' v='忠勤樓無障礙坡道' />
    <tag k='wheelchair' v='yes' />
  </node>
  <node id='4075306037' timestamp='2025-06-21T01:50:58Z' uid='18325668' user='EMU800' visible='true' version='3' changeset='167895697' lat='24.1784474' lon='120.649536'>
    <tag k='name' v='法律研究所模擬法庭' />
  </node>
  <node id='4075306403' timestamp='2025-06-21T01:50:58Z' uid='18325668' user='EMU800' visible='true' version='3' changeset='167895697' lat='24.1782948' lon='120.6498687'>
    <tag k='name' v='GIS中心' />
    <tag k='office' v='yes' />
  </node>
  <node id='4075306406' timestamp='2016-03-24T15:45:48Z' uid='274857' user='Supaplex' visible='true' version='2' changeset='38043990' lat='24.1791848' lon='120.6483027'>
    <tag k='name' v='成績列印機' />
    <tag k='shop' v='kiosk' />
  </node>
  <node id='4075308351' timestamp='2016-03-24T15:45:49Z' uid='274857' user='Supaplex' visible='true' version='2' changeset='38043990' lat='24.1798059' lon='120.6499283'>
    <tag k='amenity' v='toilets' />
    <tag k='name' v='男女廁' />
  </node>
  <node id='4075309305' timestamp='2016-03-24T15:45:49Z' uid='274857' user='Supaplex' visible='true' version='2' changeset='38043990' lat='24.1815505' lon='120.6488052'>
    <tag k='amenity' v='vending_machine' />
    <tag k='name' v='販賣機' />
  </node>
  <node id='4075309325' timestamp='2016-03-24T15:45:46Z' uid='274857' user='Supaplex' visible='true' version='2' changeset='38043990' lat='24.1817954' lon='120.648483'>
    <tag k='amenity' v='motorcycle_parking' />
    <tag k='layer' v='-1' />
    <tag k='name' v='b1機車停車場' />
    <tag k='parking' v='underground' />
  </node>
  <node id='4075384390' timestamp='2016-03-24T15:45:46Z' uid='274857' user='Supaplex' visible='true' version='2' changeset='38043990' lat='24.1817602' lon='120.6485251'>
    <tag k='amenity' v='parking' />
    <tag k='layer' v='-1' />
    <tag k='name' v='B2汽車停車場' />
    <tag k='parking' v='underground' />
  </node>
  <node id='4075385709' timestamp='2016-03-28T10:13:26Z' uid='3700780' user='吳兆鴻' visible='true' version='2' changeset='38116801' lat='24.1792978' lon='120.6473516'>
    <tag k='habitat' v='squirrel' />
    <tag k='name' v='松鼠棲息地' />
  </node>
  <node id='4075385711' timestamp='2016-03-23T16:07:50Z' uid='3741510' user='Wang0205' visible='true' version='1' changeset='38023291' lat='24.1797062' lon='120.6487266'>
    <tag k='name' v='1樓蘋果區' />
  </node>
  <node id='4075385712' timestamp='2016-03-23T16:07:50Z' uid='3741510' user='Wang0205' visible='true' version='1' changeset='38023291' lat='24.1781935' lon='120.6486722'>
    <tag k='name' v='休息區' />
  </node>
  <node id='4075385713' timestamp='2025-06-21T01:50:58Z' uid='18325668' user='EMU800' visible='true' version='5' changeset='167895697' lat='24.1788149' lon='120.6465614'>
    <tag k='barrier' v='gate' />
    <tag k='name' v='逢甲大學大門口' />
  </node>
  <node id='4075385714' timestamp='2020-03-05T07:40:33Z' uid='6421436' user='SXCKH' visible='true' version='3' changeset='81809849' lat='24.1784066' lon='120.6502149'>
    <tag k='barrier' v='gate' />
    <tag k='name' v='逢甲大學東門' />
  </node>
  <node id='4075398558' timestamp='2016-03-24T15:45:47Z' uid='274857' user='Supaplex' visible='true' version='2' changeset='38043990' lat='24.1800782' lon='120.6471003'>
    <tag k='name' v='學生會' />
    <tag k='office' v='yes' />
  </node>
  <node id='4075398889' timestamp='2016-03-24T15:45:49Z' uid='274857' user='Supaplex' visible='true' version='2' changeset='38043990' lat='24.1801051' lon='120.6471083'>
    <tag k='name' v='畢聯會' />
    <tag k='office' v='yes' />
  </node>
  <node id='4075400485' timestamp='2016-03-25T15:08:04Z' uid='3715426' user='黃建諭' visible='true' version='2' changeset='38064719' lat='24.1812584' lon='120.6465562'>
    <tag k='amenity' v='college' />
    <tag k='name' v='逢甲摩斯門口' />
  </node>
  <node id='4075401601' timestamp='2020-03-05T07:40:33Z' uid='6421436' user='SXCKH' visible='true' version='3' changeset='81809849' lat='24.1817509' lon='120.6475819'>
    <tag k='amenity' v='waste_disposal' />
    <tag k='name' v='垃圾場' />
  </node>
  <node id='4075403236' timestamp='2016-03-25T08:35:22Z' uid='3352128' user='wangjrwey' visible='true' version='2' changeset='38057664' lat='24.181262' lon='120.6466991'>
    <tag k='emergency' v='ambulance_station' />
    <tag k='name' v='AED緊急按鈕' />
  </node>
  <node id='4076151691' timestamp='2016-03-24T04:15:35Z' uid='3715452' user='3333333333333333333333333' visible='true' version='1' changeset='38032899' lat='24.1816386' lon='120.6467915'>
    <tag k='amenity' v='waste_basket' />
  </node>
  <node id='4076151692' timestamp='2016-03-24T04:15:35Z' uid='3715452' user='3333333333333333333333333' visible='true' version='1' changeset='38032899' lat='24.1791912' lon='120.6468102'>
    <tag k='amenity' v='waste_basket' />
  </node>
  <node id='4076151693' timestamp='2016-03-24T04:15:35Z' uid='3715452' user='3333333333333333333333333' visible='true' version='1' changeset='38032899' lat='24.1795313' lon='120.6468117'>
    <tag k='amenity' v='toilets' />
  </node>
  <node id='4076151694' timestamp='2016-03-24T04:15:35Z' uid='3715452' user='3333333333333333333333333' visible='true' version='1' changeset='38032899' lat='24.1815767' lon='120.6488755'>
    <tag k='amenity' v='waste_basket' />
  </node>
  <node id='4076151695' timestamp='2016-03-24T04:15:35Z' uid='3715452' user='3333333333333333333333333' visible='true' version='1' changeset='38032899' lat='24.1803697' lon='120.6491541'>
    <tag k='amenity' v='waste_basket' />
  </node>
  <node id='4076151696' timestamp='2016-03-24T04:15:35Z' uid='3715452' user='3333333333333333333333333' visible='true' version='1' changeset='38032899' lat='24.1803907' lon='120.6492904'>
    <tag k='amenity' v='waste_basket' />
  </node>
  <node id='4076151698' timestamp='2016-03-24T04:35:49Z' uid='3352128' user='wangjrwey' visible='true' version='2' changeset='38033047' lat='24.1785742' lon='120.6472494'>
    <tag k='amenity' v='toilets' />
  </node>
  <node id='4076169388' timestamp='2016-03-28T10:01:08Z' uid='3715415' user='洪靖嵐' visible='true' version='3' changeset='38116547' lat='24.1818652' lon='120.6497099'>
    <tag k='emergency' v='check_point' />
    <tag k='name' v='校警巡邏點' />
  </node>
  <node id='4076170736' timestamp='2016-03-24T15:45:50Z' uid='274857' user='Supaplex' visible='true' version='2' changeset='38043990' lat='24.1816439' lon='120.6486621'>
    <tag k='emergency' v='phone' />
    <tag k='name' v='電梯緊急連絡電話' />
  </node>
  <node id='4076170737' timestamp='2016-03-28T10:02:15Z' uid='3715415' user='洪靖嵐' visible='true' version='2' changeset='38116569' lat='24.1811111' lon='120.6475012'>
    <tag k='emergency' v='phone' />
    <tag k='name' v='電梯緊急連絡電話' />
  </node>
  <node id='4076170738' timestamp='2016-03-28T10:04:58Z' uid='3715415' user='洪靖嵐' visible='true' version='2' changeset='38116631' lat='24.1810272' lon='120.6466907'>
    <tag k='emergency' v='phone' />
    <tag k='name' v='電梯緊急連絡電話' />
  </node>
  <node id='4076170739' timestamp='2016-03-25T06:05:56Z' uid='3692942' user='Jia Chian' visible='true' version='3' changeset='38055595' lat='24.1796541' lon='120.6475039'>
    <tag k='emergency' v='phone' />
    <tag k='name' v='電梯緊急連絡電話' />
  </node>
  <node id='4076170740' timestamp='2016-03-24T15:45:50Z' uid='274857' user='Supaplex' visible='true' version='2' changeset='38043990' lat='24.1797099' lon='120.6488213'>
    <tag k='emergency' v='phone' />
    <tag k='name' v='電梯緊急連絡電話' />
  </node>
  <node id='4076170741' timestamp='2016-03-24T15:45:50Z' uid='274857' user='Supaplex' visible='true' version='2' changeset='38043990' lat='24.1791707' lon='120.6467686'>
    <tag k='emergency' v='phone' />
    <tag k='name' v='電梯緊急連絡電話' />
  </node>
  <node id='4076170742' timestamp='2016-03-24T10:08:20Z' uid='274857' user='Supaplex' visible='true' version='2' changeset='38037675' lat='24.1791449' lon='120.6471721'>
    <tag k='emergency' v='phone' />
    <tag k='name' v='電梯緊急連絡電話' />
  </node>
  <node id='4076170743' timestamp='2016-03-24T15:45:50Z' uid='274857' user='Supaplex' visible='true' version='2' changeset='38043990' lat='24.1793257' lon='120.6482657'>
    <tag k='emergency' v='phone' />
    <tag k='name' v='電梯緊急連絡電話' />
  </node>
  <node id='4076170744' timestamp='2016-03-28T09:46:41Z' uid='3715415' user='洪靖嵐' visible='true' version='2' changeset='38116245' lat='24.1793192' lon='120.6496601'>
    <tag k='emergency' v='phone' />
    <tag k='name' v='電梯緊急連絡電話' />
  </node>
  <node id='4076170745' timestamp='2016-03-28T17:01:49Z' uid='3715460' user='Soulwind' visible='true' version='3' changeset='38124944' lat='24.1798326' lon='120.6496495'>
    <tag k='emergency' v='phone' />
    <tag k='name' v='電梯緊急連絡電話' />
  </node>
  <node id='4076170746' timestamp='2016-03-25T07:21:57Z' uid='3672335' user='WHShen' visible='true' version='3' changeset='38056732' lat='24.1784871' lon='120.6496134'>
    <tag k='emergency' v='phone' />
    <tag k='name' v='電梯緊急連絡電話' />
  </node>
  <node id='4076170748' timestamp='2016-03-24T15:45:50Z' uid='274857' user='Supaplex' visible='true' version='2' changeset='38043990' lat='24.1782861' lon='120.6491891'>
    <tag k='emergency' v='phone' />
    <tag k='name' v='電梯緊急連絡電話' />
  </node>
  <node id='4076170749' timestamp='2025-06-21T01:50:58Z' uid='18325668' user='EMU800' visible='true' version='3' changeset='167895697' lat='24.1783329' lon='120.6495107'>
    <tag k='emergency' v='phone' />
    <tag k='name' v='電梯緊急連絡電話' />
  </node>
  <node id='4076170750' timestamp='2025-06-21T01:50:58Z' uid='18325668' user='EMU800' visible='true' version='3' changeset='167895697' lat='24.1783038' lon='120.6499778'>
    <tag k='emergency' v='phone' />
    <tag k='name' v='電梯緊急連絡電話' />
  </node>
  <node id='4076170751' timestamp='2016-03-28T10:18:11Z' uid='3715415' user='洪靖嵐' visible='true' version='2' changeset='38116887' lat='24.1782086' lon='120.6482586'>
    <tag k='emergency' v='phone' />
    <tag k='name' v='電梯緊急連絡電話' />
  </node>
  <node id='4076170752' timestamp='2016-03-28T09:53:37Z' uid='3715415' user='洪靖嵐' visible='true' version='2' changeset='38116397' lat='24.1783797' lon='120.6475685'>
    <tag k='emergency' v='phone' />
    <tag k='name' v='電梯緊急連絡電話' />
  </node>
  <node id='4076171189' timestamp='2016-03-24T15:45:48Z' uid='274857' user='Supaplex' visible='true' version='2' changeset='38043990' lat='24.1819073' lon='120.6483882'>
    <tag k='emergency' v='check_point' />
    <tag k='name' v='校警巡邏點' />
  </node>
  <node id='4076171190' timestamp='2016-03-24T15:45:48Z' uid='274857' user='Supaplex' visible='true' version='2' changeset='38043990' lat='24.1813555' lon='120.6489537'>
    <tag k='emergency' v='check_point' />
    <tag k='name' v='校警巡邏點' />
  </node>
  <node id='4076171191' timestamp='2016-03-28T10:03:32Z' uid='3715415' user='洪靖嵐' visible='true' version='2' changeset='38116604' lat='24.1815778' lon='120.6469946'>
    <tag k='name' v='校警巡邏點' />
  </node>
  <node id='4076171192' timestamp='2016-03-24T15:45:48Z' uid='274857' user='Supaplex' visible='true' version='2' changeset='38043990' lat='24.1808251' lon='120.647913'>
    <tag k='emergency' v='check_point' />
    <tag k='name' v='校警巡邏點' />
  </node>
  <node id='4076171193' timestamp='2016-03-26T08:38:20Z' uid='274857' user='Supaplex' visible='true' version='2' changeset='38078133' lat='24.1803652' lon='120.6466202'>
    <tag k='emergency' v='check_point' />
    <tag k='name' v='校警巡邏點' />
  </node>
  <node id='4076171194' timestamp='2016-03-24T10:08:20Z' uid='274857' user='Supaplex' visible='true' version='2' changeset='38037675' lat='24.1792415' lon='120.646673'>
    <tag k='emergency' v='check_point' />
    <tag k='name' v='校警巡邏點' />
  </node>
  <node id='4076171195' timestamp='2016-03-28T10:14:56Z' uid='3700780' user='吳兆鴻' visible='true' version='2' changeset='38116828' lat='24.1795085' lon='120.6477016'>
    <tag k='name' v='校警巡邏點' />
    <tag k='police' v='patrol' />
  </node>
  <node id='4076171196' timestamp='2016-03-24T04:19:18Z' uid='3694238' user='forever15' visible='true' version='1' changeset='38032925' lat='24.1792303' lon='120.6490529'>
    <tag k='name' v='校警巡邏點' />
  </node>
  <node id='4076171198' timestamp='2016-03-28T13:21:35Z' uid='3755144' user='江志展' visible='true' version='3' changeset='38120423' lat='24.1799841' lon='120.6486244'>
    <tag k='emergency' v='check_point' />
    <tag k='name' v='校警巡邏點' />
  </node>
  <node id='4076171199' timestamp='2020-03-05T07:40:33Z' uid='6421436' user='SXCKH' visible='true' version='4' changeset='81809849' lat='24.1795938' lon='120.6497526'>
    <tag k='emergency' v='check_point' />
    <tag k='name' v='校警巡邏點' />
  </node>
  <node id='4076171200' timestamp='2020-03-05T07:40:33Z' uid='6421436' user='SXCKH' visible='true' version='3' changeset='81809849' lat='24.1786295' lon='120.6487017'>
    <tag k='emergency' v='check_point' />
    <tag k='name' v='校警巡邏點' />
  </node>
  <node id='4076171201' timestamp='2025-06-21T01:50:58Z' uid='18325668' user='EMU800' visible='true' version='3' changeset='167895697' lat='24.1782916' lon='120.6500396'>
    <tag k='emergency' v='check_point' />
    <tag k='name' v='校警巡邏點' />
  </node>
  <node id='4076171202' timestamp='2016-03-28T10:10:33Z' uid='3715415' user='洪靖嵐' visible='true' version='2' changeset='38116745' lat='24.178147' lon='120.6494291'>
    <tag k='emergency' v='check_point' />
    <tag k='name' v='校警巡邏點' />
  </node>
  <node id='4076171203' timestamp='2016-03-24T15:45:48Z' uid='274857' user='Supaplex' visible='true' version='3' changeset='38043990' lat='24.1782679' lon='120.6487983'>
    <tag k='emergency' v='check_point' />
    <tag k='name' v='校警巡邏點' />
  </node>
  <node id='4076171204' timestamp='2024-03-01T16:38:42Z' uid='12616326' user='os-emmer' visible='true' version='3' changeset='148103682' lat='24.1784843' lon='120.6466572'>
    <tag k='name' v='校警巡邏點' />
  </node>
  <node id='4076171211' timestamp='2016-03-24T04:20:15Z' uid='3715452' user='3333333333333333333333333' visible='true' version='1' changeset='38032931' lat='24.1800498' lon='120.6467962'>
    <tag k='amenity' v='waste_basket' />
  </node>
  <node id='4076171212' timestamp='2016-03-28T18:07:04Z' uid='3755930' user='imDadiao' visible='true' version='3' changeset='38126395' lat='24.1783156' lon='120.6483484'>
    <tag k='amenity' v='waste_basket' />
    <tag k='name' v='垃圾桶' />
  </node>
  <node id='4076171213' timestamp='2016-03-24T04:20:15Z' uid='3715452' user='3333333333333333333333333' visible='true' version='1' changeset='38032931' lat='24.178565' lon='120.6490044'>
    <tag k='amenity' v='cafe' />
  </node>
  <node id='4076178789' timestamp='2016-03-25T06:05:55Z' uid='3692942' user='Jia Chian' visible='true' version='2' changeset='38055595' lat='24.1818461' lon='120.648752' />
  <node id='4076178790' timestamp='2017-05-01T10:03:35Z' uid='1293194' user='nevw' visible='true' version='3' changeset='48302557' lat='24.1813609' lon='120.6490433' />
  <node id='4076178791' timestamp='2017-05-01T10:03:35Z' uid='1293194' user='nevw' visible='true' version='3' changeset='48302557' lat='24.1813705' lon='120.6489184' />
  <node id='4076178792' timestamp='2017-05-01T10:03:35Z' uid='1293194' user='nevw' visible='true' version='3' changeset='48302557' lat='24.1813735' lon='120.6490876' />
  <node id='4076178793' timestamp='2016-03-25T06:05:55Z' uid='3692942' user='Jia Chian' visible='true' version='2' changeset='38055595' lat='24.1814937' lon='120.6491923' />
  <node id='4076178798' timestamp='2017-05-01T10:03:35Z' uid='1293194' user='nevw' visible='true' version='3' changeset='48302557' lat='24.1813586' lon='120.6483852' />
  <node id='4076178801' timestamp='2017-05-01T10:03:35Z' uid='1293194' user='nevw' visible='true' version='3' changeset='48302557' lat='24.1813878' lon='120.6482763' />
  <node id='4076178805' timestamp='2017-05-01T10:03:35Z' uid='1293194' user='nevw' visible='true' version='3' changeset='48302557' lat='24.1816782' lon='120.6482483' />
  <node id='4076178807' timestamp='2016-03-25T06:05:56Z' uid='3692942' user='Jia Chian' visible='true' version='2' changeset='38055595' lat='24.1818067' lon='120.6483039' />
  <node id='4076178808' timestamp='2016-03-25T06:05:55Z' uid='3692942' user='Jia Chian' visible='true' version='2' changeset='38055595' lat='24.1818212' lon='120.6484189' />
  <node id='4076178809' timestamp='2016-03-25T06:05:55Z' uid='3692942' user='Jia Chian' visible='true' version='2' changeset='38055595' lat='24.1818488' lon='120.6490452' />
  <node id='4076178810' timestamp='2016-03-25T06:05:55Z' uid='3692942' user='Jia Chian' visible='true' version='2' changeset='38055595' lat='24.1818477' lon='120.6491176' />
  <node id='4076178811' timestamp='2016-03-25T06:05:55Z' uid='3692942' user='Jia Chian' visible='true' version='2' changeset='38055595' lat='24.1818483' lon='120.6490115' />
  <node id='4076178812' timestamp='2016-03-25T08:35:22Z' uid='3352128' user='wangjrwey' visible='true' version='2' changeset='38057664' lat='24.1804794' lon='120.647183'>
    <tag k='name' v='FCUnique' />
    <tag k='shop' v='clothes' />
  </node>
  <node id='4076178813' timestamp='2016-03-24T04:35:49Z' uid='3352128' user='wangjrwey' visible='true' version='1' changeset='38033047' lat='24.1786493' lon='120.6486931'>
    <tag k='name' v='三樓閱讀區' />
  </node>
  <node id='4076178814' timestamp='2016-03-24T04:35:49Z' uid='3352128' user='wangjrwey' visible='true' version='1' changeset='38033047' lat='24.1786216' lon='120.6486873'>
    <tag k='amenity' v='cafe' />
    <tag k='name' v='Rafiki cafe' />
  </node>
  <node id='4076178815' timestamp='2016-03-25T08:35:22Z' uid='3352128' user='wangjrwey' visible='true' version='2' changeset='38057664' lat='24.1792771' lon='120.6499416'>
    <tag k='amenity' v='college' />
    <tag k='name' v='逢甲語文中心' />
  </node>
  <node id='4076178816' timestamp='2016-03-28T08:36:24Z' uid='3754505' user='jianlu' visible='true' version='3' changeset='38114654' lat='24.1793599' lon='120.6495836'>
    <tag k='amenity' v='vending_machine' />
    <tag k='name' v='飲料販賣機' />
  </node>
  <node id='4076178817' timestamp='2016-03-24T04:35:49Z' uid='3352128' user='wangjrwey' visible='true' version='1' changeset='38033047' lat='24.1785354' lon='120.648788'>
    <tag k='name' v='三樓多媒體影音' />
  </node>
  <node id='4076184606' timestamp='2016-03-25T08:35:22Z' uid='3352128' user='wangjrwey' visible='true' version='2' changeset='38057664' lat='24.1815508' lon='120.6467211'>
    <tag k='amenity' v='toilets' />
    <tag k='male' v='yes' />
    <tag k='name' v='逢甲最高級男廁' />
  </node>
  <node id='4076184607' timestamp='2016-03-24T04:50:27Z' uid='3352128' user='wangjrwey' visible='true' version='1' changeset='38033156' lat='24.1803758' lon='120.6494686'>
    <tag k='craft' v='caterer' />
    <tag k='name' v='體育性社團辦公室' />
  </node>
  <node id='4076184608' timestamp='2016-03-24T04:50:27Z' uid='3352128' user='wangjrwey' visible='true' version='1' changeset='38033156' lat='24.1803073' lon='120.6493646'>
    <tag k='amenity' v='toilets' />
    <tag k='name' v='女廁' />
  </node>
  <node id='4076184609' timestamp='2016-03-24T04:50:27Z' uid='3352128' user='wangjrwey' visible='true' version='1' changeset='38033156' lat='24.1792826' lon='120.6486993'>
    <tag k='name' v='B1 積學堂' />
  </node>
  <node id='4076184610' timestamp='2016-03-24T04:50:27Z' uid='3352128' user='wangjrwey' visible='true' version='1' changeset='38033156' lat='24.1789612' lon='120.6473652' />
  <node id='4076240704' timestamp='2016-03-24T06:48:54Z' uid='3715446' user='曹景媗' visible='true' version='1' changeset='38034430' lat='24.1801186' lon='120.6484779'>
    <tag k='leisure' v='pitch' />
    <tag k='sport' v='tennis' />
  </node>
  <node id='4076240705' timestamp='2016-03-29T07:55:27Z' uid='3755834' user='薛禹康' visible='true' version='2' changeset='38138072' lat='24.1797679' lon='120.6487554'>
    <tag k='amenity' v='studio' />
    <tag k='name' v='討論室' />
  </node>
  <node id='4076240706' timestamp='2020-03-05T17:45:45Z' uid='274857' user='Supaplex' visible='true' version='3' changeset='81833375' lat='24.1793264' lon='120.649086' />
  <node id='4076240708' timestamp='2016-03-24T06:48:54Z' uid='3715446' user='曹景媗' visible='true' version='1' changeset='38034430' lat='24.1814452' lon='120.6467931'>
    <tag k='name' v='學思樓' />
  </node>
  <node id='4076240710' timestamp='2016-03-28T17:09:40Z' uid='3715460' user='Soulwind' visible='true' version='2' changeset='38125117' lat='24.1815268' lon='120.6484192'>
    <tag k='leisure' v='sports_centre' />
    <tag k='name' v='逢甲大學體育館健身中心' />
    <tag k='sport' v='gym' />
  </node>
  <node id='4076240713' timestamp='2016-03-24T15:45:51Z' uid='274857' user='Supaplex' visible='true' version='2' changeset='38043990' lat='24.1801958' lon='120.6472069' />
  <node id='4076240714' timestamp='2016-03-25T08:35:22Z' uid='3352128' user='wangjrwey' visible='true' version='2' changeset='38057664' lat='24.1788194' lon='120.6489152'>
    <tag k='amenity' v='library' />
    <tag k='name' v='逢甲圖書館' />
  </node>
  <node id='4076240715' timestamp='2020-03-05T07:40:33Z' uid='6421436' user='SXCKH' visible='true' version='3' changeset='81809849' lat='24.1814297' lon='120.6496439'>
    <tag k='amenity' v='shelter' />
    <tag k='name' v='看台' />
    <tag k='shelter_type' v='gazebo' />
  </node>
  <node id='4076240716' timestamp='2025-06-21T01:50:58Z' uid='18325668' user='EMU800' visible='true' version='3' changeset='167895697' lat='24.1783183' lon='120.6495702'>
    <tag k='amenity' v='college' />
    <tag k='name' v='商學院' />
  </node>
  <node id='4076240717' timestamp='2025-06-21T01:50:58Z' uid='18325668' user='EMU800' visible='true' version='3' changeset='167895697' lat='24.1781206' lon='120.6475719'>
    <tag k='amenity' v='parking' />
    <tag k='name' v='第一停車場' />
  </node>
  <node id='4076240718' timestamp='2016-03-24T10:08:20Z' uid='274857' user='Supaplex' visible='true' version='2' changeset='38037675' lat='24.1790764' lon='120.6466906'>
    <tag k='name' v='建築系' />
    <tag k='office' v='educational_institution' />
  </node>
  <node id='4076240719' timestamp='2025-06-21T01:50:58Z' uid='18325668' user='EMU800' visible='true' version='2' changeset='167895697' lat='24.1782252' lon='120.6496353'>
    <tag k='amenity' v='college' />
    <tag k='name' v='會計系' />
  </node>
  <node id='4076240720' timestamp='2020-12-09T08:36:53Z' uid='274857' user='Supaplex' visible='true' version='4' changeset='95537912' lat='24.1791834' lon='120.6494649'>
    <tag k='name' v='外語中心' />
    <tag k='name:en' v='Language Center' />
    <tag k='name:zh' v='外語中心' />
  </node>
  <node id='4076254193' timestamp='2016-03-24T15:45:49Z' uid='274857' user='Supaplex' visible='true' version='2' changeset='38043990' lat='24.1788766' lon='120.6482832'>
    <tag k='artwork_type' v='sculpture' />
    <tag k='name' v='逢甲打卡點' />
    <tag k='tourism' v='artwork' />
  </node>
  <node id='4076254194' timestamp='2016-03-24T15:45:50Z' uid='274857' user='Supaplex' visible='true' version='2' changeset='38043990' lat='24.1805492' lon='120.6477992'>
    <tag k='artwork_type' v='sculpture' />
    <tag k='name' v='逢甲打卡點' />
    <tag k='tourism' v='artwork' />
  </node>
  <node id='4076254195' timestamp='2016-03-24T15:45:47Z' uid='274857' user='Supaplex' visible='true' version='2' changeset='38043990' lat='24.1802555' lon='120.6491878'>
    <tag k='amenity' v='waste_basket' />
    <tag k='name' v='垃圾桶' />
  </node>
  <node id='4076254196' timestamp='2016-03-24T15:45:47Z' uid='274857' user='Supaplex' visible='true' version='2' changeset='38043990' lat='24.1802641' lon='120.6493916'>
    <tag k='amenity' v='waste_basket' />
    <tag k='name' v='垃圾桶' />
  </node>
  <node id='4076254197' timestamp='2016-03-24T10:08:20Z' uid='274857' user='Supaplex' visible='true' version='2' changeset='38037675' lat='24.17907' lon='120.6467388'>
    <tag k='amenity' v='waste_basket' />
    <tag k='name' v='垃圾桶' />
  </node>
  <node id='4076254198' timestamp='2016-03-28T17:13:10Z' uid='3755744' user='林文揚' visible='true' version='3' changeset='38125200' lat='24.1790802' lon='120.6470397'>
    <tag k='amenity' v='waste_basket' />
    <tag k='name' v='學校垃圾桶' />
  </node>
  <node id='4076254199' timestamp='2016-03-24T15:45:47Z' uid='274857' user='Supaplex' visible='true' version='2' changeset='38043990' lat='24.1797689' lon='120.6485867'>
    <tag k='amenity' v='waste_basket' />
    <tag k='name' v='垃圾桶' />
  </node>
  <node id='4076254200' timestamp='2016-03-24T15:45:47Z' uid='274857' user='Supaplex' visible='true' version='2' changeset='38043990' lat='24.1797749' lon='120.6488285'>
    <tag k='amenity' v='waste_basket' />
    <tag k='name' v='垃圾桶' />
  </node>
  <node id='4076254201' timestamp='2016-03-24T15:45:47Z' uid='274857' user='Supaplex' visible='true' version='2' changeset='38043990' lat='24.1782182' lon='120.6481671'>
    <tag k='amenity' v='waste_basket' />
    <tag k='name' v='垃圾桶' />
  </node>
  <node id='4076254204' timestamp='2016-03-24T06:54:16Z' uid='3715459' user='Jasmine738489' visible='true' version='1' changeset='38034489' lat='24.1785982' lon='120.6501041' />
  <node id='4076254205' timestamp='2016-03-24T06:54:16Z' uid='3715459' user='Jasmine738489' visible='true' version='1' changeset='38034489' lat='24.1788592' lon='120.6500971' />
  <node id='4076254206' timestamp='2016-03-28T17:35:38Z' uid='3755744' user='林文揚' visible='true' version='3' changeset='38125688' lat='24.1801346' lon='120.6467741'>
    <tag k='amenity' v='toilets' />
    <tag k='name' v='廁所' />
    <tag k='toilets:disposal' v='flush' />
  </node>
  <node id='4076254207' timestamp='2016-03-24T15:45:47Z' uid='274857' user='Supaplex' visible='true' version='2' changeset='38043990' lat='24.1801517' lon='120.6468255'>
    <tag k='amenity' v='waste_basket' />
    <tag k='name' v='垃圾桶' />
  </node>
  <node id='4076254208' timestamp='2016-03-24T15:45:47Z' uid='274857' user='Supaplex' visible='true' version='2' changeset='38043990' lat='24.1815532' lon='120.6466801'>
    <tag k='amenity' v='waste_basket' />
    <tag k='name' v='垃圾桶' />
  </node>
  <node id='4076254209' timestamp='2016-03-24T15:45:47Z' uid='274857' user='Supaplex' visible='true' version='2' changeset='38043990' lat='24.1816001' lon='120.6488476'>
    <tag k='amenity' v='waste_basket' />
    <tag k='name' v='垃圾桶' />
  </node>
  <node id='4076254210' timestamp='2016-03-24T15:45:47Z' uid='274857' user='Supaplex' visible='true' version='2' changeset='38043990' lat='24.1792862' lon='120.6500417'>
    <tag k='amenity' v='waste_basket' />
    <tag k='name' v='垃圾桶' />
  </node>
  <node id='4076254211' timestamp='2016-03-24T15:45:47Z' uid='274857' user='Supaplex' visible='true' version='2' changeset='38043990' lat='24.1792311' lon='120.6491471'>
    <tag k='amenity' v='toilets' />
    <tag k='name' v='廁所' />
  </node>
  <node id='4076254212' timestamp='2016-03-24T15:45:47Z' uid='274857' user='Supaplex' visible='true' version='2' changeset='38043990' lat='24.1797942' lon='120.6491266'>
    <tag k='amenity' v='toilets' />
    <tag k='name' v='廁所' />
  </node>
  <node id='4076254213' timestamp='2016-03-24T15:45:47Z' uid='274857' user='Supaplex' visible='true' version='2' changeset='38043990' lat='24.178289' lon='120.6484851'>
    <tag k='amenity' v='toilets' />
    <tag k='name' v='廁所' />
  </node>
  <node id='4076256963' timestamp='2020-03-05T07:40:33Z' uid='6421436' user='SXCKH' visible='true' version='2' changeset='81809849' lat='24.1809161' lon='120.6497084' />
  <node id='4076256966' timestamp='2016-03-24T06:59:28Z' uid='3694245' user='Bear89757' visible='true' version='1' changeset='38034547' lat='24.179887' lon='120.6499329'>
    <tag k='name' v='電子通訊館無障礙坡道' />
  </node>
  <node id='4076256967' timestamp='2016-03-24T06:59:28Z' uid='3694245' user='Bear89757' visible='true' version='1' changeset='38034547' lat='24.1797667' lon='120.6488949'>
    <tag k='amenity' v='toilets' />
    <tag k='male' v='yes' />
    <tag k='name' v='男廁' />
  </node>
  <node id='4076256968' timestamp='2016-03-24T06:59:28Z' uid='3694245' user='Bear89757' visible='true' version='1' changeset='38034547' lat='24.1788801' lon='120.6492293'>
    <tag k='name' v='圖書館無障礙坡道' />
  </node>
  <node id='4076256969' timestamp='2016-03-29T11:13:03Z' uid='3694264' user='John Lin' visible='true' version='2' changeset='38142046' lat='24.1786928' lon='120.6492134'>
    <tag k='level' v='-2' />
    <tag k='name' v='B2演講廳' />
  </node>
  <node id='4076256970' timestamp='2016-03-28T13:09:46Z' uid='3755144' user='江志展' visible='true' version='3' changeset='38120180' lat='24.178817' lon='120.6492866'>
    <tag k='aisle' v='Accessible Channel' />
    <tag k='name' v='圖書館無障礙坡道' />
  </node>
  <node id='4076256971' timestamp='2025-06-21T01:50:58Z' uid='18325668' user='EMU800' visible='true' version='2' changeset='167895697' lat='24.1783469' lon='120.649794'>
    <tag k='amenity' v='toilets' />
    <tag k='name' v='男女分廁' />
  </node>
  <node id='4076256972' timestamp='2025-06-21T01:50:58Z' uid='18325668' user='EMU800' visible='true' version='3' changeset='167895697' lat='24.1783778' lon='120.6497928'>
    <tag k='amenity' v='drinking_water' />
  </node>
  <node id='4076256974' timestamp='2016-03-24T06:59:28Z' uid='3694245' user='Bear89757' visible='true' version='1' changeset='38034547' lat='24.1796392' lon='120.6467054'>
    <tag k='amenity' v='vending_machine' />
    <tag k='name' v='飲料販買機' />
    <tag k='vending' v='drinks' />
  </node>
  <node id='4076256976' timestamp='2016-03-24T06:59:28Z' uid='3694245' user='Bear89757' visible='true' version='1' changeset='38034547' lat='24.1811357' lon='120.646961'>
    <tag k='name' v='土木水利館無障礙坡道' />
  </node>
  <node id='4076256977' timestamp='2016-03-28T10:08:10Z' uid='3715415' user='洪靖嵐' visible='true' version='2' changeset='38116707' lat='24.1809155' lon='120.6467927'>
    <tag k='name' v='土木水利館無障礙坡道' />
  </node>
  <node id='4076256978' timestamp='2016-03-24T06:59:28Z' uid='3694245' user='Bear89757' visible='true' version='1' changeset='38034547' lat='24.1810879' lon='120.6473819'>
    <tag k='name' v='理學大樓無障礙坡道' />
  </node>
  <node id='4076256979' timestamp='2016-03-24T06:59:28Z' uid='3694245' user='Bear89757' visible='true' version='1' changeset='38034547' lat='24.1808382' lon='120.6475739'>
    <tag k='name' v='理學大樓無障礙坡道' />
  </node>
  <node id='4076256980' timestamp='2016-03-24T06:59:28Z' uid='3694245' user='Bear89757' visible='true' version='1' changeset='38034547' lat='24.179125' lon='120.6479704'>
    <tag k='name' v='休息區' />
  </node>
  <node id='4076256981' timestamp='2019-05-27T15:52:26Z' uid='1942781' user='yellowsoar' visible='true' version='4' changeset='70666519' lat='24.180643' lon='120.6468753'>
    <tag k='emergency' v='fire_extinguisher' />
    <tag k='wheelchair' v='no' />
  </node>
  <node id='4076256982' timestamp='2016-03-24T06:59:28Z' uid='3694245' user='Bear89757' visible='true' version='1' changeset='38034547' lat='24.178848' lon='120.6492302' />
  <node id='4076256983' timestamp='2016-03-24T06:59:28Z' uid='3694245' user='Bear89757' visible='true' version='1' changeset='38034547' lat='24.1787553' lon='120.649229' />
  <node id='4076256984' timestamp='2016-03-24T06:59:28Z' uid='3694245' user='Bear89757' visible='true' version='1' changeset='38034547' lat='24.1787521' lon='120.6492897' />
  <node id='4076256985' timestamp='2016-03-24T06:59:28Z' uid='3694245' user='Bear89757' visible='true' version='1' changeset='38034547' lat='24.178849' lon='120.6492909' />
  <node id='4076361629' timestamp='2022-03-18T16:42:51Z' uid='1942781' user='yellowsoar' visible='true' version='3' changeset='118640219' lat='24.1782792' lon='120.6492554'>
    <tag k='description' v='消防栓' />
    <tag k='emergency' v='fire_hydrant' />
  </node>
  <node id='4076368212' timestamp='2022-03-18T16:42:51Z' uid='1942781' user='yellowsoar' visible='true' version='2' changeset='118640219' lat='24.178249' lon='120.6489061'>
    <tag k='description' v='消防栓' />
    <tag k='emergency' v='fire_hydrant' />
  </node>
  <node id='4076368857' timestamp='2020-08-01T18:15:20Z' uid='151425' user='cmi3j89d9o' visible='true' version='3' changeset='88819531' lat='24.1782931' lon='120.6478735'>
    <tag k='description' v='校方規定吸菸區' />
    <tag k='name' v='行政二館吸菸區' />
    <tag k='smoking' v='dedicated' />
  </node>
  <node id='4076368858' timestamp='2016-03-28T13:11:48Z' uid='3755144' user='江志展' visible='true' version='2' changeset='38120223' lat='24.1794544' lon='120.6490117'>
    <tag k='name' v='人言廣場吸菸區' />
  </node>
  <node id='4076368860' timestamp='2016-03-24T08:55:25Z' uid='3715399' user='羅詔謙' visible='true' version='1' changeset='38036386' lat='24.1784078' lon='120.6479789' />
  <node id='4076368863' timestamp='2016-03-24T08:55:25Z' uid='3715399' user='羅詔謙' visible='true' version='1' changeset='38036386' lat='24.1784174' lon='120.6485257' />
  <node id='4076368866' timestamp='2026-01-20T03:25:04Z' uid='274857' user='Supaplex' visible='true' version='2' changeset='177456568' lat='24.179147' lon='120.6466332'>
    <tag k='amenity' v='smoking_area' />
    <tag k='name' v='忠勤樓7F西側吸菸區' />
  </node>
  <node id='4076368867' timestamp='2023-12-16T10:36:36Z' uid='274857' user='Supaplex' visible='true' version='2' changeset='145179258' lat='24.1816398' lon='120.6468376'>
    <tag k='amenity' v='smoking_area' />
    <tag k='name' v='學思八樓陽台吸菸區' />
  </node>
  <node id='4076369395' timestamp='2019-05-27T15:52:26Z' uid='1942781' user='yellowsoar' visible='true' version='3' changeset='70666519' lat='24.1781691' lon='120.6489103'>
    <tag k='emergency' v='fire_extinguisher' />
  </node>
  <node id='4076370054' timestamp='2016-03-24T09:01:16Z' uid='3715399' user='羅詔謙' visible='true' version='1' changeset='38036499' lat='24.1797121' lon='120.6486225'>
    <tag k='name' v='學生證管理處' />
    <tag k='office' v='yes' />
  </node>
  <node id='4076370399' timestamp='2019-05-27T15:52:26Z' uid='1942781' user='yellowsoar' visible='true' version='3' changeset='70666519' lat='24.1781798' lon='120.649265'>
    <tag k='emergency' v='fire_extinguisher' />
  </node>
  <node id='4076370521' timestamp='2019-05-27T15:52:26Z' uid='1942781' user='yellowsoar' visible='true' version='4' changeset='70666519' lat='24.178173' lon='120.6491088'>
    <tag k='emergency' v='fire_extinguisher' />
  </node>
  <node id='4076373190' timestamp='2016-03-24T08:58:58Z' uid='3715399' user='羅詔謙' visible='true' version='1' changeset='38036455' lat='24.1792504' lon='120.650085'>
    <tag k='name' v='國語文通識中心' />
    <tag k='office' v='yes' />
  </node>
  <node id='4076374948' timestamp='2022-03-18T16:42:51Z' uid='1942781' user='yellowsoar' visible='true' version='3' changeset='118640219' lat='24.1784047' lon='120.6484346'>
    <tag k='description' v='消防栓' />
    <tag k='emergency' v='fire_hydrant' />
  </node>
  <node id='4076374989' timestamp='2016-06-06T17:45:08Z' uid='274857' user='Supaplex' visible='true' version='3' changeset='39844235' lat='24.1785216' lon='120.6472768'>
    <tag k='amenity' v='drinking_water' />
    <tag k='description' v='熱開水機' />
    <tag k='source' v='網路' />
  </node>
  <node id='4076374995' timestamp='2016-03-24T15:45:48Z' uid='274857' user='Supaplex' visible='true' version='2' changeset='38043990' lat='24.1784008' lon='120.6481439'>
    <tag k='emergency' v='fire_hose' />
    <tag k='name' v='消防送水孔' />
  </node>
  <node id='4076378055' timestamp='2016-03-27T16:23:21Z' uid='274857' user='Supaplex' visible='true' version='3' changeset='38102670' lat='24.1808059' lon='120.6470442'>
    <tag k='amenity' v='fuel' />
    <tag k='fuel:LH2' v='yes' />
    <tag k='name' v='綠色加氫站' />
  </node>
  <node id='4076378671' timestamp='2022-03-18T16:42:51Z' uid='1942781' user='yellowsoar' visible='true' version='3' changeset='118640219' lat='24.1782893' lon='120.6485109'>
    <tag k='description' v='消防栓' />
    <tag k='emergency' v='fire_hydrant' />
  </node>
  <node id='4076384828' timestamp='2016-03-24T09:07:08Z' uid='3672314' user='Thankyu' visible='true' version='1' changeset='38036616' lat='24.17829' lon='120.6485305'>
    <tag k='name' v='玻璃擊破器' />
  </node>
  <node id='4076385660' timestamp='2019-05-27T15:52:26Z' uid='1942781' user='yellowsoar' visible='true' version='3' changeset='70666519' lat='24.1783461' lon='120.6483744'>
    <tag k='emergency' v='fire_extinguisher' />
  </node>
  <node id='4076387019' timestamp='2019-05-27T15:52:26Z' uid='1942781' user='yellowsoar' visible='true' version='3' changeset='70666519' lat='24.1783244' lon='120.6482647'>
    <tag k='emergency' v='fire_extinguisher' />
  </node>
  <node id='4076387463' timestamp='2016-03-28T10:19:40Z' uid='3715415' user='洪靖嵐' visible='true' version='2' changeset='38116930' lat='24.1785424' lon='120.6487028'>
    <tag k='name' v='傘架' />
  </node>
  <node id='4076389794' timestamp='2019-05-27T15:52:26Z' uid='1942781' user='yellowsoar' visible='true' version='3' changeset='70666519' lat='24.1785164' lon='120.6487294'>
    <tag k='emergency' v='fire_extinguisher' />
  </node>
  <node id='4076389944' timestamp='2022-03-18T16:42:51Z' uid='1942781' user='yellowsoar' visible='true' version='2' changeset='118640219' lat='24.1786871' lon='120.6488579'>
    <tag k='description' v='消防栓' />
    <tag k='emergency' v='fire_hydrant' />
  </node>
  <node id='4076392447' timestamp='2022-03-18T16:42:51Z' uid='1942781' user='yellowsoar' visible='true' version='2' changeset='118640219' lat='24.1785007' lon='120.6487291'>
    <tag k='description' v='消防栓' />
    <tag k='emergency' v='fire_hydrant' />
  </node>
  <node id='4076393408' timestamp='2022-03-18T16:42:51Z' uid='1942781' user='yellowsoar' visible='true' version='3' changeset='118640219' lat='24.1787219' lon='120.6486909'>
    <tag k='description' v='消防栓' />
    <tag k='emergency' v='fire_hydrant' />
  </node>
  <node id='4076395798' timestamp='2016-03-24T09:13:32Z' uid='3715399' user='羅詔謙' visible='true' version='1' changeset='38036731' lat='24.1797577' lon='120.6485093'>
    <tag k='barrier' v='stile' />
    <tag k='name' v='電梯' />
  </node>
  <node id='4076395799' timestamp='2016-03-24T09:13:32Z' uid='3715399' user='羅詔謙' visible='true' version='1' changeset='38036731' lat='24.1797775' lon='120.6489608'>
    <tag k='barrier' v='stile' />
    <tag k='name' v='電梯' />
  </node>
  <node id='4076395800' timestamp='2026-03-16T02:28:00Z' uid='274857' user='Supaplex' visible='true' version='5' changeset='179923827' lat='24.181238' lon='120.6465701'>
    <tag k='addr:city' v='臺中市' />
    <tag k='addr:country' v='TW' />
    <tag k='addr:district' v='西區' />
    <tag k='addr:full' v='臺中市西區文華路100號' />
    <tag k='addr:housenumber' v='100' />
    <tag k='addr:street' v='文華路' />
    <tag k='amenity' v='cafe' />
    <tag k='name' v='氣味圖書館' />
    <tag k='phone' v='+886 4 3507 9108' />
  </node>
  <node id='4076395801' timestamp='2016-03-28T16:54:21Z' uid='3715460' user='Soulwind' visible='true' version='3' changeset='38124759' lat='24.1790095' lon='120.6467025'>
    <tag k='description' v='夜鷺停泊區' />
    <tag k='leisure' v='garden' />
    <tag k='name' v='雞蛋花' />
  </node>
  <node id='4076396838' timestamp='2019-05-27T15:52:26Z' uid='1942781' user='yellowsoar' visible='true' version='3' changeset='70666519' lat='24.1785047' lon='120.6488675'>
    <tag k='emergency' v='fire_extinguisher' />
  </node>
  <node id='4076396851' timestamp='2022-03-18T16:42:51Z' uid='1942781' user='yellowsoar' visible='true' version='2' changeset='118640219' lat='24.1784955' lon='120.6488675'>
    <tag k='description' v='消防栓' />
    <tag k='emergency' v='fire_hydrant' />
  </node>
  <node id='4076396868' timestamp='2016-03-24T15:45:46Z' uid='274857' user='Supaplex' visible='true' version='2' changeset='38043990' lat='24.1813916' lon='120.6472835'>
    <tag k='artwork_type' v='sculpture' />
    <tag k='name' v='仿古青銅鼎' />
    <tag k='tourism' v='artwork' />
  </node>
  <node id='4076397396' timestamp='2016-03-24T15:45:47Z' uid='274857' user='Supaplex' visible='true' version='2' changeset='38043990' lat='24.1785187' lon='120.648867'>
    <tag k='amenity' v='waste_basket' />
    <tag k='name' v='垃圾桶' />
  </node>
  <node id='4076400227' timestamp='2016-06-06T17:45:08Z' uid='274857' user='Supaplex' visible='true' version='3' changeset='39844235' lat='24.1786788' lon='120.6488444'>
    <tag k='amenity' v='drinking_water' />
  </node>
  <node id='4076401075' timestamp='2016-03-28T09:32:50Z' uid='3715415' user='洪靖嵐' visible='true' version='2' changeset='38115895' lat='24.1786359' lon='120.6487502'>
    <tag k='highway' v='elevator' />
    <tag k='name' v='電梯' />
  </node>
  <node id='4076402195' timestamp='2016-03-24T09:18:10Z' uid='3715399' user='羅詔謙' visible='true' version='1' changeset='38036813' lat='24.1789349' lon='120.6472862'>
    <tag k='description' v='系上辦有活動多於此處推廣' />
    <tag k='name' v='系辦活動推廣處' />
  </node>
  <node id='4076402196' timestamp='2016-03-24T09:18:10Z' uid='3715399' user='羅詔謙' visible='true' version='1' changeset='38036813' lat='24.1790094' lon='120.6470761' />
  <node id='4076402197' timestamp='2016-03-29T06:00:22Z' uid='3694264' user='John Lin' visible='true' version='4' changeset='38136012' lat='24.1790088' lon='120.647206' />
  <node id='4076402198' timestamp='2016-03-29T06:00:22Z' uid='3694264' user='John Lin' visible='true' version='3' changeset='38136012' lat='24.1790101' lon='120.6472287' />
  <node id='4076402199' timestamp='2016-03-24T09:18:10Z' uid='3715399' user='羅詔謙' visible='true' version='1' changeset='38036813' lat='24.1789585' lon='120.6472256' />
  <node id='4076402201' timestamp='2016-03-24T09:18:10Z' uid='3715399' user='羅詔謙' visible='true' version='1' changeset='38036813' lat='24.1786431' lon='120.6469593' />
  <node id='4076402202' timestamp='2025-06-21T01:50:58Z' uid='18325668' user='EMU800' visible='true' version='3' changeset='167895697' lat='24.1786285' lon='120.6469639' />
  <node id='4076403378' timestamp='2022-03-18T16:42:51Z' uid='1942781' user='yellowsoar' visible='true' version='6' changeset='118640219' lat='24.1787536' lon='120.6474011'>
    <tag k='description' v='滅火器' />
    <tag k='emergency' v='fire_hydrant' />
  </node>
  <node id='4076403379' timestamp='2019-05-27T15:52:26Z' uid='1942781' user='yellowsoar' visible='true' version='4' changeset='70666519' lat='24.1786109' lon='120.6478211'>
    <tag k='emergency' v='fire_extinguisher' />
  </node>
  <node id='4076403860' timestamp='2016-03-25T15:08:04Z' uid='3715426' user='黃建諭' visible='true' version='2' changeset='38064719' lat='24.1785525' lon='120.6475521'>
    <tag k='amenity' v='telephone' />
    <tag k='name' v='電梯' />
  </node>
  <node id='4076407004' timestamp='2016-06-06T17:45:08Z' uid='274857' user='Supaplex' visible='true' version='3' changeset='39844235' lat='24.1785904' lon='120.6477697'>
    <tag k='amenity' v='drinking_water' />
    <tag k='description' v='開水機' />
  </node>
  <node id='4076407143' timestamp='2019-05-27T15:52:26Z' uid='1942781' user='yellowsoar' visible='true' version='3' changeset='70666519' lat='24.1785763' lon='120.6472174'>
    <tag k='emergency' v='fire_extinguisher' />
  </node>
  <node id='4076407144' timestamp='2022-03-18T16:42:51Z' uid='1942781' user='yellowsoar' visible='true' version='4' changeset='118640219' lat='24.1785776' lon='120.6471851'>
    <tag k='description' v='滅火器' />
    <tag k='emergency' v='fire_hydrant' />
  </node>
  <node id='4076410222' timestamp='2019-05-27T15:52:26Z' uid='1942781' user='yellowsoar' visible='true' version='3' changeset='70666519' lat='24.1791496' lon='120.647134'>
    <tag k='emergency' v='fire_extinguisher' />
  </node>
  <node id='4076410309' timestamp='2019-05-27T15:52:26Z' uid='1942781' user='yellowsoar' visible='true' version='3' changeset='70666519' lat='24.1791514' lon='120.6471514'>
    <tag k='emergency' v='fire_extinguisher' />
    <tag k='fixme' v='需要確認是消防栓還是滅火器' />
    <tag k='name' v='消防栓' />
  </node>
  <node id='4076410382' timestamp='2022-03-18T16:42:51Z' uid='1942781' user='yellowsoar' visible='true' version='2' changeset='118640219' lat='24.1791184' lon='120.6467732'>
    <tag k='description' v='消防栓' />
    <tag k='emergency' v='fire_hydrant' />
  </node>
  <node id='4076416682' timestamp='2019-05-27T15:52:26Z' uid='1942781' user='yellowsoar' visible='true' version='3' changeset='70666519' lat='24.1791845' lon='120.6470849'>
    <tag k='emergency' v='fire_extinguisher' />
  </node>
  <node id='4076416684' timestamp='2024-03-01T16:38:42Z' uid='12616326' user='os-emmer' visible='true' version='3' changeset='148103682' lat='24.1781695' lon='120.6486582'>
    <tag k='name' v='緊急求助站' />
  </node>
  <node id='4076416685' timestamp='2019-05-27T15:52:26Z' uid='1942781' user='yellowsoar' visible='true' version='3' changeset='70666519' lat='24.1782205' lon='120.648895'>
    <tag k='emergency' v='fire_extinguisher' />
  </node>
  <node id='4076416686' timestamp='2016-06-06T17:45:08Z' uid='274857' user='Supaplex' visible='true' version='2' changeset='39844235' lat='24.1785766' lon='120.6489326'>
    <tag k='amenity' v='drinking_water' />
  </node>
  <node id='4076416687' timestamp='2019-05-27T15:52:26Z' uid='1942781' user='yellowsoar' visible='true' version='3' changeset='70666519' lat='24.178165' lon='120.6486992'>
    <tag k='emergency' v='fire_extinguisher' />
  </node>
  <node id='4076416688' timestamp='2025-02-27T11:56:39Z' uid='557496' user='claudia10' visible='true' version='6' changeset='163009187' lat='24.1787685' lon='120.648711'>
    <tag k='amenity' v='library_dropoff' />
    <tag k='name' v='還書箱' />
  </node>
  <node id='4076417389' timestamp='2016-03-24T09:32:37Z' uid='3687326' user='yuan-chi' visible='true' version='1' changeset='38037091' lat='24.178274' lon='120.6484965'>
    <tag k='amenity' v='waste_basket' />
    <tag k='name' v='垃圾桶' />
  </node>
  <node id='4076417390' timestamp='2019-05-27T15:52:26Z' uid='1942781' user='yellowsoar' visible='true' version='3' changeset='70666519' lat='24.1791957' lon='120.648266'>
    <tag k='emergency' v='fire_extinguisher' />
  </node>
  <node id='4076417391' timestamp='2016-03-24T09:32:37Z' uid='3687326' user='yuan-chi' visible='true' version='1' changeset='38037091' lat='24.1792853' lon='120.6485828'>
    <tag k='name' v='感應式洗手機(B1)' />
  </node>
  <node id='4076417392' timestamp='2016-03-24T09:32:37Z' uid='3687326' user='yuan-chi' visible='true' version='1' changeset='38037091' lat='24.179327' lon='120.6485835'>
    <tag k='name' v='玻璃擊破器(B1)' />
  </node>
  <node id='4076417393' timestamp='2022-03-18T16:42:51Z' uid='1942781' user='yellowsoar' visible='true' version='2' changeset='118640219' lat='24.1792917' lon='120.6486067'>
    <tag k='description' v='消防栓(B1)' />
    <tag k='emergency' v='fire_hydrant' />
  </node>
  <node id='4076417394' timestamp='2022-03-18T16:42:51Z' uid='1942781' user='yellowsoar' visible='true' version='2' changeset='118640219' lat='24.1793619' lon='120.6486863'>
    <tag k='description' v='消防栓(B1)' />
    <tag k='emergency' v='fire_hydrant' />
  </node>
  <node id='4076417395' timestamp='2022-03-18T16:42:51Z' uid='1942781' user='yellowsoar' visible='true' version='2' changeset='118640219' lat='24.1793079' lon='120.6487385'>
    <tag k='description' v='消防栓(B1)' />
    <tag k='emergency' v='fire_hydrant' />
  </node>
  <node id='4076417396' timestamp='2019-05-27T15:52:26Z' uid='1942781' user='yellowsoar' visible='true' version='3' changeset='70666519' lat='24.1788127' lon='120.6488944'>
    <tag k='emergency' v='fire_extinguisher' />
  </node>
  <node id='4076417397' timestamp='2016-03-28T17:00:51Z' uid='3715460' user='Soulwind' visible='true' version='2' changeset='38124928' lat='24.179381' lon='120.6485854'>
    <tag k='access' v='yes' />
    <tag k='amenity' v='toilets' />
    <tag k='male' v='yes' />
    <tag k='name' v='男廁(B1)' />
    <tag k='toilets:disposal' v='flush' />
  </node>
  <node id='4076417398' timestamp='2019-05-27T15:52:26Z' uid='1942781' user='yellowsoar' visible='true' version='3' changeset='70666519' lat='24.1793996' lon='120.6485915'>
    <tag k='description' v='B1' />
    <tag k='emergency' v='fire_extinguisher' />
  </node>
  <node id='4076417399' timestamp='2020-09-20T22:34:36Z' uid='2471987' user='rtbk' visible='true' version='4' changeset='91190205' lat='24.1793805' lon='120.6487742'>
    <tag k='access' v='yes' />
    <tag k='amenity' v='toilets' />
    <tag k='changing_table' v='no' />
    <tag k='female' v='yes' />
    <tag k='name' v='女廁(B1)' />
    <tag k='toilets:disposal' v='flush' />
  </node>
  <node id='4076417400' timestamp='2019-05-27T15:52:26Z' uid='1942781' user='yellowsoar' visible='true' version='3' changeset='70666519' lat='24.1794098' lon='120.6487755'>
    <tag k='description' v='B1' />
    <tag k='emergency' v='fire_extinguisher' />
  </node>
  <node id='4076417401' timestamp='2019-05-27T15:52:26Z' uid='1942781' user='yellowsoar' visible='true' version='5' changeset='70666519' lat='24.1786138' lon='120.6477394'>
    <tag k='description' v='行政二館無障礙坡道' />
    <tag k='emergency' v='fire_extinguisher' />
  </node>
  <node id='4076417402' timestamp='2016-03-24T09:32:38Z' uid='3687326' user='yuan-chi' visible='true' version='1' changeset='38037091' lat='24.1792465' lon='120.6467914'>
    <tag k='name' v='諮商輔導中心(行政區)' />
  </node>
  <node id='4076417403' timestamp='2016-03-24T09:32:38Z' uid='3687326' user='yuan-chi' visible='true' version='1' changeset='38037091' lat='24.1792455' lon='120.6470728'>
    <tag k='name' v='學生學習輔導中心' />
  </node>
  <node id='4076417404' timestamp='2016-03-24T09:32:38Z' uid='3687326' user='yuan-chi' visible='true' version='1' changeset='38037091' lat='24.181349' lon='120.6468031'>
    <tag k='amenity' v='waste_basket' />
    <tag k='name' v='垃圾桶' />
  </node>
  <node id='4076417405' timestamp='2016-03-24T09:32:38Z' uid='3687326' user='yuan-chi' visible='true' version='1' changeset='38037091' lat='24.1785734' lon='120.6471054'>
    <tag k='name' v='註冊課務組' />
  </node>
  <node id='4076417406' timestamp='2019-05-27T15:52:26Z' uid='1942781' user='yellowsoar' visible='true' version='4' changeset='70666519' lat='24.1788146' lon='120.6492298'>
    <tag k='emergency' v='fire_extinguisher' />
  </node>
  <node id='4076435545' timestamp='2017-12-20T13:41:51Z' uid='6802110' user='Bigmorr' visible='true' version='2' changeset='54787161' lat='24.1809765' lon='120.6479145' />
  <node id='4076439719' timestamp='2016-03-24T09:55:21Z' uid='3694277' user='王奕舜' visible='true' version='1' changeset='38037467' lat='24.1815814' lon='120.6466704' />
  <node id='4076439720' timestamp='2016-03-24T09:55:21Z' uid='3694277' user='王奕舜' visible='true' version='1' changeset='38037467' lat='24.18127' lon='120.646682' />
  <node id='4076439721' timestamp='2016-03-24T09:55:21Z' uid='3694277' user='王奕舜' visible='true' version='1' changeset='38037467' lat='24.1812765' lon='120.6468894' />
  <node id='4076439722' timestamp='2016-03-24T09:55:21Z' uid='3694277' user='王奕舜' visible='true' version='1' changeset='38037467' lat='24.1813774' lon='120.6468856' />
  <node id='4076439723' timestamp='2016-03-24T09:55:21Z' uid='3694277' user='王奕舜' visible='true' version='1' changeset='38037467' lat='24.1813742' lon='120.646785' />
  <node id='4076439724' timestamp='2016-03-24T09:55:21Z' uid='3694277' user='王奕舜' visible='true' version='1' changeset='38037467' lat='24.181571' lon='120.6467776' />
  <node id='4076439725' timestamp='2016-03-24T09:55:21Z' uid='3694277' user='王奕舜' visible='true' version='1' changeset='38037467' lat='24.1815854' lon='120.6472363' />
  <node id='4076439726' timestamp='2020-02-16T15:52:05Z' uid='6421436' user='SXCKH' visible='true' version='2' changeset='81074577' lat='24.1817713' lon='120.6472341' />
  <node id='4076712232' timestamp='2025-06-21T01:50:58Z' uid='18325668' user='EMU800' visible='true' version='4' changeset='167895697' lat='24.1781057' lon='120.6478949' />
  <node id='4076712233' timestamp='2016-03-24T13:39:13Z' uid='3694277' user='王奕舜' visible='true' version='1' changeset='38041627' lat='24.1787562' lon='120.6467096' />
  <node id='4076723877' timestamp='2025-06-21T01:50:58Z' uid='18325668' user='EMU800' visible='true' version='2' changeset='167895697' lat='24.1784302' lon='120.6473577' />
  <node id='4076726218' timestamp='2025-06-21T01:50:58Z' uid='18325668' user='EMU800' visible='true' version='3' changeset='167895697' lat='24.1780885' lon='120.6472474' />
  <node id='4076736488' timestamp='2016-03-29T11:13:02Z' uid='3694264' user='John Lin' visible='true' version='5' changeset='38142046' lat='24.1798423' lon='120.6468367' />
  <node id='4076879085' timestamp='2016-03-24T15:45:42Z' uid='274857' user='Supaplex' visible='true' version='1' changeset='38043990' lat='24.1820219' lon='120.6491662' />
  <node id='4076879086' timestamp='2016-03-24T15:45:42Z' uid='274857' user='Supaplex' visible='true' version='1' changeset='38043990' lat='24.1820223' lon='120.6494387' />
  <node id='4076879087' timestamp='2016-03-24T15:45:42Z' uid='274857' user='Supaplex' visible='true' version='1' changeset='38043990' lat='24.1821149' lon='120.649166' />
  <node id='4076879088' timestamp='2016-03-24T15:45:42Z' uid='274857' user='Supaplex' visible='true' version='1' changeset='38043990' lat='24.1821151' lon='120.6492957' />
  <node id='4076882289' timestamp='2016-03-24T15:45:42Z' uid='274857' user='Supaplex' visible='true' version='1' changeset='38043990' lat='24.1821154' lon='120.6494385' />
  <node id='4077623316' timestamp='2016-03-28T13:20:44Z' uid='3755144' user='江志展' visible='true' version='4' changeset='38120398' lat='24.1796866' lon='120.648759'>
    <tag k='name' v='積學堂' />
  </node>
  <node id='4077624320' timestamp='2016-03-25T05:34:17Z' uid='3692942' user='Jia Chian' visible='true' version='1' changeset='38055159' lat='24.17923' lon='120.647093'>
    <tag k='name' v='建築系學會' />
  </node>
  <node id='4077644489' timestamp='2020-03-05T17:45:45Z' uid='274857' user='Supaplex' visible='true' version='2' changeset='81833375' lat='24.1795958' lon='120.6493551' />
  <node id='4077644490' timestamp='2020-03-05T17:45:45Z' uid='274857' user='Supaplex' visible='true' version='2' changeset='81833375' lat='24.1795011' lon='120.6495361' />
  <node id='4077644494' timestamp='2016-03-25T06:05:54Z' uid='3692942' user='Jia Chian' visible='true' version='1' changeset='38055595' lat='24.1792767' lon='120.6469723'>
    <tag k='amenity' v='drinking_water' />
  </node>
  <node id='4077644495' timestamp='2016-03-25T06:05:54Z' uid='3692942' user='Jia Chian' visible='true' version='1' changeset='38055595' lat='24.1791534' lon='120.6478825'>
    <tag k='amenity' v='drinking_water' />
  </node>
  <node id='4077644496' timestamp='2016-03-28T13:19:54Z' uid='3755144' user='江志展' visible='true' version='2' changeset='38120390' lat='24.1796807' lon='120.6485159'>
    <tag k='amenity' v='drinking_water' />
  </node>
  <node id='4077644497' timestamp='2016-03-25T06:05:54Z' uid='3692942' user='Jia Chian' visible='true' version='1' changeset='38055595' lat='24.1809799' lon='120.6469637'>
    <tag k='amenity' v='drinking_water' />
  </node>
  <node id='4077644498' timestamp='2025-06-21T01:50:58Z' uid='18325668' user='EMU800' visible='true' version='2' changeset='167895697' lat='24.1783413' lon='120.6497156'>
    <tag k='amenity' v='drinking_water' />
  </node>
  <node id='4077644499' timestamp='2016-03-25T06:05:54Z' uid='3692942' user='Jia Chian' visible='true' version='1' changeset='38055595' lat='24.179331' lon='120.649932'>
    <tag k='amenity' v='drinking_water' />
  </node>
  <node id='4077644500' timestamp='2016-03-25T06:05:54Z' uid='3692942' user='Jia Chian' visible='true' version='1' changeset='38055595' lat='24.1798187' lon='120.6492203'>
    <tag k='amenity' v='drinking_water' />
  </node>
  <node id='4077644501' timestamp='2020-03-05T07:40:33Z' uid='6421436' user='SXCKH' visible='true' version='2' changeset='81809849' lat='24.1809505' lon='120.6499888' />
  <node id='4077644502' timestamp='2016-03-25T06:05:54Z' uid='3692942' user='Jia Chian' visible='true' version='1' changeset='38055595' lat='24.1810024' lon='120.6499785' />
  <node id='4077644504' timestamp='2016-03-25T06:05:54Z' uid='3692942' user='Jia Chian' visible='true' version='1' changeset='38055595' lat='24.1806276' lon='120.6497946' />
  <node id='4077644505' timestamp='2016-03-25T06:05:54Z' uid='3692942' user='Jia Chian' visible='true' version='1' changeset='38055595' lat='24.1810077' lon='120.6484465' />
  <node id='4077644507' timestamp='2016-03-25T06:05:54Z' uid='3692942' user='Jia Chian' visible='true' version='1' changeset='38055595' lat='24.1812004' lon='120.6486434' />
  <node id='4077644508' timestamp='2016-03-25T06:05:54Z' uid='3692942' user='Jia Chian' visible='true' version='1' changeset='38055595' lat='24.1808623' lon='120.6484384' />
  <node id='4077644509' timestamp='2016-03-25T06:05:55Z' uid='3692942' user='Jia Chian' visible='true' version='1' changeset='38055595' lat='24.1812228' lon='120.6487063' />
  <node id='4077644510' timestamp='2016-03-25T06:05:55Z' uid='3692942' user='Jia Chian' visible='true' version='1' changeset='38055595' lat='24.1805778' lon='120.6487267' />
  <node id='4077644511' timestamp='2016-03-25T06:05:55Z' uid='3692942' user='Jia Chian' visible='true' version='1' changeset='38055595' lat='24.1807828' lon='120.6499594' />
  <node id='4077644513' timestamp='2016-03-25T06:05:55Z' uid='3692942' user='Jia Chian' visible='true' version='1' changeset='38055595' lat='24.1816599' lon='120.6488372'>
    <tag k='amenity' v='drinking_water' />
  </node>
  <node id='4077644514' timestamp='2016-03-25T06:05:55Z' uid='3692942' user='Jia Chian' visible='true' version='1' changeset='38055595' lat='24.181841' lon='120.6486137' />
  <node id='4077644515' timestamp='2016-03-25T06:05:55Z' uid='3692942' user='Jia Chian' visible='true' version='1' changeset='38055595' lat='24.181848' lon='120.6488927' />
  <node id='4077644516' timestamp='2017-05-01T10:03:35Z' uid='1293194' user='nevw' visible='true' version='2' changeset='48302557' lat='24.1815764' lon='120.6492554' />
  <node id='4077644517' timestamp='2017-05-01T10:03:35Z' uid='1293194' user='nevw' visible='true' version='2' changeset='48302557' lat='24.181567' lon='120.6491835' />
  <node id='4077644518' timestamp='2016-03-25T06:05:55Z' uid='3692942' user='Jia Chian' visible='true' version='1' changeset='38055595' lat='24.1815411' lon='120.6491807' />
  <node id='4077644519' timestamp='2016-03-25T06:05:55Z' uid='3692942' user='Jia Chian' visible='true' version='1' changeset='38055595' lat='24.1814651' lon='120.6491822' />
  <node id='4077644520' timestamp='2017-05-01T10:03:35Z' uid='1293194' user='nevw' visible='true' version='3' changeset='48302557' lat='24.1814535' lon='120.648243' />
  <node id='4077644521' timestamp='2017-05-01T10:03:35Z' uid='1293194' user='nevw' visible='true' version='2' changeset='48302557' lat='24.1817692' lon='120.6482651' />
  <node id='4077644522' timestamp='2016-03-29T06:00:22Z' uid='3694264' user='John Lin' visible='true' version='2' changeset='38136012' lat='24.1796163' lon='120.6466476' />
  <node id='4077758696' timestamp='2016-03-25T08:35:22Z' uid='3352128' user='wangjrwey' visible='true' version='1' changeset='38057664' lat='24.1815848' lon='120.6487181'>
    <tag k='emergency' v='ambulance_station' />
    <tag k='name' v='體育館救護站' />
  </node>
  <node id='4078340020' timestamp='2016-03-25T15:08:02Z' uid='3715426' user='黃建諭' visible='true' version='1' changeset='38064719' lat='24.1792701' lon='120.6468829'>
    <tag k='amenity' v='library' />
    <tag k='name' v='圖書館建都分館' />
  </node>
  <node id='4078340034' timestamp='2016-03-25T15:08:02Z' uid='3715426' user='黃建諭' visible='true' version='1' changeset='38064719' lat='24.1809271' lon='120.6492177'>
    <tag k='leisure' v='track' />
    <tag k='name' v='操場草皮' />
    <tag k='sport' v='running' />
  </node>
  <node id='4078340035' timestamp='2016-03-25T15:08:02Z' uid='3715426' user='黃建諭' visible='true' version='1' changeset='38064719' lat='24.18178' lon='120.6473094' />
  <node id='4078340036' timestamp='2016-03-25T15:08:02Z' uid='3715426' user='黃建諭' visible='true' version='1' changeset='38064719' lat='24.181715' lon='120.6473106' />
  <node id='4078340037' timestamp='2016-03-25T15:08:03Z' uid='3715426' user='黃建諭' visible='true' version='1' changeset='38064719' lat='24.1817182' lon='120.6475032' />
  <node id='4078340038' timestamp='2016-03-25T15:08:03Z' uid='3715426' user='黃建諭' visible='true' version='1' changeset='38064719' lat='24.1817395' lon='120.6475067' />
  <node id='4078340039' timestamp='2016-03-25T15:08:03Z' uid='3715426' user='黃建諭' visible='true' version='1' changeset='38064719' lat='24.1817395' lon='120.6476013' />
  <node id='4078340040' timestamp='2016-03-25T15:08:03Z' uid='3715426' user='黃建諭' visible='true' version='1' changeset='38064719' lat='24.1817448' lon='120.6477659' />
  <node id='4078340041' timestamp='2016-03-25T15:08:03Z' uid='3715426' user='黃建諭' visible='true' version='1' changeset='38064719' lat='24.1817896' lon='120.6477636' />
  <node id='4078340042' timestamp='2016-03-25T15:08:03Z' uid='3715426' user='黃建諭' visible='true' version='1' changeset='38064719' lat='24.1817757' lon='120.647516' />
  <node id='4078340043' timestamp='2016-03-25T15:08:03Z' uid='3715426' user='黃建諭' visible='true' version='1' changeset='38064719' lat='24.1817885' lon='120.6475114' />
  <node id='4078429901' timestamp='2016-03-25T16:15:44Z' uid='3715444' user='楊婷茵' visible='true' version='1' changeset='38066006' lat='24.1810382' lon='120.6491654'>
    <tag k='leisure' v='track' />
    <tag k='sport' v='running' />
  </node>
  <node id='4078576645' timestamp='2016-11-12T16:37:20Z' uid='274857' user='Supaplex' visible='true' version='2' changeset='43584978' lat='24.180064' lon='120.6470553'>
    <tag k='name' v='逢甲琴韻吉他社' />
    <tag k='office' v='club' />
  </node>
  <node id='4078576700' timestamp='2016-03-28T13:14:32Z' uid='3755144' user='江志展' visible='true' version='2' changeset='38120281' lat='24.1802711' lon='120.6501149'>
    <tag k='amenity' v='waste_basket' />
    <tag k='name' v='女排區垃圾桶' />
  </node>
  <node id='4078576701' timestamp='2016-03-28T13:14:32Z' uid='3755144' user='江志展' visible='true' version='2' changeset='38120281' lat='24.1802675' lon='120.6498121'>
    <tag k='amenity' v='waste_basket' />
    <tag k='name' v='男排區垃圾桶' />
  </node>
  <node id='4079555953' timestamp='2016-03-26T07:23:18Z' uid='3715444' user='楊婷茵' visible='true' version='1' changeset='38077423' lat='24.1801899' lon='120.6486175'>
    <tag k='leisure' v='pitch' />
    <tag k='sport' v='tennis' />
  </node>
  <node id='4079557905' timestamp='2016-03-26T07:25:30Z' uid='3715444' user='楊婷茵' visible='true' version='1' changeset='38077443' lat='24.1815327' lon='120.6476122' />
  <node id='4079557906' timestamp='2020-03-05T17:45:45Z' uid='274857' user='Supaplex' visible='true' version='3' changeset='81833375' lat='24.1795355' lon='120.6495408' />
  <node id='4079563808' timestamp='2016-03-26T07:33:37Z' uid='3715444' user='楊婷茵' visible='true' version='1' changeset='38077500' lat='24.17984' lon='120.6494815'>
    <tag k='amenity' v='toilets' />
  </node>
  <node id='4079565597' timestamp='2016-03-26T08:42:55Z' uid='274857' user='Supaplex' visible='true' version='2' changeset='38078178' lat='24.1813941' lon='120.6474658' />
  <node id='4079565743' timestamp='2016-03-26T08:42:55Z' uid='274857' user='Supaplex' visible='true' version='2' changeset='38078178' lat='24.1816359' lon='120.6475572' />
  <node id='4079565744' timestamp='2016-03-26T08:42:55Z' uid='274857' user='Supaplex' visible='true' version='2' changeset='38078178' lat='24.1814414' lon='120.6476799' />
  <node id='4079566413' timestamp='2016-03-26T07:39:35Z' uid='3715444' user='楊婷茵' visible='true' version='1' changeset='38077550' lat='24.1801073' lon='120.6476946' />
  <node id='4079567064' timestamp='2016-03-26T07:41:04Z' uid='3715444' user='楊婷茵' visible='true' version='1' changeset='38077565' lat='24.1785673' lon='120.648821'>
    <tag k='amenity' v='cafe' />
  </node>
  <node id='4079573175' timestamp='2016-03-26T07:55:10Z' uid='3715444' user='楊婷茵' visible='true' version='1' changeset='38077691' lat='24.1815908' lon='120.6487331'>
    <tag k='amenity' v='toilets' />
  </node>
  <node id='4079576780' timestamp='2016-03-26T08:07:42Z' uid='3715444' user='楊婷茵' visible='true' version='1' changeset='38077844' lat='24.1791439' lon='120.646775'>
    <tag k='amenity' v='toilets' />
  </node>
  <node id='4079576781' timestamp='2016-03-26T08:07:42Z' uid='3715444' user='楊婷茵' visible='true' version='1' changeset='38077844' lat='24.1802793' lon='120.6497904' />
  <node id='4079585401' timestamp='2016-03-26T08:15:54Z' uid='3715444' user='楊婷茵' visible='true' version='1' changeset='38077922' lat='24.1782777' lon='120.6484219'>
    <tag k='amenity' v='toilets' />
  </node>
  <node id='4079599830' timestamp='2016-03-26T08:42:55Z' uid='274857' user='Supaplex' visible='true' version='1' changeset='38078178' lat='24.1816309' lon='120.6472715' />
  <node id='4080159297' timestamp='2016-03-26T16:21:24Z' uid='3715444' user='楊婷茵' visible='true' version='1' changeset='38085502' lat='24.1798486' lon='120.6500259'>
    <tag k='amenity' v='drinking_water' />
  </node>
  <node id='4080167467' timestamp='2016-06-06T17:45:08Z' uid='274857' user='Supaplex' visible='true' version='3' changeset='39844235' lat='24.1804065' lon='120.6491729'>
    <tag k='amenity' v='drinking_water' />
  </node>
  <node id='4080167583' timestamp='2016-03-26T16:22:12Z' uid='3715444' user='楊婷茵' visible='true' version='1' changeset='38085518' lat='24.1815712' lon='120.646716'>
    <tag k='amenity' v='drinking_water' />
  </node>
  <node id='4080168040' timestamp='2016-03-26T16:23:19Z' uid='3715444' user='楊婷茵' visible='true' version='1' changeset='38085535' lat='24.1783807' lon='120.6479128' />
  <node id='4080168214' timestamp='2016-03-26T16:24:08Z' uid='3715444' user='楊婷茵' visible='true' version='1' changeset='38085549' lat='24.1800795' lon='120.646855'>
    <tag k='amenity' v='waste_basket' />
  </node>
  <node id='4080171477' timestamp='2016-03-26T16:28:40Z' uid='3715444' user='楊婷茵' visible='true' version='1' changeset='38085671' lat='24.1791586' lon='120.6469896'>
    <tag k='amenity' v='vending_machine' />
    <tag k='vending' v='drinks' />
  </node>
  <node id='4080177479' timestamp='2025-06-21T01:50:58Z' uid='18325668' user='EMU800' visible='true' version='2' changeset='167895697' lat='24.1782887' lon='120.6498073'>
    <tag k='amenity' v='cafe' />
  </node>
  <node id='4081020618' timestamp='2016-03-27T09:11:47Z' uid='3751987' user='吕天天' visible='true' version='1' changeset='38096342' lat='24.1786351' lon='120.6467049' />
  <node id='4081023889' timestamp='2016-03-27T09:05:23Z' uid='3751987' user='吕天天' visible='true' version='1' changeset='38096273' lat='24.180176' lon='120.6486182'>
    <tag k='leisure' v='pitch' />
    <tag k='sport' v='tennis' />
  </node>
  <node id='4081049493' timestamp='2016-03-27T09:29:40Z' uid='3700780' user='吳兆鴻' visible='true' version='1' changeset='38096568' lat='24.1781924' lon='120.6486727'>
    <tag k='amenity' v='vending_machine' />
    <tag k='vending' v='drinks' />
  </node>
  <node id='4081052494' timestamp='2025-06-21T01:50:58Z' uid='18325668' user='EMU800' visible='true' version='4' changeset='167895697' lat='24.1780937' lon='120.6479283' />
  <node id='4081052495' timestamp='2025-06-21T01:50:58Z' uid='18325668' user='EMU800' visible='true' version='4' changeset='167895697' lat='24.1781704' lon='120.6501239' />
  <node id='4081061949' timestamp='2016-03-27T09:46:35Z' uid='3700780' user='吳兆鴻' visible='true' version='1' changeset='38096791' lat='24.181073' lon='120.6474174'>
    <tag k='amenity' v='vending_machine' />
    <tag k='vending' v='drinks' />
  </node>
  <node id='4081062008' timestamp='2016-03-27T09:42:49Z' uid='3700780' user='吳兆鴻' visible='true' version='1' changeset='38096738' lat='24.1793847' lon='120.6481318'>
    <tag k='emergency' v='yes' />
    <tag k='name' v='緊急沖淋設備' />
  </node>
  <node id='4081065331' timestamp='2016-03-27T09:48:47Z' uid='3700780' user='吳兆鴻' visible='true' version='1' changeset='38096812' lat='24.1810727' lon='120.6474163'>
    <tag k='emergency' v='yes' />
    <tag k='name' v='緊急安全器材櫃' />
  </node>
  <node id='4081067146' timestamp='2016-03-27T09:51:17Z' uid='3700780' user='吳兆鴻' visible='true' version='1' changeset='38096843' lat='24.1810322' lon='120.64751' />
  <node id='4081067147' timestamp='2016-03-27T09:51:17Z' uid='3700780' user='吳兆鴻' visible='true' version='1' changeset='38096843' lat='24.181004' lon='120.6474716' />
  <node id='4081067148' timestamp='2016-03-27T09:51:17Z' uid='3700780' user='吳兆鴻' visible='true' version='1' changeset='38096843' lat='24.1809579' lon='120.6474541' />
  <node id='4081067149' timestamp='2016-03-27T09:51:17Z' uid='3700780' user='吳兆鴻' visible='true' version='1' changeset='38096843' lat='24.1809312' lon='120.6474684' />
  <node id='4081067150' timestamp='2016-03-27T09:51:17Z' uid='3700780' user='吳兆鴻' visible='true' version='1' changeset='38096843' lat='24.1809157' lon='120.6475366' />
  <node id='4081067151' timestamp='2016-03-27T09:51:17Z' uid='3700780' user='吳兆鴻' visible='true' version='1' changeset='38096843' lat='24.1809361' lon='120.6475664' />
  <node id='4081067152' timestamp='2016-03-27T09:51:17Z' uid='3700780' user='吳兆鴻' visible='true' version='1' changeset='38096843' lat='24.1810065' lon='120.6475653' />
  <node id='4081067153' timestamp='2016-03-27T09:51:17Z' uid='3700780' user='吳兆鴻' visible='true' version='1' changeset='38096843' lat='24.181039' lon='120.6475286' />
  <node id='4081070287' timestamp='2016-03-27T09:57:52Z' uid='3700780' user='吳兆鴻' visible='true' version='1' changeset='38096957' lat='24.1808765' lon='120.6474369'>
    <tag k='emergency' v='yes' />
    <tag k='name' v='緊急沖淋洗眼器' />
  </node>
  <node id='4081073059' timestamp='2016-03-27T09:59:36Z' uid='3700780' user='吳兆鴻' visible='true' version='1' changeset='38096985' lat='24.1811498' lon='120.6480398'>
    <tag k='emergency' v='fire_hydrant' />
    <tag k='fire_hydrant:type' v='wall' />
  </node>
  <node id='4081077263' timestamp='2016-03-27T09:58:46Z' uid='3700780' user='吳兆鴻' visible='true' version='1' changeset='38096970' lat='24.1811425' lon='120.6480722'>
    <tag k='emergency' v='yes' />
    <tag k='name' v='緊急沖淋洗眼器' />
  </node>
  <node id='4081077269' timestamp='2016-03-27T10:01:09Z' uid='3700780' user='吳兆鴻' visible='true' version='1' changeset='38097006' lat='24.1810422' lon='120.647651'>
    <tag k='amenity' v='drinking_water' />
  </node>
  <node id='4081079641' timestamp='2016-03-27T10:04:19Z' uid='3700780' user='吳兆鴻' visible='true' version='1' changeset='38097047' lat='24.1796597' lon='120.6477802'>
    <tag k='artwork_type' v='stone' />
    <tag k='name' v='第一招待所修繕記石碑' />
    <tag k='tourism' v='artwork' />
  </node>
  <node id='4081079650' timestamp='2016-11-12T17:41:34Z' uid='274857' user='Supaplex' visible='true' version='3' changeset='43586504' lat='24.1804097' lon='120.6466948'>
    <tag k='amenity' v='vending_machine' />
    <tag k='name' v='口罩自動販賣機' />
    <tag k='vending' v='Masks' />
  </node>
  <node id='4081079682' timestamp='2022-03-18T16:42:51Z' uid='1942781' user='yellowsoar' visible='true' version='2' changeset='118640219' lat='24.1811521' lon='120.6467017'>
    <tag k='description' v='消防送水口' />
    <tag k='emergency' v='fire_hydrant' />
    <tag k='fire_hydrant:type' v='pillar' />
  </node>
  <node id='4081081411' timestamp='2016-03-27T10:09:57Z' uid='3700780' user='吳兆鴻' visible='true' version='1' changeset='38097124' lat='24.180751' lon='120.6465577' />
  <node id='4081081412' timestamp='2016-03-27T10:09:57Z' uid='3700780' user='吳兆鴻' visible='true' version='1' changeset='38097124' lat='24.1807537' lon='120.6466143' />
  <node id='4081086889' timestamp='2016-03-27T10:13:59Z' uid='3700780' user='吳兆鴻' visible='true' version='1' changeset='38097180' lat='24.1812204' lon='120.6466597'>
    <tag k='map' v='Signpost' />
    <tag k='name' v='逢甲大學逢甲校區配置圖' />
  </node>
  <node id='4081086898' timestamp='2019-05-27T15:52:26Z' uid='1942781' user='yellowsoar' visible='true' version='3' changeset='70666519' lat='24.1812736' lon='120.6465574'>
    <tag k='emergency' v='fire_extinguisher' />
  </node>
  <node id='4081093425' timestamp='2022-03-18T16:42:51Z' uid='1942781' user='yellowsoar' visible='true' version='3' changeset='118640219' lat='24.181316' lon='120.6466774'>
    <tag k='description' v='消防栓' />
    <tag k='emergency' v='fire_hydrant' />
    <tag k='fire_hydrant:type' v='pillar' />
  </node>
  <node id='4081104454' timestamp='2020-03-05T07:40:33Z' uid='6421436' user='SXCKH' visible='true' version='3' changeset='81809849' lat='24.1809853' lon='120.6479817'>
    <tag k='amenity' v='toilets' />
    <tag k='fee' v='no' />
    <tag k='name' v='化妝室' />
  </node>
  <node id='4081106466' timestamp='2025-05-10T03:43:36Z' uid='274857' user='Supaplex' visible='true' version='4' changeset='166052313' lat='24.1813232' lon='120.6465837'>
    <tag k='alt_name' v='中華郵政;郵局' />
    <tag k='amenity' v='atm' />
    <tag k='brand' v='中華郵政' />
    <tag k='brand:en' v='Chunghwa Post' />
    <tag k='brand:nan' v='Tiong-hôa Iû-chèng' />
    <tag k='brand:nan-Hant' v='中華郵政' />
    <tag k='brand:nan-Latn-pehoeji' v='Tiong-hôa Iû-chèng' />
    <tag k='brand:nan-Latn-tailo' v='Tiong-huâ Iû-tsìng' />
    <tag k='brand:wikidata' v='Q709259' />
    <tag k='brand:zh' v='中華郵政' />
    <tag k='drive_through' v='no' />
    <tag k='name' v='郵局ATM' />
    <tag k='operator' v='中華郵政' />
  </node>
  <node id='4082445875' timestamp='2019-12-02T13:44:20Z' uid='6421436' user='SXCKH' visible='true' version='2' changeset='77824759' lat='24.179302' lon='120.6475172' />
  <node id='4082445876' timestamp='2020-03-05T07:40:33Z' uid='6421436' user='SXCKH' visible='true' version='2' changeset='81809849' lat='24.1800643' lon='120.6466601'>
    <tag k='name' v='育樂館室外梯' />
  </node>
  <node id='4082456410' timestamp='2016-03-28T07:43:14Z' uid='3672350' user='jou tzu' visible='true' version='1' changeset='38113736' lat='24.1816636' lon='120.6493873'>
    <tag k='name' v='下水梯' />
  </node>
  <node id='4082456536' timestamp='2016-11-12T16:37:20Z' uid='274857' user='Supaplex' visible='true' version='2' changeset='43584978' lat='24.1802485' lon='120.6467561'>
    <tag k='name' v='攝影社社辦' />
    <tag k='office' v='club' />
  </node>
  <node id='4082461723' timestamp='2016-03-28T07:42:45Z' uid='3672350' user='jou tzu' visible='true' version='1' changeset='38113729' lat='24.1814528' lon='120.6498618'>
    <tag k='name' v='下水梯' />
  </node>
  <node id='4082461789' timestamp='2016-03-28T07:42:02Z' uid='3672350' user='jou tzu' visible='true' version='1' changeset='38113716' lat='24.1814528' lon='120.6493935'>
    <tag k='name' v='下水梯' />
  </node>
  <node id='4082463498' timestamp='2016-03-28T07:43:40Z' uid='3672350' user='jou tzu' visible='true' version='1' changeset='38113745' lat='24.1816704' lon='120.6498587'>
    <tag k='name' v='下水梯' />
  </node>
  <node id='4082466710' timestamp='2016-03-28T07:45:18Z' uid='3672350' user='jou tzu' visible='true' version='1' changeset='38113774' lat='24.1816552' lon='120.6499912' />
  <node id='4082466711' timestamp='2016-03-28T07:45:18Z' uid='3672350' user='jou tzu' visible='true' version='1' changeset='38113774' lat='24.1814416' lon='120.6499896' />
  <node id='4082466712' timestamp='2016-03-28T07:45:18Z' uid='3672350' user='jou tzu' visible='true' version='1' changeset='38113774' lat='24.1814416' lon='120.650022' />
  <node id='4082466713' timestamp='2016-03-28T07:45:18Z' uid='3672350' user='jou tzu' visible='true' version='1' changeset='38113774' lat='24.1816566' lon='120.6500204' />
  <node id='4082467276' timestamp='2016-03-28T07:46:09Z' uid='3672350' user='jou tzu' visible='true' version='1' changeset='38113788' lat='24.1816974' lon='120.6493241'>
    <tag k='name' v='更衣室出入口' />
  </node>
  <node id='4082469925' timestamp='2016-03-28T13:12:11Z' uid='3755144' user='江志展' visible='true' version='2' changeset='38120226' lat='24.1797223' lon='120.6493073'>
    <tag k='name' v='出入口' />
  </node>
  <node id='4082471968' timestamp='2016-03-28T07:48:18Z' uid='3672350' user='jou tzu' visible='true' version='1' changeset='38113817' lat='24.1802878' lon='120.6496338'>
    <tag k='name' v='休憩區' />
  </node>
  <node id='4082472297' timestamp='2016-03-28T17:06:23Z' uid='3715460' user='Soulwind' visible='true' version='3' changeset='38125043' lat='24.1801668' lon='120.6491686'>
    <tag k='door' v='yes' />
    <tag k='name' v='側門出入口' />
  </node>
  <node id='4082489660' timestamp='2016-03-28T08:02:26Z' uid='3672350' user='jou tzu' visible='true' version='1' changeset='38114037' lat='24.1812851' lon='120.6468891' />
  <node id='4082489661' timestamp='2016-03-28T08:02:26Z' uid='3672350' user='jou tzu' visible='true' version='1' changeset='38114037' lat='24.1812898' lon='120.646985' />
  <node id='4082489662' timestamp='2016-03-28T08:02:26Z' uid='3672350' user='jou tzu' visible='true' version='1' changeset='38114037' lat='24.1814478' lon='120.6469774' />
  <node id='4082489663' timestamp='2016-03-28T08:02:26Z' uid='3672350' user='jou tzu' visible='true' version='1' changeset='38114037' lat='24.18149' lon='120.6468432' />
  <node id='4082489664' timestamp='2016-03-28T08:02:26Z' uid='3672350' user='jou tzu' visible='true' version='1' changeset='38114037' lat='24.1814882' lon='120.6467853' />
  <node id='4082489665' timestamp='2016-03-28T08:02:26Z' uid='3672350' user='jou tzu' visible='true' version='1' changeset='38114037' lat='24.1814567' lon='120.6468757' />
  <node id='4082489666' timestamp='2016-03-28T08:02:26Z' uid='3672350' user='jou tzu' visible='true' version='1' changeset='38114037' lat='24.1814126' lon='120.6468859' />
  <node id='4082489667' timestamp='2016-03-28T08:02:26Z' uid='3672350' user='jou tzu' visible='true' version='1' changeset='38114037' lat='24.1813815' lon='120.6468874' />
  <node id='4082497708' timestamp='2016-03-28T13:09:46Z' uid='3755144' user='江志展' visible='true' version='2' changeset='38120180' lat='24.1807102' lon='120.650102'>
    <tag k='amenity' v='bench' />
    <tag k='name' v='休憩區' />
  </node>
  <node id='4082505993' timestamp='2016-03-28T08:09:04Z' uid='3672350' user='jou tzu' visible='true' version='1' changeset='38114133' lat='24.1814855' lon='120.6464768' />
  <node id='4082505994' timestamp='2016-03-28T08:09:04Z' uid='3672350' user='jou tzu' visible='true' version='1' changeset='38114133' lat='24.1814863' lon='120.6464901' />
  <node id='4082505995' timestamp='2016-03-28T08:09:04Z' uid='3672350' user='jou tzu' visible='true' version='1' changeset='38114133' lat='24.1813111' lon='120.6464972' />
  <node id='4082505996' timestamp='2016-03-28T08:09:04Z' uid='3672350' user='jou tzu' visible='true' version='1' changeset='38114133' lat='24.1813128' lon='120.6464821' />
  <node id='4082506033' timestamp='2016-03-28T08:10:33Z' uid='3672350' user='jou tzu' visible='true' version='1' changeset='38114164' lat='24.1812086' lon='120.6464786' />
  <node id='4082506034' timestamp='2016-03-28T08:10:33Z' uid='3672350' user='jou tzu' visible='true' version='1' changeset='38114164' lat='24.1812086' lon='120.6465043' />
  <node id='4082506035' timestamp='2016-03-28T08:10:33Z' uid='3672350' user='jou tzu' visible='true' version='1' changeset='38114164' lat='24.180759' lon='120.6465219' />
  <node id='4082506036' timestamp='2016-03-28T08:10:33Z' uid='3672350' user='jou tzu' visible='true' version='1' changeset='38114164' lat='24.1807566' lon='120.6464963' />
  <node id='4082508389' timestamp='2016-03-28T10:00:05Z' uid='3715415' user='洪靖嵐' visible='true' version='2' changeset='38116522' lat='24.1814057' lon='120.6500075'>
    <tag k='highway' v='steps' />
    <tag k='name' v='階梯' />
  </node>
  <node id='4082512525' timestamp='2016-03-28T13:16:40Z' uid='3755144' user='江志展' visible='true' version='4' changeset='38120331' lat='24.1802703' lon='120.6489881'>
    <tag k='amenity' v='bench' />
    <tag k='name' v='休憩區' />
  </node>
  <node id='4082514941' timestamp='2016-03-28T13:09:45Z' uid='3755144' user='江志展' visible='true' version='3' changeset='38120180' lat='24.1802828' lon='120.6491247'>
    <tag k='amenity' v='vending_machine' />
    <tag k='name' v='飲料販賣機' />
  </node>
  <node id='4082518575' timestamp='2016-03-28T08:17:17Z' uid='3754505' user='jianlu' visible='true' version='1' changeset='38114294' lat='24.1804558' lon='120.6488575'>
    <tag k='name' v='沙坑' />
  </node>
  <node id='4082519350' timestamp='2016-06-06T17:45:08Z' uid='274857' user='Supaplex' visible='true' version='3' changeset='39844235' lat='24.18043' lon='120.6493296'>
    <tag k='amenity' v='drinking_water' />
  </node>
  <node id='4082519351' timestamp='2016-03-28T08:20:12Z' uid='3754505' user='jianlu' visible='true' version='1' changeset='38114345' lat='24.1800098' lon='120.6501299'>
    <tag k='name' v='門' />
  </node>
  <node id='4082522091' timestamp='2016-03-28T13:14:48Z' uid='3755144' user='江志展' visible='true' version='2' changeset='38120288' lat='24.1803152' lon='120.6497898'>
    <tag k='name' v='門' />
  </node>
  <node id='4082526950' timestamp='2016-03-28T13:09:46Z' uid='3755144' user='江志展' visible='true' version='3' changeset='38120180' lat='24.179098' lon='120.6485384'>
    <tag k='emergency' v='siren' />
    <tag k='name' v='緊急求救按鈕' />
  </node>
  <node id='4082530316' timestamp='2016-03-28T08:24:24Z' uid='3754505' user='jianlu' visible='true' version='1' changeset='38114425' lat='24.1791327' lon='120.6486623' />
  <node id='4082530317' timestamp='2016-03-28T08:24:24Z' uid='3754505' user='jianlu' visible='true' version='1' changeset='38114425' lat='24.179093' lon='120.6486626' />
  <node id='4082530318' timestamp='2016-03-28T08:24:24Z' uid='3754505' user='jianlu' visible='true' version='1' changeset='38114425' lat='24.1790918' lon='120.6485624' />
  <node id='4082531491' timestamp='2016-03-28T13:09:46Z' uid='3755144' user='江志展' visible='true' version='3' changeset='38120180' lat='24.1788679' lon='120.6479906'>
    <tag k='amenity' v='bench' />
    <tag k='name' v='涼椅' />
  </node>
  <node id='4082540629' timestamp='2016-03-28T13:09:46Z' uid='3755144' user='江志展' visible='true' version='2' changeset='38120180' lat='24.1809556' lon='120.6483241'>
    <tag k='amenity' v='bench' />
    <tag k='name' v='休憩區' />
  </node>
  <node id='4082544339' timestamp='2016-03-28T08:34:07Z' uid='3754505' user='jianlu' visible='true' version='1' changeset='38114609' lat='24.1799972' lon='120.6501567'>
    <tag k='name' v='凸面鏡' />
  </node>
  <node id='4082544345' timestamp='2016-03-28T08:34:50Z' uid='3754505' user='jianlu' visible='true' version='1' changeset='38114627' lat='24.1791273' lon='120.6489402'>
    <tag k='name' v='停車場出入口' />
  </node>
  <node id='4082548299' timestamp='2016-03-28T08:37:08Z' uid='3754505' user='jianlu' visible='true' version='1' changeset='38114677' lat='24.1793488' lon='120.6495839'>
    <tag k='amenity' v='vending_machine' />
    <tag k='vending' v='drinks' />
  </node>
  <node id='4082550369' timestamp='2016-06-06T17:45:08Z' uid='274857' user='Supaplex' visible='true' version='4' changeset='39844235' lat='24.178994' lon='120.6466982'>
    <tag k='amenity' v='drinking_water' />
  </node>
  <node id='4082551283' timestamp='2016-03-28T08:44:36Z' uid='3754505' user='jianlu' visible='true' version='1' changeset='38114835' lat='24.1806451' lon='120.6486757'>
    <tag k='name' v='投擲點' />
  </node>
  <node id='4082556472' timestamp='2016-03-28T10:03:32Z' uid='3715415' user='洪靖嵐' visible='true' version='2' changeset='38116604' lat='24.181562' lon='120.6467654'>
    <tag k='highway' v='elevator' />
    <tag k='name' v='電梯' />
  </node>
  <node id='4082559537' timestamp='2016-03-28T08:45:07Z' uid='3754505' user='jianlu' visible='true' version='1' changeset='38114854' lat='24.1811802' lon='120.6497363'>
    <tag k='name' v='投擲點' />
  </node>
  <node id='4082573316' timestamp='2016-03-28T08:54:38Z' uid='3754505' user='jianlu' visible='true' version='1' changeset='38115091' lat='24.1800398' lon='120.6488677'>
    <tag k='name' v='門' />
  </node>
  <node id='4082583735' timestamp='2016-03-28T09:00:43Z' uid='3754505' user='jianlu' visible='true' version='1' changeset='38115229' lat='24.1804609' lon='120.6489361' />
  <node id='4082583736' timestamp='2016-03-28T09:00:43Z' uid='3754505' user='jianlu' visible='true' version='1' changeset='38115229' lat='24.1804692' lon='120.649487' />
  <node id='4082587763' timestamp='2016-03-28T10:01:08Z' uid='3715415' user='洪靖嵐' visible='true' version='2' changeset='38116547' lat='24.1813355' lon='120.6486792'>
    <tag k='highway' v='steps' />
    <tag k='name' v='階梯' />
  </node>
  <node id='4082592521' timestamp='2016-03-28T09:03:45Z' uid='3754505' user='jianlu' visible='true' version='1' changeset='38115293' lat='24.179199' lon='120.6500574'>
    <tag k='amenity' v='drinking_water' />
  </node>
  <node id='4082699699' timestamp='2024-03-01T16:38:42Z' uid='12616326' user='os-emmer' visible='true' version='2' changeset='148103682' lat='24.1818831' lon='120.648129'>
    <tag k='name' v='北門警衛室' />
  </node>
  <node id='4082701848' timestamp='2024-03-01T16:38:42Z' uid='12616326' user='os-emmer' visible='true' version='3' changeset='148103682' lat='24.178706' lon='120.6466169'>
    <tag k='name' v='大門警衛室' />
  </node>
  <node id='4082953998' timestamp='2016-03-28T12:58:27Z' uid='3755149' user='簡健祐' visible='true' version='1' changeset='38119957' lat='24.1809341' lon='120.6490229'>
    <tag k='leisure' v='pitch' />
    <tag k='name' v='足球場' />
  </node>
  <node id='4082953999' timestamp='2017-10-26T11:12:01Z' uid='5443326' user='Miller Liu' visible='true' version='4' changeset='53260387' lat='24.1801979' lon='120.6484132'>
    <tag k='hoops' v='2' />
    <tag k='leisure' v='pitch' />
    <tag k='name' v='籃5' />
    <tag k='sport' v='basketball' />
    <tag k='surface' v='paved' />
  </node>
  <node id='4082954000' timestamp='2021-12-16T15:46:10Z' uid='12424494' user='lovelyfurball88' visible='true' version='4' changeset='115015113' lat='24.1800913' lon='120.649097' />
  <node id='4082954001' timestamp='2020-12-06T18:46:46Z' uid='12294502' user='mapalangeo' visible='true' version='4' changeset='95377197' lat='24.1802668' lon='120.6488819' />
  <node id='4082954002' timestamp='2021-12-16T15:47:06Z' uid='12424494' user='lovelyfurball88' visible='true' version='4' changeset='115015143' lat='24.180099' lon='120.6494156' />
  <node id='4082954003' timestamp='2021-12-16T15:47:52Z' uid='12424494' user='lovelyfurball88' visible='true' version='5' changeset='115015162' lat='24.1801172' lon='120.6497234' />
  <node id='4082954004' timestamp='2016-03-28T17:03:52Z' uid='3715460' user='Soulwind' visible='true' version='3' changeset='38124994' lat='24.1800635' lon='120.6496509'>
    <tag k='hoops' v='2' />
    <tag k='leisure' v='pitch' />
    <tag k='name' v='籃2' />
    <tag k='sport' v='basketball' />
    <tag k='surface' v='paved' />
  </node>
  <node id='4082956762' timestamp='2016-03-28T12:52:40Z' uid='3755142' user='李懿軒' visible='true' version='1' changeset='38119858' lat='24.1792112' lon='120.6470719'>
    <tag k='name' v='都資系' />
    <tag k='office' v='educational_institution' />
  </node>
  <node id='4082965314' timestamp='2016-03-28T17:02:32Z' uid='3715460' user='Soulwind' visible='true' version='2' changeset='38124964' lat='24.1801587' lon='120.6498996'>
    <tag k='leisure' v='pitch' />
    <tag k='name' v='男子排球場' />
    <tag k='sport' v='volleyball' />
    <tag k='surface' v='paved' />
  </node>
  <node id='4082965315' timestamp='2016-03-28T12:58:28Z' uid='3755142' user='李懿軒' visible='true' version='1' changeset='38119959' lat='24.1801635' lon='120.650066'>
    <tag k='leisure' v='pitch' />
    <tag k='name' v='女子排球場' />
    <tag k='sport' v='volleyball' />
  </node>
  <node id='4082965316' timestamp='2016-03-28T13:14:17Z' uid='3755144' user='江志展' visible='true' version='2' changeset='38120274' lat='24.1801594' lon='120.6501328'>
    <tag k='amenity' v='bench' />
    <tag k='name' v='排球場休息區' />
  </node>
  <node id='4082969484' timestamp='2016-03-28T13:02:20Z' uid='3755142' user='李懿軒' visible='true' version='1' changeset='38120035' lat='24.1792951' lon='120.6485157'>
    <tag k='name' v='階梯' />
  </node>
  <node id='4082969485' timestamp='2016-03-28T13:02:20Z' uid='3755142' user='李懿軒' visible='true' version='1' changeset='38120035' lat='24.1793725' lon='120.6485249'>
    <tag k='name' v='階梯' />
  </node>
  <node id='4082972620' timestamp='2016-03-28T13:01:56Z' uid='3755149' user='簡健祐' visible='true' version='1' changeset='38120028' lat='24.1800498' lon='120.6499168'>
    <tag k='leisure' v='pitch' />
    <tag k='name' v='排球場鐵網' />
  </node>
  <node id='4082972621' timestamp='2016-03-28T13:01:56Z' uid='3755149' user='簡健祐' visible='true' version='1' changeset='38120028' lat='24.1792668' lon='120.6469258'>
    <tag k='name' v='忠勤802教室' />
    <tag k='office' v='educational_institution' />
  </node>
  <node id='4082977188' timestamp='2016-03-28T13:15:14Z' uid='3755144' user='江志展' visible='true' version='2' changeset='38120299' lat='24.1802861' lon='120.6492981'>
    <tag k='amenity' v='vending_machine' />
    <tag k='name' v='飲料販賣機' />
    <tag k='vending' v='drinks' />
  </node>
  <node id='4082977882' timestamp='2020-03-05T07:40:33Z' uid='6421436' user='SXCKH' visible='true' version='2' changeset='81809849' lat='24.1814014' lon='120.6471853'>
    <tag k='name' v='烏龜' />
  </node>
  <node id='4082984531' timestamp='2022-11-03T04:13:06Z' uid='274857' user='Supaplex' visible='true' version='3' changeset='128417503' lat='24.17964' lon='120.6500305'>
    <tag k='natural' v='tree' />
  </node>
  <node id='4082984705' timestamp='2016-03-28T13:19:02Z' uid='3755144' user='江志展' visible='true' version='2' changeset='38120374' lat='24.1802891' lon='120.6493445'>
    <tag k='amenity' v='vending_machine' />
    <tag k='name' v='飲料販賣機' />
  </node>
  <node id='4082984706' timestamp='2026-03-16T02:28:00Z' uid='274857' user='Supaplex' visible='true' version='7' changeset='179923827' lat='24.1802867' lon='120.6466985'>
    <tag k='addr:city' v='臺中市' />
    <tag k='addr:country' v='TW' />
    <tag k='addr:district' v='西屯區' />
    <tag k='addr:full' v='407臺中市西屯區文華路100號' />
    <tag k='addr:housenumber' v='100' />
    <tag k='addr:postcode' v='407' />
    <tag k='addr:street' v='文華路' />
    <tag k='amenity' v='clinic' />
    <tag k='healthcare' v='clinic' />
    <tag k='name' v='逢甲診所' />
  </node>
  <node id='4082988774' timestamp='2016-03-28T13:18:07Z' uid='3755144' user='江志展' visible='true' version='2' changeset='38120356' lat='24.1812362' lon='120.6488393'>
    <tag k='leisure' v='track' />
    <tag k='name' v='第一跑道' />
    <tag k='sport' v='running' />
  </node>
  <node id='4082988775' timestamp='2016-03-29T04:43:13Z' uid='3694245' user='Bear89757' visible='true' version='2' changeset='38134929' lat='24.1813802' lon='120.648762'>
    <tag k='leisure' v='track' />
    <tag k='name' v='第二跑道' />
    <tag k='sport' v='running' />
  </node>
  <node id='4082988776' timestamp='2016-03-28T13:13:29Z' uid='3755149' user='簡健祐' visible='true' version='1' changeset='38120260' lat='24.1812596' lon='120.6487498'>
    <tag k='leisure' v='track' />
    <tag k='name' v='第三跑道' />
    <tag k='sport' v='running' />
  </node>
  <node id='4082988777' timestamp='2016-03-28T13:13:29Z' uid='3755149' user='簡健祐' visible='true' version='1' changeset='38120260' lat='24.1812911' lon='120.6487051'>
    <tag k='leisure' v='track' />
    <tag k='name' v='第七跑道' />
    <tag k='sport' v='running' />
  </node>
  <node id='4082988778' timestamp='2016-03-28T13:13:29Z' uid='3755149' user='簡健祐' visible='true' version='1' changeset='38120260' lat='24.1812837' lon='120.6486766'>
    <tag k='leisure' v='track' />
    <tag k='name' v='第八跑道' />
    <tag k='sport' v='running' />
  </node>
  <node id='4082988779' timestamp='2016-03-28T13:13:29Z' uid='3755149' user='簡健祐' visible='true' version='1' changeset='38120260' lat='24.18128' lon='120.6486908'>
    <tag k='leisure' v='track' />
    <tag k='name' v='第六跑道' />
    <tag k='sport' v='running' />
  </node>
  <node id='4082988780' timestamp='2016-03-28T13:13:29Z' uid='3755149' user='簡健祐' visible='true' version='1' changeset='38120260' lat='24.1812633' lon='120.6486705'>
    <tag k='leisure' v='track' />
    <tag k='name' v='第五跑道' />
    <tag k='sport' v='running' />
  </node>
  <node id='4082988781' timestamp='2016-03-28T13:13:30Z' uid='3755149' user='簡健祐' visible='true' version='1' changeset='38120260' lat='24.1812485' lon='120.6486604'>
    <tag k='leisure' v='track' />
    <tag k='name' v='第四跑道' />
    <tag k='sport' v='running' />
  </node>
  <node id='4082990001' timestamp='2016-03-28T13:15:57Z' uid='3755149' user='簡健祐' visible='true' version='1' changeset='38120312' lat='24.181089' lon='120.6497758'>
    <tag k='leisure' v='track' />
    <tag k='name' v='立定跳遠1' />
    <tag k='sport' v='running' />
  </node>
  <node id='4082990002' timestamp='2016-03-28T13:15:57Z' uid='3755149' user='簡健祐' visible='true' version='1' changeset='38120312' lat='24.1811049' lon='120.6498402'>
    <tag k='leisure' v='track' />
    <tag k='name' v='立定跳遠3' />
    <tag k='sport' v='running' />
  </node>
  <node id='4082990003' timestamp='2016-03-28T13:15:57Z' uid='3755149' user='簡健祐' visible='true' version='1' changeset='38120312' lat='24.1811085' lon='120.6498067'>
    <tag k='leisure' v='track' />
    <tag k='name' v='立定跳遠2' />
    <tag k='sport' v='running' />
  </node>
  <node id='4082993997' timestamp='2016-03-28T13:17:15Z' uid='3755149' user='簡健祐' visible='true' version='1' changeset='38120344' lat='24.181528' lon='120.6493666'>
    <tag k='name' v='椅子' />
  </node>
  <node id='4083007947' timestamp='2020-12-09T08:36:53Z' uid='274857' user='Supaplex' visible='true' version='3' changeset='95537912' lat='24.1790249' lon='120.6476142'>
    <tag k='name' v='公佈欄' />
    <tag k='name:en' v='Engineering Building' />
    <tag k='name:zh' v='公佈欄' />
  </node>
  <node id='4083014979' timestamp='2016-03-28T13:46:32Z' uid='3755147' user='aasdddd' visible='true' version='2' changeset='38120900' lat='24.1791033' lon='120.647429'>
    <tag k='name' v='公佈欄' />
  </node>
  <node id='4083014980' timestamp='2016-03-28T13:46:06Z' uid='3755147' user='aasdddd' visible='true' version='1' changeset='38120889' lat='24.1791444' lon='120.6474255'>
    <tag k='name' v='公佈欄' />
  </node>
  <node id='4083019213' timestamp='2026-01-20T03:25:04Z' uid='274857' user='Supaplex' visible='true' version='2' changeset='177456568' lat='24.1786671' lon='120.646714'>
    <tag k='information' v='map' />
    <tag k='name' v='逢甲大學地圖' />
    <tag k='tourism' v='information' />
  </node>
  <node id='4083023173' timestamp='2026-01-20T03:25:04Z' uid='274857' user='Supaplex' visible='true' version='2' changeset='177456568' lat='24.1790501' lon='120.6466023'>
    <tag k='information' v='board' />
    <tag k='name' v='減速慢行 標誌' />
    <tag k='tourism' v='information' />
  </node>
  <node id='4083223743' timestamp='2016-03-28T15:56:33Z' uid='3755469' user='davidlucaswu' visible='true' version='1' changeset='38123552' lat='24.1792226' lon='120.6471034'>
    <tag k='name' v='611電腦教室' />
  </node>
  <node id='4083223744' timestamp='2016-03-28T16:51:57Z' uid='3715460' user='Soulwind' visible='true' version='2' changeset='38124711' lat='24.1782034' lon='120.6481119'>
    <tag k='description' v='上空間資訊建置方法的教室' />
    <tag k='name' v='紀101' />
  </node>
  <node id='4083223745' timestamp='2022-11-03T04:13:06Z' uid='274857' user='Supaplex' visible='true' version='3' changeset='128417503' lat='24.1785436' lon='120.6485129'>
    <tag k='name' v='榕樹' />
    <tag k='natural' v='tree' />
  </node>
  <node id='4083223746' timestamp='2016-03-28T15:56:33Z' uid='3755469' user='davidlucaswu' visible='true' version='1' changeset='38123552' lat='24.1804558' lon='120.6497547'>
    <tag k='name' v='手球場網子' />
  </node>
  <node id='4083223747' timestamp='2016-03-28T15:56:33Z' uid='3755469' user='davidlucaswu' visible='true' version='1' changeset='38123552' lat='24.1809109' lon='120.6496515'>
    <tag k='name' v='龍門' />
  </node>
  <node id='4083223748' timestamp='2020-02-16T15:52:05Z' uid='6421436' user='SXCKH' visible='true' version='2' changeset='81074577' lat='24.180906' lon='120.6487489'>
    <tag k='name' v='龍門' />
  </node>
  <node id='4083223749' timestamp='2020-02-16T15:52:05Z' uid='6421436' user='SXCKH' visible='true' version='2' changeset='81074577' lat='24.1802796' lon='120.648364'>
    <tag k='name' v='網球場小門' />
  </node>
  <node id='4083223750' timestamp='2016-03-28T15:56:33Z' uid='3755469' user='davidlucaswu' visible='true' version='1' changeset='38123552' lat='24.1813917' lon='120.6468794'>
    <tag k='name' v='樓梯' />
  </node>
  <node id='4083223751' timestamp='2016-03-28T15:56:33Z' uid='3755469' user='davidlucaswu' visible='true' version='1' changeset='38123552' lat='24.1808265' lon='120.6472817' />
  <node id='4083223752' timestamp='2016-03-28T15:56:33Z' uid='3755469' user='davidlucaswu' visible='true' version='1' changeset='38123552' lat='24.1808265' lon='120.6473354' />
  <node id='4083223753' timestamp='2016-03-28T15:56:33Z' uid='3755469' user='davidlucaswu' visible='true' version='1' changeset='38123552' lat='24.1811091' lon='120.6473112' />
  <node id='4083223754' timestamp='2016-03-28T15:56:33Z' uid='3755469' user='davidlucaswu' visible='true' version='1' changeset='38123552' lat='24.1811103' lon='120.6472723' />
  <node id='4083223755' timestamp='2016-11-12T16:37:20Z' uid='274857' user='Supaplex' visible='true' version='2' changeset='43584978' lat='24.1800949' lon='120.6470215'>
    <tag k='name' v='ˋ課外活動組' />
    <tag k='office' v='educational_institution' />
  </node>
  <node id='4083223756' timestamp='2016-03-28T15:56:33Z' uid='3755469' user='davidlucaswu' visible='true' version='1' changeset='38123552' lat='24.1784701' lon='120.6482956'>
    <tag k='name' v='階梯' />
  </node>
  <node id='4083223757' timestamp='2020-03-05T07:40:33Z' uid='6421436' user='SXCKH' visible='true' version='2' changeset='81809849' lat='24.1787601' lon='120.6482728'>
    <tag k='name' v='灑水器' />
  </node>
  <node id='4083223758' timestamp='2016-03-28T15:56:33Z' uid='3755469' user='davidlucaswu' visible='true' version='1' changeset='38123552' lat='24.1788763' lon='120.6483291'>
    <tag k='name' v='灑水器' />
  </node>
  <node id='4083223759' timestamp='2016-03-28T15:56:33Z' uid='3755469' user='davidlucaswu' visible='true' version='1' changeset='38123552' lat='24.178836' lon='120.6478343'>
    <tag k='name' v='灑水器' />
  </node>
  <node id='4083223760' timestamp='2020-02-16T15:52:05Z' uid='6421436' user='SXCKH' visible='true' version='2' changeset='81074577' lat='24.1788555' lon='120.6475915'>
    <tag k='name' v='灑水器' />
  </node>
  <node id='4083223761' timestamp='2020-02-16T15:52:05Z' uid='6421436' user='SXCKH' visible='true' version='2' changeset='81074577' lat='24.1788127' lon='120.6476693'>
    <tag k='name' v='盆栽造景' />
  </node>
  <node id='4083223762' timestamp='2016-03-28T15:56:34Z' uid='3755469' user='davidlucaswu' visible='true' version='1' changeset='38123552' lat='24.1788592' lon='120.6477216'>
    <tag k='name' v='灑水器' />
  </node>
  <node id='4083223763' timestamp='2022-11-03T04:13:06Z' uid='274857' user='Supaplex' visible='true' version='3' changeset='128417503' lat='24.1786867' lon='120.6477752'>
    <tag k='natural' v='tree' />
  </node>
  <node id='4083223764' timestamp='2022-11-03T04:13:06Z' uid='274857' user='Supaplex' visible='true' version='3' changeset='128417503' lat='24.1786916' lon='120.6475781'>
    <tag k='natural' v='tree' />
  </node>
  <node id='4083223765' timestamp='2022-11-03T04:13:06Z' uid='274857' user='Supaplex' visible='true' version='4' changeset='128417503' lat='24.1787014' lon='120.6478254'>
    <tag k='natural' v='tree' />
  </node>
  <node id='4083223766' timestamp='2022-11-03T04:13:06Z' uid='274857' user='Supaplex' visible='true' version='3' changeset='128417503' lat='24.1787002' lon='120.6474883'>
    <tag k='natural' v='tree' />
  </node>
  <node id='4083298318' timestamp='2016-03-28T16:55:58Z' uid='3715460' user='Soulwind' visible='true' version='2' changeset='38124797' lat='24.1787114' lon='120.6497516'>
    <tag k='description' v='分手步道上的裝置藝術品，有人會以此做地標' />
    <tag k='name' v='裝置藝術品' />
    <tag k='tourism' v='artwork' />
  </node>
  <node id='4083338613' timestamp='2016-03-28T16:59:20Z' uid='3715460' user='Soulwind' visible='true' version='1' changeset='38124887' lat='24.1792918' lon='120.6478449' />
  <node id='4083338614' timestamp='2016-03-28T16:59:20Z' uid='3715460' user='Soulwind' visible='true' version='1' changeset='38124887' lat='24.1792899' lon='120.6477698' />
  <node id='4083338615' timestamp='2016-03-28T16:59:20Z' uid='3715460' user='Soulwind' visible='true' version='1' changeset='38124887' lat='24.1793235' lon='120.6477726' />
  <node id='4083338616' timestamp='2016-03-28T16:59:20Z' uid='3715460' user='Soulwind' visible='true' version='1' changeset='38124887' lat='24.1793248' lon='120.6478449' />
  <node id='4083393916' timestamp='2016-03-28T17:28:09Z' uid='3755744' user='林文揚' visible='true' version='1' changeset='38125526' lat='24.1807503' lon='120.6491958'>
    <tag k='leisure' v='track' />
    <tag k='name' v='操場' />
    <tag k='sport' v='running' />
  </node>
  <node id='4083453048' timestamp='2016-03-29T07:55:27Z' uid='3755834' user='薛禹康' visible='true' version='2' changeset='38138072' lat='24.1801441' lon='120.648783'>
    <tag k='leisure' v='pitch' />
    <tag k='sport' v='tennis' />
  </node>
  <node id='4083453049' timestamp='2016-03-28T18:01:54Z' uid='3755930' user='imDadiao' visible='true' version='1' changeset='38126271' lat='24.1794974' lon='120.6488524'>
    <tag k='name' v='吸菸區' />
  </node>
  <node id='4083453050' timestamp='2016-03-28T18:01:54Z' uid='3755930' user='imDadiao' visible='true' version='1' changeset='38126271' lat='24.1798963' lon='120.6502578'>
    <tag k='amenity' v='motorcycle_parking' />
  </node>
  <node id='4083453051' timestamp='2016-03-28T18:01:54Z' uid='3755930' user='imDadiao' visible='true' version='1' changeset='38126271' lat='24.1793531' lon='120.6499708'>
    <tag k='amenity' v='toilets' />
  </node>
  <node id='4083453052' timestamp='2016-03-28T18:01:54Z' uid='3755930' user='imDadiao' visible='true' version='1' changeset='38126271' lat='24.1792038' lon='120.6499816'>
    <tag k='amenity' v='toilets' />
  </node>
  <node id='4083453053' timestamp='2016-03-28T18:01:54Z' uid='3755930' user='imDadiao' visible='true' version='1' changeset='38126271' lat='24.1796981' lon='120.6488524'>
    <tag k='amenity' v='toilets' />
  </node>
  <node id='4083453054' timestamp='2016-03-28T18:01:54Z' uid='3755930' user='imDadiao' visible='true' version='1' changeset='38126271' lat='24.1797103' lon='120.6485439'>
    <tag k='amenity' v='toilets' />
  </node>
  <node id='4083456858' timestamp='2020-03-05T17:45:45Z' uid='274857' user='Supaplex' visible='true' version='2' changeset='81833375' lat='24.1796563' lon='120.6496127' />
  <node id='4083507509' timestamp='2016-03-28T18:39:33Z' uid='3754968' user='Huang sy 0324' visible='true' version='1' changeset='38127136' lat='24.1812422' lon='120.6465201' />
  <node id='4083507510' timestamp='2016-03-28T18:39:33Z' uid='3754968' user='Huang sy 0324' visible='true' version='1' changeset='38127136' lat='24.1812422' lon='120.6464973' />
  <node id='4083507511' timestamp='2016-03-28T18:39:33Z' uid='3754968' user='Huang sy 0324' visible='true' version='1' changeset='38127136' lat='24.1812214' lon='120.646496' />
  <node id='4083507512' timestamp='2016-03-28T18:39:33Z' uid='3754968' user='Huang sy 0324' visible='true' version='1' changeset='38127136' lat='24.1812086' lon='120.6464933' />
  <node id='4084386548' timestamp='2016-03-29T04:43:13Z' uid='3694245' user='Bear89757' visible='true' version='1' changeset='38134929' lat='24.1815192' lon='120.6487482'>
    <tag k='name' v='滅火器' />
    <tag k='name_1' v='fire extinguisher' />
  </node>
  <node id='4084389547' timestamp='2016-03-29T04:46:39Z' uid='3694245' user='Bear89757' visible='true' version='1' changeset='38134962' lat='24.1815738' lon='120.6487091'>
    <tag k='amenity' v='waste_basket' />
  </node>
  <node id='4084440782' timestamp='2020-02-16T15:52:05Z' uid='6421436' user='SXCKH' visible='true' version='2' changeset='81074577' lat='24.1799065' lon='120.6466358'>
    <tag k='barrier' v='bollard' />
  </node>
  <node id='4084440783' timestamp='2016-03-29T05:52:07Z' uid='3736878' user='黃莉涵' visible='true' version='1' changeset='38135879' lat='24.181353' lon='120.6481315'>
    <tag k='barrier' v='yes' />
  </node>
  <node id='4084440784' timestamp='2016-03-29T05:52:07Z' uid='3736878' user='黃莉涵' visible='true' version='1' changeset='38135879' lat='24.181294' lon='120.6481453'>
    <tag k='barrier' v='yes' />
  </node>
  <node id='4084440785' timestamp='2016-03-29T05:52:07Z' uid='3736878' user='黃莉涵' visible='true' version='1' changeset='38135879' lat='24.1813474' lon='120.6482901'>
    <tag k='barrier' v='yes' />
  </node>
  <node id='4084440786' timestamp='2016-03-29T05:52:07Z' uid='3736878' user='黃莉涵' visible='true' version='1' changeset='38135879' lat='24.1812968' lon='120.6482901'>
    <tag k='barrier' v='yes' />
  </node>
  <node id='4084440788' timestamp='2016-03-29T05:52:08Z' uid='3736878' user='黃莉涵' visible='true' version='1' changeset='38135879' lat='24.1807798' lon='120.6472676' />
  <node id='4084441889' timestamp='2016-03-29T05:52:08Z' uid='3736878' user='黃莉涵' visible='true' version='1' changeset='38135879' lat='24.1807798' lon='120.6473369' />
  <node id='4084441890' timestamp='2016-03-29T05:52:08Z' uid='3736878' user='黃莉涵' visible='true' version='1' changeset='38135879' lat='24.1807798' lon='120.6473523' />
  <node id='4084441891' timestamp='2017-12-20T13:41:51Z' uid='6802110' user='Bigmorr' visible='true' version='2' changeset='54787161' lat='24.1806821' lon='120.6473166' />
  <node id='4084441892' timestamp='2017-12-20T13:41:51Z' uid='6802110' user='Bigmorr' visible='true' version='2' changeset='54787161' lat='24.1806831' lon='120.6473675' />
  <node id='4084441893' timestamp='2016-03-29T05:52:08Z' uid='3736878' user='黃莉涵' visible='true' version='1' changeset='38135879' lat='24.1781577' lon='120.6485828' />
  <node id='4084441894' timestamp='2016-03-29T05:52:08Z' uid='3736878' user='黃莉涵' visible='true' version='1' changeset='38135879' lat='24.1781589' lon='120.6486298' />
  <node id='4084441895' timestamp='2016-03-29T05:52:08Z' uid='3736878' user='黃莉涵' visible='true' version='1' changeset='38135879' lat='24.1782595' lon='120.6478578' />
  <node id='4084441896' timestamp='2016-03-29T05:52:08Z' uid='3736878' user='黃莉涵' visible='true' version='1' changeset='38135879' lat='24.1782595' lon='120.6478893' />
  <node id='4084441897' timestamp='2025-06-21T01:50:58Z' uid='18325668' user='EMU800' visible='true' version='2' changeset='167895697' lat='24.1781007' lon='120.6466002' />
  <node id='4084441898' timestamp='2025-06-21T01:50:58Z' uid='18325668' user='EMU800' visible='true' version='2' changeset='167895697' lat='24.1780484' lon='120.6466656' />
  <node id='4084441900' timestamp='2016-03-29T05:52:08Z' uid='3736878' user='黃莉涵' visible='true' version='1' changeset='38135879' lat='24.1781303' lon='120.6485622' />
  <node id='4084441902' timestamp='2016-03-29T05:52:08Z' uid='3736878' user='黃莉涵' visible='true' version='1' changeset='38135879' lat='24.1812827' lon='120.6483158' />
  <node id='4084441903' timestamp='2016-03-29T05:52:08Z' uid='3736878' user='黃莉涵' visible='true' version='1' changeset='38135879' lat='24.1813086' lon='120.6483459' />
  <node id='4084441904' timestamp='2016-03-29T05:52:08Z' uid='3736878' user='黃莉涵' visible='true' version='1' changeset='38135879' lat='24.1807726' lon='120.6466241' />
  <node id='4084441905' timestamp='2016-03-29T05:52:08Z' uid='3736878' user='黃莉涵' visible='true' version='1' changeset='38135879' lat='24.1807742' lon='120.6466736' />
  <node id='4084441906' timestamp='2016-11-12T16:37:20Z' uid='274857' user='Supaplex' visible='true' version='2' changeset='43584978' lat='24.1801367' lon='120.6471712'>
    <tag k='name' v='文化服務隊社辦' />
    <tag k='office' v='club' />
  </node>
  <node id='4084441907' timestamp='2016-03-29T05:52:08Z' uid='3736878' user='黃莉涵' visible='true' version='1' changeset='38135879' lat='24.1802879' lon='120.647163'>
    <tag k='name' v='樓梯' />
  </node>
  <node id='4084441908' timestamp='2016-11-12T16:37:20Z' uid='274857' user='Supaplex' visible='true' version='2' changeset='43584978' lat='24.1802032' lon='120.6471653'>
    <tag k='name' v='春暉社社辦' />
    <tag k='office' v='club' />
  </node>
  <node id='4084441909' timestamp='2016-11-12T16:37:20Z' uid='274857' user='Supaplex' visible='true' version='2' changeset='43584978' lat='24.1806333' lon='120.6467203'>
    <tag k='name' v='熱音社社辦' />
    <tag k='office' v='club' />
  </node>
  <node id='4084441910' timestamp='2016-03-29T05:52:08Z' uid='3736878' user='黃莉涵' visible='true' version='1' changeset='38135879' lat='24.1785704' lon='120.6501158' />
  <node id='4084441911' timestamp='2016-03-29T05:52:08Z' uid='3736878' user='黃莉涵' visible='true' version='1' changeset='38135879' lat='24.178481' lon='120.6501158' />
  <node id='4084441912' timestamp='2016-03-29T05:52:08Z' uid='3736878' user='黃莉涵' visible='true' version='1' changeset='38135879' lat='24.1791269' lon='120.6486933' />
  <node id='4084441913' timestamp='2020-02-16T15:52:05Z' uid='6421436' user='SXCKH' visible='true' version='2' changeset='81074577' lat='24.1790156' lon='120.6486951' />
  <node id='4084441914' timestamp='2016-03-29T05:52:08Z' uid='3736878' user='黃莉涵' visible='true' version='1' changeset='38135879' lat='24.1793367' lon='120.6484526' />
  <node id='4084441915' timestamp='2016-03-29T05:52:08Z' uid='3736878' user='黃莉涵' visible='true' version='1' changeset='38135879' lat='24.1793367' lon='120.6484845' />
  <node id='4084441916' timestamp='2016-03-29T05:52:08Z' uid='3736878' user='黃莉涵' visible='true' version='1' changeset='38135879' lat='24.1793416' lon='120.6489181' />
  <node id='4084441917' timestamp='2016-03-29T05:52:08Z' uid='3736878' user='黃莉涵' visible='true' version='1' changeset='38135879' lat='24.1793416' lon='120.6489393' />
  <node id='4084441918' timestamp='2016-03-29T05:52:08Z' uid='3736878' user='黃莉涵' visible='true' version='1' changeset='38135879' lat='24.1795579' lon='120.6489145' />
  <node id='4084441919' timestamp='2016-03-29T05:52:08Z' uid='3736878' user='黃莉涵' visible='true' version='1' changeset='38135879' lat='24.1795515' lon='120.6489446' />
  <node id='4084441920' timestamp='2016-03-29T05:52:08Z' uid='3736878' user='黃莉涵' visible='true' version='1' changeset='38135879' lat='24.1795482' lon='120.6484544' />
  <node id='4084441921' timestamp='2016-03-29T05:52:08Z' uid='3736878' user='黃莉涵' visible='true' version='1' changeset='38135879' lat='24.1795515' lon='120.6484863' />
  <node id='4084441922' timestamp='2016-03-29T05:52:08Z' uid='3736878' user='黃莉涵' visible='true' version='1' changeset='38135879' lat='24.179815' lon='120.6497931'>
    <tag k='name' v='桌球室' />
  </node>
  <node id='4084447534' timestamp='2016-03-29T06:00:21Z' uid='3694264' user='John Lin' visible='true' version='1' changeset='38136012' lat='24.1794373' lon='120.6473329' />
  <node id='4084447535' timestamp='2016-03-29T11:13:02Z' uid='3694264' user='John Lin' visible='true' version='2' changeset='38142046' lat='24.1790353' lon='120.6466624' />
  <node id='4084447536' timestamp='2016-03-29T11:13:02Z' uid='3694264' user='John Lin' visible='true' version='2' changeset='38142046' lat='24.1790484' lon='120.6473371' />
  <node id='4084447537' timestamp='2016-03-29T11:13:03Z' uid='3694264' user='John Lin' visible='true' version='2' changeset='38142046' lat='24.179065' lon='120.6467297'>
    <tag k='elevator' v='yes' />
    <tag k='highway' v='elevator' />
    <tag k='name' v='忠勤樓電梯1' />
  </node>
  <node id='4084447538' timestamp='2016-03-29T11:13:03Z' uid='3694264' user='John Lin' visible='true' version='2' changeset='38142046' lat='24.1790483' lon='120.6467338'>
    <tag k='elevator' v='yes' />
    <tag k='highway' v='elevator' />
    <tag k='name' v='忠勤樓電梯2' />
  </node>
  <node id='4084447539' timestamp='2016-03-29T11:13:03Z' uid='3694264' user='John Lin' visible='true' version='2' changeset='38142046' lat='24.1790872' lon='120.6472786'>
    <tag k='elevator' v='yes' />
    <tag k='highway' v='elevator' />
    <tag k='name' v='忠勤樓電梯3' />
  </node>
  <node id='4084447540' timestamp='2016-03-29T11:13:03Z' uid='3694264' user='John Lin' visible='true' version='2' changeset='38142046' lat='24.1790687' lon='120.6472786'>
    <tag k='elevator' v='yes' />
    <tag k='highway' v='elevator' />
    <tag k='name' v='忠勤樓電梯4' />
  </node>
  <node id='4084447541' timestamp='2020-03-05T07:40:33Z' uid='6421436' user='SXCKH' visible='true' version='3' changeset='81809849' lat='24.1787571' lon='120.6488275'>
    <tag k='elevator' v='yes' />
    <tag k='highway' v='elevator' />
    <tag k='name' v='圖書館電梯' />
  </node>
  <node id='4084560045' timestamp='2016-03-29T07:44:25Z' uid='3755834' user='薛禹康' visible='true' version='1' changeset='38137828' lat='24.1804107' lon='120.6488885'>
    <tag k='leisure' v='pitch' />
    <tag k='name' v='重訓室' />
  </node>
  <node id='4084568017' timestamp='2016-03-29T07:55:26Z' uid='3755834' user='薛禹康' visible='true' version='1' changeset='38138072' lat='24.1815653' lon='120.6487728'>
    <tag k='name' v='器材室' />
  </node>
  <node id='4084568018' timestamp='2016-03-29T07:55:26Z' uid='3755834' user='薛禹康' visible='true' version='1' changeset='38138072' lat='24.1815616' lon='120.6485435'>
    <tag k='leisure' v='pitch' />
    <tag k='name' v='體育館1樓' />
  </node>
  <node id='4084568019' timestamp='2016-03-29T07:55:26Z' uid='3755834' user='薛禹康' visible='true' version='1' changeset='38138072' lat='24.1815849' lon='120.6486656'>
    <tag k='leisure' v='pitch' />
    <tag k='name' v='體育館3樓A場' />
  </node>
  <node id='4084568020' timestamp='2016-03-29T07:55:26Z' uid='3755834' user='薛禹康' visible='true' version='1' changeset='38138072' lat='24.1815995' lon='120.648561'>
    <tag k='leisure' v='pitch' />
    <tag k='name' v='體育館3樓B場' />
  </node>
  <node id='4084568021' timestamp='2016-03-29T07:55:26Z' uid='3755834' user='薛禹康' visible='true' version='1' changeset='38138072' lat='24.1815983' lon='120.6484537'>
    <tag k='leisure' v='pitch' />
    <tag k='name' v='體育館3樓C場' />
  </node>
  <node id='4084568023' timestamp='2016-03-29T07:55:26Z' uid='3755834' user='薛禹康' visible='true' version='1' changeset='38138072' lat='24.1790169' lon='120.6478797' />
  <node id='4084568024' timestamp='2016-03-29T07:55:26Z' uid='3755834' user='薛禹康' visible='true' version='1' changeset='38138072' lat='24.1790316' lon='120.6485717' />
  <node id='4084568025' timestamp='2016-03-29T07:55:26Z' uid='3755834' user='薛禹康' visible='true' version='1' changeset='38138072' lat='24.1785189' lon='120.6486079' />
  <node id='4084568026' timestamp='2016-03-29T07:55:26Z' uid='3755834' user='薛禹康' visible='true' version='1' changeset='38138072' lat='24.1785238' lon='120.6479481' />
  <node id='4084568027' timestamp='2016-03-29T07:55:26Z' uid='3755834' user='薛禹康' visible='true' version='1' changeset='38138072' lat='24.1808373' lon='120.6473553'>
    <tag k='name' v='週三烤地瓜' />
  </node>
  <node id='4084568028' timestamp='2016-03-29T07:55:26Z' uid='3755834' user='薛禹康' visible='true' version='1' changeset='38138072' lat='24.1808435' lon='120.6472628'>
    <tag k='name' v='週三水果攤' />
  </node>
  <node id='4084568029' timestamp='2016-11-12T16:37:20Z' uid='274857' user='Supaplex' visible='true' version='2' changeset='43584978' lat='24.1800213' lon='120.6469731'>
    <tag k='name' v='屏友會' />
    <tag k='office' v='club' />
  </node>
  <node id='4084568030' timestamp='2016-03-29T07:55:27Z' uid='3755834' user='薛禹康' visible='true' version='1' changeset='38138072' lat='24.1791735' lon='120.646835'>
    <tag k='name' v='B1討論區' />
  </node>
  <node id='4084568031' timestamp='2016-03-29T07:55:27Z' uid='3755834' user='薛禹康' visible='true' version='1' changeset='38138072' lat='24.1791833' lon='120.6469516'>
    <tag k='name' v='B1討論區' />
  </node>
  <node id='4084616992' timestamp='2016-03-29T08:36:28Z' uid='3757632' user='j998632' visible='true' version='1' changeset='38138803' lat='24.1798118' lon='120.6480158'>
    <tag k='amenity' v='university' />
    <tag k='name' v='休息區' />
  </node>
  <node id='4084616993' timestamp='2016-03-29T08:36:28Z' uid='3757632' user='j998632' visible='true' version='1' changeset='38138803' lat='24.1786991' lon='120.647705'>
    <tag k='amenity' v='bench' />
    <tag k='description' v='看松鼠的最佳位置' />
    <tag k='name' v='涼椅休息區' />
  </node>
  <node id='4084616994' timestamp='2016-03-29T08:36:29Z' uid='3757632' user='j998632' visible='true' version='1' changeset='38138803' lat='24.1790092' lon='120.6468891'>
    <tag k='name' v='階梯' />
  </node>
  <node id='4084616995' timestamp='2016-03-29T08:36:29Z' uid='3757632' user='j998632' visible='true' version='1' changeset='38138803' lat='24.1790141' lon='120.6470162'>
    <tag k='name' v='階梯' />
  </node>
  <node id='4084616996' timestamp='2016-03-29T08:36:29Z' uid='3757632' user='j998632' visible='true' version='1' changeset='38138803' lat='24.1790528' lon='120.6467143'>
    <tag k='name' v='階梯' />
  </node>
  <node id='4084617000' timestamp='2016-03-29T08:36:29Z' uid='3757632' user='j998632' visible='true' version='1' changeset='38138803' lat='24.1810805' lon='120.6486487'>
    <tag k='name' v='投擲點' />
  </node>
  <node id='4084617001' timestamp='2016-03-29T08:36:29Z' uid='3757632' user='j998632' visible='true' version='1' changeset='38138803' lat='24.1802514' lon='120.6488536'>
    <tag k='name' v='連接網球場和籃球場的小門' />
  </node>
  <node id='4084617002' timestamp='2016-03-29T08:36:29Z' uid='3757632' user='j998632' visible='true' version='1' changeset='38138803' lat='24.1798691' lon='120.6474286'>
    <tag k='name' v='盆栽造景' />
  </node>
  <node id='4084617003' timestamp='2016-03-29T08:36:29Z' uid='3757632' user='j998632' visible='true' version='1' changeset='38138803' lat='24.1798733' lon='120.6474941'>
    <tag k='name' v='盆栽造景' />
  </node>
  <node id='4084617004' timestamp='2016-03-29T08:36:29Z' uid='3757632' user='j998632' visible='true' version='1' changeset='38138803' lat='24.1794763' lon='120.6474802'>
    <tag k='name' v='座椅休憩區' />
  </node>
  <node id='4084617005' timestamp='2016-11-12T16:37:20Z' uid='274857' user='Supaplex' visible='true' version='2' changeset='43584978' lat='24.1805389' lon='120.6467135'>
    <tag k='name' v='魔術社社辦' />
    <tag k='office' v='club' />
  </node>
  <node id='4084617006' timestamp='2016-11-12T16:37:20Z' uid='274857' user='Supaplex' visible='true' version='2' changeset='43584978' lat='24.1804937' lon='120.6467162'>
    <tag k='name' v='國標舞社辦' />
    <tag k='office' v='club' />
  </node>
  <node id='4084617009' timestamp='2016-03-29T08:36:29Z' uid='3757632' user='j998632' visible='true' version='1' changeset='38138803' lat='24.1813843' lon='120.6478387'>
    <tag k='name' v='小橋' />
  </node>
  <node id='4084617010' timestamp='2016-03-29T08:36:29Z' uid='3757632' user='j998632' visible='true' version='1' changeset='38138803' lat='24.1802035' lon='120.6495032'>
    <tag k='name' v='籃架' />
  </node>
  <node id='4084617011' timestamp='2016-03-29T08:36:29Z' uid='3757632' user='j998632' visible='true' version='1' changeset='38138803' lat='24.1800678' lon='120.6495055'>
    <tag k='name' v='籃架' />
  </node>
  <node id='4084617012' timestamp='2016-03-29T08:36:29Z' uid='3757632' user='j998632' visible='true' version='1' changeset='38138803' lat='24.1802161' lon='120.6497451'>
    <tag k='name' v='籃架' />
  </node>
  <node id='4084617013' timestamp='2016-03-29T08:36:29Z' uid='3757632' user='j998632' visible='true' version='1' changeset='38138803' lat='24.1800678' lon='120.6497566'>
    <tag k='name' v='籃架' />
  </node>
  <node id='4084617014' timestamp='2016-03-29T08:36:29Z' uid='3757632' user='j998632' visible='true' version='1' changeset='38138803' lat='24.1802006' lon='120.6494524'>
    <tag k='name' v='籃架' />
  </node>
  <node id='4084617015' timestamp='2016-03-29T08:36:29Z' uid='3757632' user='j998632' visible='true' version='1' changeset='38138803' lat='24.1800615' lon='120.6494616'>
    <tag k='name' v='籃架' />
  </node>
  <node id='4084617016' timestamp='2016-03-29T08:36:29Z' uid='3757632' user='j998632' visible='true' version='1' changeset='38138803' lat='24.1801964' lon='120.6491967'>
    <tag k='name' v='籃架' />
  </node>
  <node id='4084617017' timestamp='2016-03-29T08:36:29Z' uid='3757632' user='j998632' visible='true' version='1' changeset='38138803' lat='24.1800538' lon='120.6492121'>
    <tag k='name' v='籃架' />
  </node>
  <node id='4084617018' timestamp='2016-03-29T08:36:29Z' uid='3757632' user='j998632' visible='true' version='1' changeset='38138803' lat='24.1801922' lon='120.6491412'>
    <tag k='name' v='籃架' />
  </node>
  <node id='4084617019' timestamp='2016-03-29T08:36:29Z' uid='3757632' user='j998632' visible='true' version='1' changeset='38138803' lat='24.1800587' lon='120.6491528'>
    <tag k='name' v='籃架' />
  </node>
  <node id='4084617020' timestamp='2016-03-29T08:36:29Z' uid='3757632' user='j998632' visible='true' version='1' changeset='38138803' lat='24.1801873' lon='120.6488978'>
    <tag k='name' v='籃架' />
  </node>
  <node id='4084617021' timestamp='2016-03-29T08:36:29Z' uid='3757632' user='j998632' visible='true' version='1' changeset='38138803' lat='24.1800608' lon='120.6489078'>
    <tag k='name' v='籃架' />
  </node>
  <node id='4084822082' timestamp='2016-03-29T11:13:01Z' uid='3694264' user='John Lin' visible='true' version='1' changeset='38142046' lat='24.1798274' lon='120.6470865'>
    <tag k='amenity' v='vending_machine' />
    <tag k='name' v='販賣機' />
    <tag k='vending' v='drinks' />
  </node>
  <node id='4084822083' timestamp='2016-03-29T11:13:01Z' uid='3694264' user='John Lin' visible='true' version='1' changeset='38142046' lat='24.1813237' lon='120.6467826'>
    <tag k='level' v='2' />
    <tag k='name' v='第九國際會議廳' />
    <tag k='note' v='逢甲大學 學思樓 2樓 ' />
  </node>
  <node id='4084822084' timestamp='2016-03-29T11:13:01Z' uid='3694264' user='John Lin' visible='true' version='1' changeset='38142046' lat='24.1792299' lon='120.6487093'>
    <tag k='addr:city' v='臺中市' />
    <tag k='ele' v='-1' />
    <tag k='name' v='啟垣聽' />
  </node>
  <node id='4084822085' timestamp='2016-03-29T11:13:01Z' uid='3694264' user='John Lin' visible='true' version='1' changeset='38142046' lat='24.1793471' lon='120.6497764'>
    <tag k='description' v='逢甲大學 資訊電機館 2樓' />
    <tag k='level' v='2' />
    <tag k='name' v='第三國際會議廳' />
  </node>
  <node id='4084822086' timestamp='2016-03-29T11:13:01Z' uid='3694264' user='John Lin' visible='true' version='1' changeset='38142046' lat='24.1792129' lon='120.6487104'>
    <tag k='level' v='-1' />
    <tag k='name' v='第四國際會議廳' />
  </node>
  <node id='4084822087' timestamp='2016-03-29T11:13:01Z' uid='3694264' user='John Lin' visible='true' version='1' changeset='38142046' lat='24.1792012' lon='120.6487104'>
    <tag k='level' v='-1' />
    <tag k='name' v='第五國際會議廳' />
  </node>
  <node id='4084822088' timestamp='2016-03-29T11:13:01Z' uid='3694264' user='John Lin' visible='true' version='1' changeset='38142046' lat='24.1791894' lon='120.6487104'>
    <tag k='level' v='-1' />
    <tag k='name' v='第六國際會議廳' />
  </node>
  <node id='4084832289' timestamp='2016-03-29T11:13:02Z' uid='3694264' user='John Lin' visible='true' version='1' changeset='38142046' lat='24.1791795' lon='120.6487104'>
    <tag k='level' v='-1' />
    <tag k='name' v='第七國際會議廳' />
  </node>
  <node id='4084832290' timestamp='2025-06-21T01:50:58Z' uid='18325668' user='EMU800' visible='true' version='2' changeset='167895697' lat='24.178281' lon='120.6497041'>
    <tag k='level' v='8' />
    <tag k='name' v='第八國際會議廳' />
  </node>
  <node id='4084832291' timestamp='2016-03-29T11:13:02Z' uid='3694264' user='John Lin' visible='true' version='1' changeset='38142046' lat='24.1782836' lon='120.6481787'>
    <tag k='description' v='逢甲大學 丘逢甲紀念館 2樓' />
    <tag k='level' v='2' />
    <tag k='name' v='第一國際會議廳' />
  </node>
  <node id='4084832292' timestamp='2016-03-29T11:13:02Z' uid='3694264' user='John Lin' visible='true' version='1' changeset='38142046' lat='24.1782766' lon='120.6481782'>
    <tag k='description' v='逢甲大學 丘逢甲紀念館 3樓' />
    <tag k='level' v='3' />
    <tag k='name' v='第二國際會議廳' />
  </node>
  <node id='4084849707' timestamp='2021-06-05T13:55:51Z' uid='1439333' user='Littlebtc' visible='true' version='3' changeset='105883489' lat='24.1788352' lon='120.6466594' />
  <node id='4084849709' timestamp='2017-05-01T10:03:35Z' uid='1293194' user='nevw' visible='true' version='2' changeset='48302557' lat='24.1812951' lon='120.6482631' />
  <node id='4084849710' timestamp='2016-03-29T11:31:48Z' uid='3694264' user='John Lin' visible='true' version='1' changeset='38142435' lat='24.1813868' lon='120.6482155' />
  <node id='4084849711' timestamp='2016-03-29T11:31:48Z' uid='3694264' user='John Lin' visible='true' version='1' changeset='38142435' lat='24.1816721' lon='120.6482093' />
  <node id='4101969187' timestamp='2021-06-05T15:30:51Z' uid='1439333' user='Littlebtc' visible='true' version='3' changeset='105887120' lat='24.1811069' lon='120.6455092' />
  <node id='4101969188' timestamp='2021-06-05T13:33:41Z' uid='1439333' user='Littlebtc' visible='true' version='3' changeset='105882658' lat='24.1818366' lon='120.6454826' />
  <node id='4195127648' timestamp='2025-01-07T17:23:07Z' uid='4292387' user='Jaller' visible='true' version='6' changeset='161104469' lat='24.177121' lon='120.6502653' />
  <node id='4195127651' timestamp='2024-03-15T07:31:31Z' uid='12620959' user='twF6wdEYwL' visible='true' version='6' changeset='148673581' lat='24.1771494' lon='120.6518446' />
  <node id='4195127653' timestamp='2020-11-29T07:06:04Z' uid='6421436' user='SXCKH' visible='true' version='6' changeset='94972539' lat='24.1781066' lon='120.6518435' />
  <node id='4195127654' timestamp='2020-11-29T07:06:04Z' uid='6421436' user='SXCKH' visible='true' version='6' changeset='94972539' lat='24.1781074' lon='120.6519538' />
  <node id='4195127656' timestamp='2025-06-02T06:27:44Z' uid='1439333' user='Littlebtc' visible='true' version='4' changeset='167076607' lat='24.1781026' lon='120.6538398' />
  <node id='4195127657' timestamp='2025-01-07T17:23:07Z' uid='4292387' user='Jaller' visible='true' version='6' changeset='161104469' lat='24.1790531' lon='120.6518452' />
  <node id='4195127658' timestamp='2020-11-28T17:49:48Z' uid='6421436' user='SXCKH' visible='true' version='3' changeset='94954186' lat='24.1790505' lon='120.6519631' />
  <node id='4195127659' timestamp='2025-06-02T06:27:44Z' uid='1439333' user='Littlebtc' visible='true' version='2' changeset='167076607' lat='24.1790576' lon='120.6538365' />
  <node id='4195127660' timestamp='2025-06-02T06:27:44Z' uid='1439333' user='Littlebtc' visible='true' version='3' changeset='167076607' lat='24.1798972' lon='120.6538336' />
  <node id='4195127661' timestamp='2025-06-02T06:27:44Z' uid='1439333' user='Littlebtc' visible='true' version='5' changeset='167076607' lat='24.1798973' lon='120.6518448' />
  <node id='4195127662' timestamp='2025-06-02T06:27:44Z' uid='1439333' user='Littlebtc' visible='true' version='3' changeset='167076607' lat='24.1798952' lon='120.6519629' />
  <node id='4195127663' timestamp='2025-06-02T06:27:44Z' uid='1439333' user='Littlebtc' visible='true' version='2' changeset='167076607' lat='24.1803199' lon='120.6538322' />
  <node id='4195127664' timestamp='2025-01-07T17:23:07Z' uid='4292387' user='Jaller' visible='true' version='5' changeset='161104469' lat='24.1803289' lon='120.6518475' />
  <node id='4195127665' timestamp='2020-11-29T08:16:15Z' uid='6421436' user='SXCKH' visible='true' version='2' changeset='94974737' lat='24.1803318' lon='120.6519648' />
  <node id='4195127666' timestamp='2025-06-02T06:27:44Z' uid='1439333' user='Littlebtc' visible='true' version='2' changeset='167076607' lat='24.1811445' lon='120.6538294' />
  <node id='4195127667' timestamp='2025-06-02T06:27:44Z' uid='1439333' user='Littlebtc' visible='true' version='6' changeset='167076607' lat='24.1811533' lon='120.6518518' />
  <node id='4195127668' timestamp='2025-06-02T06:27:44Z' uid='1439333' user='Littlebtc' visible='true' version='3' changeset='167076607' lat='24.181152' lon='120.6519713' />
  <node id='4195127669' timestamp='2025-06-02T06:27:44Z' uid='1439333' user='Littlebtc' visible='true' version='3' changeset='167076607' lat='24.1820211' lon='120.6546186' />
  <node id='4195127670' timestamp='2025-01-07T17:23:07Z' uid='4292387' user='Jaller' visible='true' version='7' changeset='161104469' lat='24.1819947' lon='120.6501479' />
  <node id='4195127671' timestamp='2025-06-02T06:27:44Z' uid='1439333' user='Littlebtc' visible='true' version='2' changeset='167076607' lat='24.182021' lon='120.6538264' />
  <node id='4195127672' timestamp='2025-06-02T06:27:44Z' uid='1439333' user='Littlebtc' visible='true' version='4' changeset='167076607' lat='24.1820174' lon='120.6519695' />
  <node id='4195127674' timestamp='2016-05-19T11:50:06Z' uid='1439333' user='Littlebtc' visible='true' version='1' changeset='39422252' lat='24.1835115' lon='120.6501168' />
  <node id='4195127675' timestamp='2018-08-16T16:36:13Z' uid='4766945' user='TianLan' visible='true' version='3' changeset='61721619' lat='24.183551' lon='120.6518533' />
  <node id='4195127676' timestamp='2025-01-07T17:23:07Z' uid='4292387' user='Jaller' visible='true' version='4' changeset='161104469' lat='24.1835543' lon='120.6519791' />
  <node id='4357415505' timestamp='2026-03-16T02:28:00Z' uid='274857' user='Supaplex' visible='true' version='6' changeset='179923827' lat='24.1791837' lon='120.6482237'>
    <tag k='addr:city' v='臺中市' />
    <tag k='addr:country' v='TW' />
    <tag k='addr:district' v='西屯區' />
    <tag k='addr:full' v='407臺中市西屯區文華路100號' />
    <tag k='addr:housenumber' v='100號' />
    <tag k='addr:postcode' v='407' />
    <tag k='addr:street' v='文華路' />
    <tag k='air_conditioning' v='yes' />
    <tag k='alt_name' v='統一超商' />
    <tag k='branch' v='逢學門市' />
    <tag k='brand' v='7-Eleven' />
    <tag k='brand:en' v='7-Eleven' />
    <tag k='brand:wikidata' v='Q259340' />
    <tag k='brand:wikipedia' v='en:7-Eleven' />
    <tag k='name' v='7-Eleven' />
    <tag k='opening_hours' v='24/7' />
    <tag k='phone' v='+886-4-24523524' />
    <tag k='shop' v='convenience' />
    <tag k='website' v='https://www.7-11.com.tw' />
  </node>
  <node id='4397426118' timestamp='2025-01-07T15:09:52Z' uid='4292387' user='Jaller' visible='true' version='6' changeset='161099447' lat='24.1851261' lon='120.64619' />
  <node id='4476731641' timestamp='2023-12-16T10:54:24Z' uid='274857' user='Supaplex' visible='true' version='3' changeset='145179867' lat='24.1751459' lon='120.6448176' />
  <node id='4476731642' timestamp='2016-11-02T13:02:47Z' uid='741163' user='Retired Account' visible='true' version='1' changeset='43350809' lat='24.1760293' lon='120.645464' />
  <node id='4476731643' timestamp='2016-11-02T13:02:47Z' uid='741163' user='Retired Account' visible='true' version='1' changeset='43350809' lat='24.1761761' lon='120.6459119' />
  <node id='4476731644' timestamp='2016-11-02T13:02:47Z' uid='741163' user='Retired Account' visible='true' version='1' changeset='43350809' lat='24.1763694' lon='120.6463143' />
  <node id='4476731645' timestamp='2016-11-02T13:02:47Z' uid='741163' user='Retired Account' visible='true' version='1' changeset='43350809' lat='24.1766019' lon='120.6464403' />
  <node id='4476731646' timestamp='2016-11-02T13:02:48Z' uid='741163' user='Retired Account' visible='true' version='1' changeset='43350809' lat='24.1766483' lon='120.6466898' />
  <node id='4476731647' timestamp='2016-11-02T13:02:48Z' uid='741163' user='Retired Account' visible='true' version='1' changeset='43350809' lat='24.1766704' lon='120.6465235' />
  <node id='4476731648' timestamp='2016-11-02T13:02:48Z' uid='741163' user='Retired Account' visible='true' version='1' changeset='43350809' lat='24.1767536' lon='120.6467112' />
  <node id='4476731649' timestamp='2016-11-02T13:02:48Z' uid='741163' user='Retired Account' visible='true' version='1' changeset='43350809' lat='24.1767805' lon='120.6465449' />
  <node id='4476731650' timestamp='2016-11-02T13:02:48Z' uid='741163' user='Retired Account' visible='true' version='1' changeset='43350809' lat='24.1779207' lon='120.6465074' />
  <node id='4476731651' timestamp='2016-11-02T13:02:49Z' uid='741163' user='Retired Account' visible='true' version='1' changeset='43350809' lat='24.1779746' lon='120.6456839' />
  <node id='4476731652' timestamp='2016-11-02T13:02:49Z' uid='741163' user='Retired Account' visible='true' version='1' changeset='43350809' lat='24.1779746' lon='120.6457671' />
  <node id='4476731653' timestamp='2025-06-21T01:50:58Z' uid='18325668' user='EMU800' visible='true' version='2' changeset='167895697' lat='24.1780595' lon='120.646631' />
  <node id='4476731654' timestamp='2016-11-02T13:02:49Z' uid='741163' user='Retired Account' visible='true' version='1' changeset='43350809' lat='24.1781092' lon='120.646435' />
  <node id='4476731655' timestamp='2025-06-21T01:50:58Z' uid='18325668' user='EMU800' visible='true' version='2' changeset='167895697' lat='24.1780947' lon='120.6465904' />
  <node id='4476731656' timestamp='2021-06-05T13:55:51Z' uid='1439333' user='Littlebtc' visible='true' version='2' changeset='105883489' lat='24.1787472' lon='120.6464189' />
  <node id='4476731657' timestamp='2021-06-05T13:55:51Z' uid='1439333' user='Littlebtc' visible='true' version='2' changeset='105883489' lat='24.1787429' lon='120.6457865' />
  <node id='4476731658' timestamp='2025-06-21T01:50:58Z' uid='18325668' user='EMU800' visible='true' version='2' changeset='167895697' lat='24.1789232' lon='120.6465122' />
  <node id='4476731659' timestamp='2016-11-02T13:02:49Z' uid='741163' user='Retired Account' visible='true' version='1' changeset='43350809' lat='24.1789313' lon='120.6457725' />
  <node id='4476731660' timestamp='2016-11-02T13:02:49Z' uid='741163' user='Retired Account' visible='true' version='1' changeset='43350809' lat='24.1799003' lon='120.6457403' />
  <node id='4476732831' timestamp='2016-11-02T13:02:50Z' uid='741163' user='Retired Account' visible='true' version='1' changeset='43350809' lat='24.1799199' lon='120.6463733' />
  <node id='4476732832' timestamp='2016-11-02T13:02:50Z' uid='741163' user='Retired Account' visible='true' version='1' changeset='43350809' lat='24.1800031' lon='120.6457349' />
  <node id='4476732833' timestamp='2016-11-02T13:02:50Z' uid='741163' user='Retired Account' visible='true' version='1' changeset='43350809' lat='24.1800031' lon='120.6463545' />
  <node id='4476732834' timestamp='2016-11-02T13:02:50Z' uid='741163' user='Retired Account' visible='true' version='1' changeset='43350809' lat='24.1804508' lon='120.6451073' />
  <node id='4476732835' timestamp='2016-11-02T13:02:50Z' uid='741163' user='Retired Account' visible='true' version='1' changeset='43350809' lat='24.1804606' lon='120.6457027' />
  <node id='4476732836' timestamp='2016-11-02T13:02:50Z' uid='741163' user='Retired Account' visible='true' version='1' changeset='43350809' lat='24.1804704' lon='120.6456008' />
  <node id='4476732837' timestamp='2016-11-02T13:02:50Z' uid='741163' user='Retired Account' visible='true' version='1' changeset='43350809' lat='24.1804753' lon='120.6463491' />
  <node id='4476732838' timestamp='2016-11-02T13:02:50Z' uid='741163' user='Retired Account' visible='true' version='1' changeset='43350809' lat='24.1805389' lon='120.6450992' />
  <node id='4476732839' timestamp='2016-11-02T13:02:50Z' uid='741163' user='Retired Account' visible='true' version='1' changeset='43350809' lat='24.1805658' lon='120.6463357' />
  <node id='4724765536' timestamp='2021-06-05T15:30:51Z' uid='1439333' user='Littlebtc' visible='true' version='2' changeset='105887120' lat='24.1808402' lon='120.6461358' />
  <node id='4724765537' timestamp='2021-06-05T15:30:51Z' uid='1439333' user='Littlebtc' visible='true' version='2' changeset='105887120' lat='24.1807496' lon='120.6461371' />
  <node id='4724765538' timestamp='2021-06-05T15:30:51Z' uid='1439333' user='Littlebtc' visible='true' version='2' changeset='105887120' lat='24.1807518' lon='120.6463232' />
  <node id='4724765539' timestamp='2021-06-05T15:30:51Z' uid='1439333' user='Littlebtc' visible='true' version='2' changeset='105887120' lat='24.1808424' lon='120.6463219' />
  <node id='4724765540' timestamp='2017-03-08T20:34:11Z' uid='1563242' user='iigmir' visible='true' version='1' changeset='46691400' lat='24.1807042' lon='120.6461955' />
  <node id='4724765541' timestamp='2017-03-08T20:34:11Z' uid='1563242' user='iigmir' visible='true' version='1' changeset='46691400' lat='24.1805962' lon='120.6461972' />
  <node id='4724765542' timestamp='2017-03-08T20:34:11Z' uid='1563242' user='iigmir' visible='true' version='1' changeset='46691400' lat='24.1805978' lon='120.6463206' />
  <node id='4724765543' timestamp='2017-03-08T20:34:11Z' uid='1563242' user='iigmir' visible='true' version='1' changeset='46691400' lat='24.1807059' lon='120.6463189' />
  <node id='4724765544' timestamp='2021-06-05T15:30:51Z' uid='1439333' user='Littlebtc' visible='true' version='3' changeset='105887120' lat='24.1809127' lon='120.6461571' />
  <node id='4724765545' timestamp='2021-06-05T15:30:51Z' uid='1439333' user='Littlebtc' visible='true' version='2' changeset='105887120' lat='24.1808446' lon='120.6461575' />
  <node id='4724765546' timestamp='2021-06-05T15:30:51Z' uid='1439333' user='Littlebtc' visible='true' version='2' changeset='105887120' lat='24.1808454' lon='120.6463145' />
  <node id='4724765547' timestamp='2021-06-05T15:30:51Z' uid='1439333' user='Littlebtc' visible='true' version='3' changeset='105887120' lat='24.1809987' lon='120.6463136' />
  <node id='4778939442' timestamp='2017-04-06T13:31:29Z' uid='1439333' user='Littlebtc' visible='true' version='1' changeset='47507672' lat='24.1803941' lon='120.6556694' />
  <node id='4778939443' timestamp='2017-04-06T13:31:29Z' uid='1439333' user='Littlebtc' visible='true' version='1' changeset='47507672' lat='24.1804626' lon='120.6556909' />
  <node id='4778939444' timestamp='2017-04-06T13:31:29Z' uid='1439333' user='Littlebtc' visible='true' version='1' changeset='47507672' lat='24.1808492' lon='120.6558411' />
  <node id='4778939445' timestamp='2017-04-06T13:31:29Z' uid='1439333' user='Littlebtc' visible='true' version='1' changeset='47507672' lat='24.18231' lon='120.6565385' />
  <node id='4778939446' timestamp='2017-04-06T13:31:29Z' uid='1439333' user='Littlebtc' visible='true' version='1' changeset='47507672' lat='24.1827382' lon='120.6567249' />
  <node id='4778939447' timestamp='2017-04-06T13:31:29Z' uid='1439333' user='Littlebtc' visible='true' version='1' changeset='47507672' lat='24.1829223' lon='120.6567752' />
  <node id='4778939448' timestamp='2017-04-06T13:31:29Z' uid='1439333' user='Littlebtc' visible='true' version='1' changeset='47507672' lat='24.1831474' lon='120.6567725' />
  <node id='4778939449' timestamp='2017-04-06T13:31:29Z' uid='1439333' user='Littlebtc' visible='true' version='1' changeset='47507672' lat='24.183167' lon='120.656743' />
  <node id='4778939450' timestamp='2017-04-06T13:31:29Z' uid='1439333' user='Littlebtc' visible='true' version='1' changeset='47507672' lat='24.1834044' lon='120.6563406' />
  <node id='4778939451' timestamp='2017-04-06T13:31:29Z' uid='1439333' user='Littlebtc' visible='true' version='1' changeset='47507672' lat='24.1836454' lon='120.6559987' />
  <node id='4778939452' timestamp='2017-04-06T13:31:29Z' uid='1439333' user='Littlebtc' visible='true' version='1' changeset='47507672' lat='24.1840099' lon='120.6555534' />
  <node id='4778939453' timestamp='2017-04-06T13:31:29Z' uid='1439333' user='Littlebtc' visible='true' version='1' changeset='47507672' lat='24.1844137' lon='120.6551806' />
  <node id='4778939454' timestamp='2017-04-06T13:31:29Z' uid='1439333' user='Littlebtc' visible='true' version='1' changeset='47507672' lat='24.1849666' lon='120.6547461' />
  <node id='4778939455' timestamp='2017-04-06T13:31:29Z' uid='1439333' user='Littlebtc' visible='true' version='1' changeset='47507672' lat='24.1853875' lon='120.6544886' />
  <node id='4778939456' timestamp='2017-04-06T13:31:29Z' uid='1439333' user='Littlebtc' visible='true' version='1' changeset='47507672' lat='24.1858597' lon='120.6542794' />
  <node id='4778939457' timestamp='2017-04-06T13:31:29Z' uid='1439333' user='Littlebtc' visible='true' version='1' changeset='47507672' lat='24.186398' lon='120.654097' />
  <node id='4778939458' timestamp='2017-04-06T13:31:29Z' uid='1439333' user='Littlebtc' visible='true' version='1' changeset='47507672' lat='24.1870048' lon='120.6539709' />
  <node id='4778939459' timestamp='2017-04-06T13:31:29Z' uid='1439333' user='Littlebtc' visible='true' version='1' changeset='47507672' lat='24.1873865' lon='120.6539307' />
  <node id='4778939460' timestamp='2017-04-06T13:31:29Z' uid='1439333' user='Littlebtc' visible='true' version='1' changeset='47507672' lat='24.1875724' lon='120.653928' />
  <node id='4778939461' timestamp='2017-04-06T13:31:29Z' uid='1439333' user='Littlebtc' visible='true' version='1' changeset='47507672' lat='24.1878673' lon='120.6539293' />
  <node id='4778939462' timestamp='2017-04-06T13:31:29Z' uid='1439333' user='Littlebtc' visible='true' version='1' changeset='47507672' lat='24.1882661' lon='120.6539588' />
  <node id='4778939463' timestamp='2017-04-06T13:31:29Z' uid='1439333' user='Littlebtc' visible='true' version='1' changeset='47507672' lat='24.1887261' lon='120.6540339' />
  <node id='4778939464' timestamp='2017-04-06T13:31:29Z' uid='1439333' user='Littlebtc' visible='true' version='1' changeset='47507672' lat='24.1891542' lon='120.6541546' />
  <node id='4778939465' timestamp='2017-04-06T13:31:29Z' uid='1439333' user='Littlebtc' visible='true' version='1' changeset='47507672' lat='24.1897023' lon='120.6543585' />
  <node id='4778939466' timestamp='2017-04-06T13:31:29Z' uid='1439333' user='Littlebtc' visible='true' version='1' changeset='47507672' lat='24.1902455' lon='120.6546401' />
  <node id='4778939467' timestamp='2017-04-06T13:31:29Z' uid='1439333' user='Littlebtc' visible='true' version='1' changeset='47507672' lat='24.1905611' lon='120.6548574' />
  <node id='4778939468' timestamp='2017-04-06T13:31:29Z' uid='1439333' user='Littlebtc' visible='true' version='1' changeset='47507672' lat='24.1910272' lon='120.6552235' />
  <node id='4778939469' timestamp='2017-04-06T13:31:29Z' uid='1439333' user='Littlebtc' visible='true' version='1' changeset='47507672' lat='24.1914823' lon='120.6556902' />
  <node id='4778939470' timestamp='2017-04-06T13:31:29Z' uid='1439333' user='Littlebtc' visible='true' version='1' changeset='47507672' lat='24.1918517' lon='120.6561462' />
  <node id='4778939472' timestamp='2017-04-06T13:31:29Z' uid='1439333' user='Littlebtc' visible='true' version='1' changeset='47507672' lat='24.1929527' lon='120.6516293' />
  <node id='4778939473' timestamp='2017-04-06T13:31:29Z' uid='1439333' user='Littlebtc' visible='true' version='1' changeset='47507672' lat='24.1921257' lon='120.6519941' />
  <node id='4778939474' timestamp='2020-05-11T02:56:17Z' uid='1439333' user='Littlebtc' visible='true' version='2' changeset='84993977' lat='24.1913098' lon='120.6521618' />
  <node id='4778939475' timestamp='2017-04-06T13:31:29Z' uid='1439333' user='Littlebtc' visible='true' version='1' changeset='47507672' lat='24.1905489' lon='120.6521671' />
  <node id='4778939476' timestamp='2017-04-06T13:31:29Z' uid='1439333' user='Littlebtc' visible='true' version='1' changeset='47507672' lat='24.1897855' lon='120.6520545' />
  <node id='4778939478' timestamp='2017-04-06T13:31:29Z' uid='1439333' user='Littlebtc' visible='true' version='1' changeset='47507672' lat='24.1894772' lon='120.6519123' />
  <node id='4778939479' timestamp='2017-04-06T13:31:30Z' uid='1439333' user='Littlebtc' visible='true' version='1' changeset='47507672' lat='24.1894185' lon='120.6518748' />
  <node id='4778939480' timestamp='2017-04-06T13:31:30Z' uid='1439333' user='Littlebtc' visible='true' version='1' changeset='47507672' lat='24.1888411' lon='120.651915' />
  <node id='4778939481' timestamp='2017-04-06T13:31:30Z' uid='1439333' user='Littlebtc' visible='true' version='1' changeset='47507672' lat='24.1869987' lon='120.6519579' />
  <node id='4778939482' timestamp='2017-04-06T13:31:30Z' uid='1439333' user='Littlebtc' visible='true' version='1' changeset='47507672' lat='24.1845874' lon='120.652029' />
  <node id='4778939483' timestamp='2017-04-06T13:31:30Z' uid='1439333' user='Littlebtc' visible='true' version='1' changeset='47507672' lat='24.1844406' lon='120.6523374' />
  <node id='4778939484' timestamp='2017-04-06T13:31:30Z' uid='1439333' user='Littlebtc' visible='true' version='1' changeset='47507672' lat='24.1842057' lon='120.6527612' />
  <node id='4778939485' timestamp='2017-04-06T13:31:30Z' uid='1439333' user='Littlebtc' visible='true' version='1' changeset='47507672' lat='24.1839341' lon='120.6531394' />
  <node id='4778939486' timestamp='2017-04-06T13:31:30Z' uid='1439333' user='Littlebtc' visible='true' version='1' changeset='47507672' lat='24.1835964' lon='120.6535337' />
  <node id='4778939487' timestamp='2017-04-06T13:31:30Z' uid='1439333' user='Littlebtc' visible='true' version='1' changeset='47507672' lat='24.1831976' lon='120.6539146' />
  <node id='4778939488' timestamp='2017-04-06T13:31:30Z' uid='1439333' user='Littlebtc' visible='true' version='1' changeset='47507672' lat='24.1828795' lon='120.6541533' />
  <node id='4778939489' timestamp='2017-04-06T13:31:30Z' uid='1439333' user='Littlebtc' visible='true' version='1' changeset='47507672' lat='24.1825198' lon='120.6543893' />
  <node id='4778939490' timestamp='2017-04-06T13:31:30Z' uid='1439333' user='Littlebtc' visible='true' version='1' changeset='47507672' lat='24.1821748' lon='120.6545771' />
  <node id='4778939491' timestamp='2025-06-02T06:27:44Z' uid='1439333' user='Littlebtc' visible='true' version='2' changeset='167076607' lat='24.1820183' lon='120.6546461' />
  <node id='4778939492' timestamp='2017-04-06T13:31:30Z' uid='1439333' user='Littlebtc' visible='true' version='1' changeset='47507672' lat='24.1815484' lon='120.6548239' />
  <node id='4778939493' timestamp='2017-04-06T13:31:30Z' uid='1439333' user='Littlebtc' visible='true' version='1' changeset='47507672' lat='24.181108' lon='120.6549285' />
  <node id='4778939494' timestamp='2025-06-02T06:27:44Z' uid='1439333' user='Littlebtc' visible='true' version='2' changeset='167076607' lat='24.1805388' lon='120.6550101' />
  <node id='4778939495' timestamp='2017-04-06T13:31:30Z' uid='1439333' user='Littlebtc' visible='true' version='1' changeset='47507672' lat='24.1794931' lon='120.6549606' />
  <node id='4778939496' timestamp='2017-04-06T13:31:30Z' uid='1439333' user='Littlebtc' visible='true' version='1' changeset='47507672' lat='24.1790942' lon='120.6548802' />
  <node id='4778939497' timestamp='2017-04-06T13:31:30Z' uid='1439333' user='Littlebtc' visible='true' version='1' changeset='47507672' lat='24.1787517' lon='120.6547622' />
  <node id='4778939498' timestamp='2017-04-06T13:31:30Z' uid='1439333' user='Littlebtc' visible='true' version='1' changeset='47507672' lat='24.1782109' lon='120.6545449' />
  <node id='4778939499' timestamp='2017-04-06T13:31:30Z' uid='1439333' user='Littlebtc' visible='true' version='1' changeset='47507672' lat='24.177905' lon='120.6543893' />
  <node id='4778939500' timestamp='2017-04-06T13:31:30Z' uid='1439333' user='Littlebtc' visible='true' version='1' changeset='47507672' lat='24.1775355' lon='120.6541265' />
  <node id='4778939501' timestamp='2017-04-06T13:31:30Z' uid='1439333' user='Littlebtc' visible='true' version='1' changeset='47507672' lat='24.1772541' lon='120.6538931' />
  <node id='4778939502' timestamp='2017-04-06T13:31:30Z' uid='1439333' user='Littlebtc' visible='true' version='1' changeset='47507672' lat='24.1763745' lon='120.6539132' />
  <node id='4778939503' timestamp='2017-04-06T13:31:30Z' uid='1439333' user='Littlebtc' visible='true' version='1' changeset='47507672' lat='24.1764038' lon='120.6545731' />
  <node id='4778939504' timestamp='2017-04-06T13:31:30Z' uid='1439333' user='Littlebtc' visible='true' version='1' changeset='47507672' lat='24.1764118' lon='120.6570642' />
  <node id='4778939505' timestamp='2017-04-06T13:31:30Z' uid='1439333' user='Littlebtc' visible='true' version='1' changeset='47507672' lat='24.1764925' lon='120.6570159' />
  <node id='4778939506' timestamp='2017-04-06T13:31:30Z' uid='1439333' user='Littlebtc' visible='true' version='1' changeset='47507672' lat='24.1770064' lon='120.6568094' />
  <node id='4778939507' timestamp='2017-04-06T13:31:30Z' uid='1439333' user='Littlebtc' visible='true' version='1' changeset='47507672' lat='24.1774077' lon='120.6566994' />
  <node id='4778939508' timestamp='2017-04-06T13:31:30Z' uid='1439333' user='Littlebtc' visible='true' version='1' changeset='47507672' lat='24.17782' lon='120.6566364' />
  <node id='4778939509' timestamp='2017-04-06T13:31:30Z' uid='1439333' user='Littlebtc' visible='true' version='1' changeset='47507672' lat='24.1782384' lon='120.6565988' />
  <node id='4778939510' timestamp='2017-04-06T13:31:30Z' uid='1439333' user='Littlebtc' visible='true' version='1' changeset='47507672' lat='24.1785125' lon='120.6566122' />
  <node id='4778939511' timestamp='2017-04-06T13:31:30Z' uid='1439333' user='Littlebtc' visible='true' version='1' changeset='47507672' lat='24.1787988' lon='120.656639' />
  <node id='4778939512' timestamp='2017-04-06T13:31:30Z' uid='1439333' user='Littlebtc' visible='true' version='1' changeset='47507672' lat='24.1791193' lon='120.656698' />
  <node id='4778939513' timestamp='2017-04-06T13:31:30Z' uid='1439333' user='Littlebtc' visible='true' version='1' changeset='47507672' lat='24.1795928' lon='120.6568147' />
  <node id='4778939514' timestamp='2017-04-06T13:31:30Z' uid='1439333' user='Littlebtc' visible='true' version='1' changeset='47507672' lat='24.1798521' lon='120.6569327' />
  <node id='4778939515' timestamp='2017-04-06T13:31:30Z' uid='1439333' user='Littlebtc' visible='true' version='1' changeset='47507672' lat='24.1798399' lon='120.658306' />
  <node id='4778939516' timestamp='2017-04-06T13:31:30Z' uid='1439333' user='Littlebtc' visible='true' version='1' changeset='47507672' lat='24.1803856' lon='120.6582041' />
  <node id='4778939517' timestamp='2017-04-06T13:31:30Z' uid='1439333' user='Littlebtc' visible='true' version='1' changeset='47507672' lat='24.1803733' lon='120.6559189' />
  <node id='4778939518' timestamp='2021-01-10T07:09:14Z' uid='6421436' user='SXCKH' visible='true' version='2' changeset='97237375' lat='24.1800001' lon='120.6520471' />
  <node id='4778939519' timestamp='2017-04-06T13:31:30Z' uid='1439333' user='Littlebtc' visible='true' version='1' changeset='47507672' lat='24.1799745' lon='120.6538951' />
  <node id='4778939520' timestamp='2017-04-06T13:31:30Z' uid='1439333' user='Littlebtc' visible='true' version='1' changeset='47507672' lat='24.179846' lon='120.6538925' />
  <node id='4778950321' timestamp='2025-06-02T06:27:44Z' uid='1439333' user='Littlebtc' visible='true' version='2' changeset='167076607' lat='24.1798387' lon='120.6550029' />
  <node id='4778950322' timestamp='2017-04-06T13:31:30Z' uid='1439333' user='Littlebtc' visible='true' version='1' changeset='47507672' lat='24.180373' lon='120.6550193' />
  <node id='4778950323' timestamp='2017-04-06T13:31:30Z' uid='1439333' user='Littlebtc' visible='true' version='1' changeset='47507672' lat='24.1803681' lon='120.6539062' />
  <node id='4778950324' timestamp='2017-04-06T13:31:30Z' uid='1439333' user='Littlebtc' visible='true' version='1' changeset='47507672' lat='24.1802458' lon='120.6538982' />
  <node id='4778950325' timestamp='2021-01-10T07:09:14Z' uid='6421436' user='SXCKH' visible='true' version='2' changeset='97237375' lat='24.1802292' lon='120.6520521' />
  <node id='4778950377' timestamp='2021-06-02T14:30:57Z' uid='1439333' user='Littlebtc' visible='true' version='2' changeset='105725831' lat='24.1934564' lon='120.6534294' />
  <node id='4778950378' timestamp='2021-06-04T14:04:44Z' uid='1439333' user='Littlebtc' visible='true' version='3' changeset='105843895' lat='24.1939298' lon='120.6542341' />
  <node id='4778950379' timestamp='2017-04-06T13:31:31Z' uid='1439333' user='Littlebtc' visible='true' version='1' changeset='47507672' lat='24.1923138' lon='120.6557469' />
  <node id='4778950380' timestamp='2021-06-02T14:30:57Z' uid='1439333' user='Littlebtc' visible='true' version='2' changeset='105725831' lat='24.1921964' lon='120.6542153' />
  <node id='4778950409' timestamp='2025-01-08T21:00:43Z' uid='4292387' user='Jaller' visible='true' version='7' changeset='161148231' lat='24.178127' lon='120.6555513'>
    <tag k='highway' v='traffic_signals' />
    <tag k='traffic_signals' v='signal' />
    <tag k='traffic_signals:direction' v='backward' />
  </node>
  <node id='4828403238' timestamp='2017-05-01T10:03:34Z' uid='1293194' user='nevw' visible='true' version='1' changeset='48302557' lat='24.1817933' lon='120.6487452' />
  <node id='4828403239' timestamp='2017-05-01T10:03:34Z' uid='1293194' user='nevw' visible='true' version='1' changeset='48302557' lat='24.1814205' lon='120.6488728' />
  <node id='4828403240' timestamp='2017-05-01T10:03:34Z' uid='1293194' user='nevw' visible='true' version='1' changeset='48302557' lat='24.1817393' lon='120.6488755' />
  <node id='4828403241' timestamp='2017-05-01T10:03:34Z' uid='1293194' user='nevw' visible='true' version='1' changeset='48302557' lat='24.1817781' lon='120.6482911' />
  <node id='4828403242' timestamp='2017-05-01T10:03:34Z' uid='1293194' user='nevw' visible='true' version='1' changeset='48302557' lat='24.1813507' lon='120.6486821' />
  <node id='4828403243' timestamp='2017-05-01T10:03:34Z' uid='1293194' user='nevw' visible='true' version='1' changeset='48302557' lat='24.1814244' lon='120.6483187' />
  <node id='5081181333' timestamp='2023-12-16T10:54:24Z' uid='274857' user='Supaplex' visible='true' version='8' changeset='145179867' lat='24.1791792' lon='120.6463425'>
    <tag k='addr:city' v='臺中市' />
    <tag k='addr:country' v='TW' />
    <tag k='addr:district' v='西屯區' />
    <tag k='addr:full' v='40742臺中市西屯區文華路105-10號' />
    <tag k='addr:housenumber' v='105-10' />
    <tag k='addr:postcode' v='40742' />
    <tag k='addr:street' v='文華路' />
    <tag k='branch' v='台中福氣店' />
    <tag k='brand' v='全家便利商店' />
    <tag k='brand:en' v='FamilyMart' />
    <tag k='brand:ja' v='ファミリーマート' />
    <tag k='brand:wikidata' v='Q10891564' />
    <tag k='brand:zh' v='全家便利商店' />
    <tag k='internet_access' v='no' />
    <tag k='name' v='全家便利商店' />
    <tag k='name:en' v='FamilyMart' />
    <tag k='name:zh' v='全家便利商店' />
    <tag k='opening_hours' v='24/7' />
    <tag k='operator' v='全家便利商店股份有限公司' />
    <tag k='payment:ep_easycard' v='yes' />
    <tag k='payment:ep_ipass' v='yes' />
    <tag k='phone' v='+886-4-2452-0407;+886-4-3707-3891' />
    <tag k='ref' v='015401' />
    <tag k='shop' v='convenience' />
    <tag k='toilets' v='no' />
    <tag k='website' v='https://www.family.com.tw/' />
  </node>
  <node id='5083086689' timestamp='2021-06-05T15:30:51Z' uid='1439333' user='Littlebtc' visible='true' version='3' changeset='105887120' lat='24.1790801' lon='120.6464143' />
  <node id='5083086690' timestamp='2021-06-05T15:30:51Z' uid='1439333' user='Littlebtc' visible='true' version='3' changeset='105887120' lat='24.1789376' lon='120.6464192' />
  <node id='5083086691' timestamp='2021-06-05T15:30:51Z' uid='1439333' user='Littlebtc' visible='true' version='3' changeset='105887120' lat='24.178902' lon='120.6463827' />
  <node id='5083086692' timestamp='2021-06-05T15:30:51Z' uid='1439333' user='Littlebtc' visible='true' version='3' changeset='105887120' lat='24.1789' lon='120.6458033' />
  <node id='5295711729' timestamp='2017-12-20T13:41:51Z' uid='6802110' user='Bigmorr' visible='true' version='1' changeset='54787161' lat='24.1808031' lon='120.64792' />
  <node id='5295711730' timestamp='2017-12-20T13:41:51Z' uid='6802110' user='Bigmorr' visible='true' version='1' changeset='54787161' lat='24.180807' lon='120.648071'>
    <tag k='barrier' v='lift_gate' />
  </node>
  <node id='5295711731' timestamp='2017-12-20T13:41:51Z' uid='6802110' user='Bigmorr' visible='true' version='1' changeset='54787161' lat='24.1809531' lon='120.6480661' />
  <node id='5295711732' timestamp='2017-12-20T13:41:51Z' uid='6802110' user='Bigmorr' visible='true' version='1' changeset='54787161' lat='24.1807529' lon='120.6480728' />
  <node id='5295711733' timestamp='2024-08-12T11:33:04Z' uid='12620959' user='twF6wdEYwL' visible='true' version='2' changeset='155142942' lat='24.1807426' lon='120.6473785' />
  <node id='5295711734' timestamp='2024-08-12T11:33:04Z' uid='12620959' user='twF6wdEYwL' visible='true' version='2' changeset='155142942' lat='24.180761' lon='120.6481769' />
  <node id='5295711735' timestamp='2024-08-12T11:33:04Z' uid='12620959' user='twF6wdEYwL' visible='true' version='2' changeset='155142942' lat='24.1807138' lon='120.6481782' />
  <node id='5308358640' timestamp='2017-12-28T12:32:27Z' uid='1439333' user='Littlebtc' visible='true' version='1' changeset='54981858' lat='24.1807182' lon='120.6453873' />
  <node id='5308358641' timestamp='2021-06-05T13:55:51Z' uid='1439333' user='Littlebtc' visible='true' version='2' changeset='105883489' lat='24.1807288' lon='120.6463845' />
  <node id='5308359034' timestamp='2024-10-16T16:26:26Z' uid='12620959' user='twF6wdEYwL' visible='true' version='3' changeset='157973428' lat='24.1806867' lon='120.6463192' />
  <node id='5308361390' timestamp='2021-06-05T15:30:51Z' uid='1439333' user='Littlebtc' visible='true' version='2' changeset='105887120' lat='24.1811113' lon='120.645901' />
  <node id='5308361393' timestamp='2017-12-28T12:36:39Z' uid='1439333' user='Littlebtc' visible='true' version='1' changeset='54981971' lat='24.1817533' lon='120.6442014' />
  <node id='5342518980' timestamp='2026-07-08T16:17:26Z' uid='12620959' user='twF6wdEYwL' visible='true' version='4' changeset='185352361' lat='24.1775482' lon='120.6466007'>
    <tag k='highway' v='crossing' />
  </node>
  <node id='5342518982' timestamp='2021-06-05T13:55:51Z' uid='1439333' user='Littlebtc' visible='true' version='3' changeset='105883489' lat='24.1780791' lon='120.64599' />
  <node id='5342541414' timestamp='2021-06-05T13:55:51Z' uid='1439333' user='Littlebtc' visible='true' version='2' changeset='105883489' lat='24.1783386' lon='120.646141' />
  <node id='5479454021' timestamp='2025-06-21T01:50:58Z' uid='18325668' user='EMU800' visible='true' version='3' changeset='167895697' lat='24.1781173' lon='120.6479273' />
  <node id='5479454022' timestamp='2025-06-21T01:50:58Z' uid='18325668' user='EMU800' visible='true' version='3' changeset='167895697' lat='24.178194' lon='120.6501229' />
  <node id='5479454023' timestamp='2024-08-26T18:56:03Z' uid='12620959' user='twF6wdEYwL' visible='true' version='2' changeset='155798037' lat='24.1765784' lon='120.6465521' />
  <node id='5479454024' timestamp='2018-03-15T05:51:37Z' uid='1224430' user='Vintagejhan' visible='true' version='1' changeset='57199389' lat='24.1779978' lon='120.6466345' />
  <node id='5479454026' timestamp='2018-03-15T05:51:37Z' uid='1224430' user='Vintagejhan' visible='true' version='1' changeset='57199389' lat='24.1789474' lon='120.6501294' />
  <node id='5479454028' timestamp='2018-03-15T05:51:37Z' uid='1224430' user='Vintagejhan' visible='true' version='1' changeset='57199389' lat='24.1791305' lon='120.6501253' />
  <node id='5585780260' timestamp='2026-03-16T02:28:00Z' uid='274857' user='Supaplex' visible='true' version='5' changeset='179923827' lat='24.1805851' lon='120.646714'>
    <tag k='addr:city' v='臺中市' />
    <tag k='addr:country' v='TW' />
    <tag k='addr:district' v='西屯區' />
    <tag k='addr:floor' v='2' />
    <tag k='addr:full' v='407臺中市西屯區文華路100號二樓育樂館220室' />
    <tag k='addr:housename' v='育樂館' />
    <tag k='addr:housenumber' v='100' />
    <tag k='addr:postcode' v='407' />
    <tag k='addr:street' v='文華路' />
    <tag k='addr:unit' v='220室' />
    <tag k='name' v='逢甲大學單騎風輪社(單車社) 社團辦公室' />
    <tag k='name:en' v='Bike Club of Feng-Chia University' />
    <tag k='name:zh' v='逢甲大學單騎風輪社(單車社) 社團辦公室' />
    <tag k='office' v='club' />
  </node>
  <node id='5604017238' timestamp='2025-11-19T10:07:59Z' uid='5062752' user='WWSS' visible='true' version='3' changeset='174851417' lat='24.1783541' lon='120.6485484'>
    <tag k='description' v='未確認' />
    <tag k='ele' v='117.736' />
    <tag k='man_made' v='survey_point' />
    <tag k='material' v='bronze' />
    <tag k='name' v='內政部導線點 804' />
    <tag k='ref' v='[內導]804 逢甲' />
    <tag k='survey_point' v='polygon_IT' />
    <tag k='survey_point:purpose' v='horizontal' />
    <tag k='survey_point:structure' v='plaque' />
    <tag k='survey_point:zh' v='內政部精密導線點' />
  </node>
  <node id='5652867653' timestamp='2025-06-02T06:27:44Z' uid='1439333' user='Littlebtc' visible='true' version='2' changeset='167076607' lat='24.1820121' lon='120.6512692' />
  <node id='5652867654' timestamp='2025-06-02T06:27:44Z' uid='1439333' user='Littlebtc' visible='true' version='4' changeset='167076607' lat='24.182015' lon='120.6518505' />
  <node id='5652867655' timestamp='2025-06-02T06:27:44Z' uid='1439333' user='Littlebtc' visible='true' version='4' changeset='167076607' lat='24.1820109' lon='120.6516843'>
    <tag k='highway' v='traffic_signals' />
    <tag k='traffic_signals' v='signal' />
    <tag k='traffic_signals:direction' v='forward' />
  </node>
  <node id='5836717542' timestamp='2024-03-15T07:31:31Z' uid='12620959' user='twF6wdEYwL' visible='true' version='4' changeset='148673581' lat='24.1771526' lon='120.6519473' />
  <node id='6176067685' timestamp='2019-02-24T17:25:06Z' uid='274857' user='Supaplex' visible='true' version='2' changeset='67523147' lat='24.1789242' lon='120.6464819' />
  <node id='6780010553' timestamp='2023-12-16T10:54:24Z' uid='274857' user='Supaplex' visible='true' version='2' changeset='145179867' lat='24.1751765' lon='120.6447161' />
  <node id='6899503949' timestamp='2021-06-05T15:30:51Z' uid='1439333' user='Littlebtc' visible='true' version='2' changeset='105887120' lat='24.1808194' lon='120.6462879'>
    <tag k='amenity' v='restaurant' />
    <tag k='name' v='滿粥穗' />
  </node>
  <node id='7024724914' timestamp='2026-03-16T02:28:00Z' uid='274857' user='Supaplex' visible='true' version='10' changeset='179923827' lat='24.1820159' lon='120.6481323'>
    <tag k='addr:city' v='臺中市' />
    <tag k='addr:country' v='TW' />
    <tag k='addr:district' v='西屯區' />
    <tag k='addr:full' v='407臺中市西屯區西安街275號' />
    <tag k='addr:housenumber' v='275號' />
    <tag k='addr:postcode' v='407' />
    <tag k='addr:street' v='西安街' />
    <tag k='air_conditioning' v='yes' />
    <tag k='alt_name' v='統一超商' />
    <tag k='branch' v='逢吉門市' />
    <tag k='brand' v='7-Eleven' />
    <tag k='brand:en' v='7-Eleven' />
    <tag k='brand:wikidata' v='Q259340' />
    <tag k='brand:wikipedia' v='en:7-Eleven' />
    <tag k='name' v='7-Eleven' />
    <tag k='opening_hours' v='24/7' />
    <tag k='operator' v='7-11' />
    <tag k='payment:ep_easycard' v='yes' />
    <tag k='payment:ep_ipass' v='yes' />
    <tag k='phone' v='+886-4-24529376' />
    <tag k='shop' v='convenience' />
    <tag k='website' v='https://www.7-11.com.tw' />
  </node>
  <node id='7024724915' timestamp='2020-11-28T16:39:00Z' uid='6421436' user='SXCKH' visible='true' version='3' changeset='94951974' lat='24.1819838' lon='120.6500837'>
    <tag k='crossing' v='marked' />
    <tag k='highway' v='crossing' />
  </node>
  <node id='7025023171' timestamp='2026-06-14T07:06:46Z' uid='1439333' user='Littlebtc' visible='true' version='2' changeset='184081927' lat='24.1839446' lon='120.648162' />
  <node id='7026140981' timestamp='2019-12-02T13:44:20Z' uid='6421436' user='SXCKH' visible='true' version='1' changeset='77824759' lat='24.178227' lon='120.6514687' />
  <node id='7026140982' timestamp='2019-12-02T13:44:20Z' uid='6421436' user='SXCKH' visible='true' version='1' changeset='77824759' lat='24.1787948' lon='120.651478' />
  <node id='7026140983' timestamp='2019-12-02T13:44:20Z' uid='6421436' user='SXCKH' visible='true' version='1' changeset='77824759' lat='24.1788047' lon='120.6504836' />
  <node id='7026140984' timestamp='2019-12-02T13:44:20Z' uid='6421436' user='SXCKH' visible='true' version='1' changeset='77824759' lat='24.1782061' lon='120.6504813' />
  <node id='7026162091' timestamp='2020-11-28T16:39:00Z' uid='6421436' user='SXCKH' visible='true' version='2' changeset='94951974' lat='24.1763142' lon='120.6519434'>
    <tag k='crossing' v='marked' />
    <tag k='highway' v='crossing' />
  </node>
  <node id='7026162092' timestamp='2020-11-28T16:39:00Z' uid='6421436' user='SXCKH' visible='true' version='2' changeset='94951974' lat='24.1763085' lon='120.6518427'>
    <tag k='crossing' v='marked' />
    <tag k='highway' v='crossing' />
  </node>
  <node id='7158957923' timestamp='2020-01-26T11:56:17Z' uid='274857' user='Supaplex' visible='true' version='2' changeset='80095811' lat='24.180416' lon='120.646393'>
    <tag k='couplings' v='1' />
    <tag k='description' v='西平里文華路129號' />
    <tag k='emergency' v='fire_hydrant' />
    <tag k='fire_hydrant:description' v='五角型開關' />
    <tag k='fire_hydrant:type' v='underground' />
    <tag k='is_in' v='臺中市西屯區' />
    <tag k='operator' v='水湳分隊' />
    <tag k='ref' v='15240' />
    <tag k='source' v='臺中市消防局' />
  </node>
  <node id='7158988497' timestamp='2020-01-26T12:01:45Z' uid='274857' user='Supaplex' visible='true' version='2' changeset='80095951' lat='24.178693' lon='120.64674'>
    <tag k='couplings' v='1' />
    <tag k='description' v='逢甲里文華路77-4號' />
    <tag k='emergency' v='fire_hydrant' />
    <tag k='fire_hydrant:description' v='五角型開關' />
    <tag k='fire_hydrant:type' v='underground' />
    <tag k='is_in' v='臺中市西屯區' />
    <tag k='operator' v='水湳分隊' />
    <tag k='ref' v='15263' />
    <tag k='source' v='臺中市消防局' />
  </node>
  <node id='7158990949' timestamp='2020-01-26T12:01:45Z' uid='274857' user='Supaplex' visible='true' version='2' changeset='80095951' lat='24.181945' lon='120.6463189'>
    <tag k='couplings' v='1' />
    <tag k='description' v='文華路與西安街口' />
    <tag k='emergency' v='fire_hydrant' />
    <tag k='fire_hydrant:description' v='五角型開關' />
    <tag k='fire_hydrant:type' v='underground' />
    <tag k='is_in' v='臺中市西屯區' />
    <tag k='operator' v='水湳分隊' />
    <tag k='ref' v='15241' />
    <tag k='source' v='臺中市消防局' />
  </node>
  <node id='7216671744' timestamp='2020-02-16T15:52:05Z' uid='6421436' user='SXCKH' visible='true' version='1' changeset='81074577' lat='24.178067' lon='120.6489322' />
  <node id='7216671753' timestamp='2020-02-16T15:52:05Z' uid='6421436' user='SXCKH' visible='true' version='1' changeset='81074577' lat='24.1814158' lon='120.6482149'>
    <tag k='crossing' v='marked' />
    <tag k='highway' v='crossing' />
  </node>
  <node id='7216671754' timestamp='2020-02-16T15:52:05Z' uid='6421436' user='SXCKH' visible='true' version='1' changeset='81074577' lat='24.1799062' lon='120.646617'>
    <tag k='highway' v='crossing' />
  </node>
  <node id='7216671755' timestamp='2020-02-16T15:52:05Z' uid='6421436' user='SXCKH' visible='true' version='1' changeset='81074577' lat='24.1790555' lon='120.6490195'>
    <tag k='barrier' v='bollard' />
    <tag k='bicycle' v='yes' />
    <tag k='foot' v='yes' />
    <tag k='motor_vehicle' v='no' />
  </node>
  <node id='7216671756' timestamp='2020-02-16T15:52:05Z' uid='6421436' user='SXCKH' visible='true' version='1' changeset='81074577' lat='24.1790145' lon='120.648631' />
  <node id='7216671757' timestamp='2020-02-16T15:52:05Z' uid='6421436' user='SXCKH' visible='true' version='1' changeset='81074577' lat='24.1786594' lon='120.6486486' />
  <node id='7216671758' timestamp='2025-06-21T01:50:58Z' uid='18325668' user='EMU800' visible='true' version='3' changeset='167895697' lat='24.178143' lon='120.6486623' />
  <node id='7216671759' timestamp='2020-02-16T15:52:05Z' uid='6421436' user='SXCKH' visible='true' version='1' changeset='81074577' lat='24.1806782' lon='120.6476795' />
  <node id='7216671760' timestamp='2020-02-16T15:52:05Z' uid='6421436' user='SXCKH' visible='true' version='1' changeset='81074577' lat='24.1806828' lon='120.6482946' />
  <node id='7216671761' timestamp='2020-02-16T15:52:05Z' uid='6421436' user='SXCKH' visible='true' version='1' changeset='81074577' lat='24.1806824' lon='120.6482433' />
  <node id='7216671762' timestamp='2020-02-16T15:52:05Z' uid='6421436' user='SXCKH' visible='true' version='1' changeset='81074577' lat='24.1799808' lon='120.6482798' />
  <node id='7216671763' timestamp='2020-02-16T15:52:05Z' uid='6421436' user='SXCKH' visible='true' version='1' changeset='81074577' lat='24.1807451' lon='120.6476778' />
  <node id='7216671764' timestamp='2020-02-16T15:52:05Z' uid='6421436' user='SXCKH' visible='true' version='1' changeset='81074577' lat='24.1799253' lon='120.6477022' />
  <node id='7216671765' timestamp='2020-02-16T15:52:05Z' uid='6421436' user='SXCKH' visible='true' version='1' changeset='81074577' lat='24.1807528' lon='120.6465961'>
    <tag k='barrier' v='lift_gate' />
  </node>
  <node id='7216671766' timestamp='2020-02-16T15:52:05Z' uid='6421436' user='SXCKH' visible='true' version='1' changeset='81074577' lat='24.1807322' lon='120.646619' />
  <node id='7216671767' timestamp='2020-02-16T15:52:05Z' uid='6421436' user='SXCKH' visible='true' version='1' changeset='81074577' lat='24.180972' lon='120.6466129' />
  <node id='7216671768' timestamp='2021-06-05T13:55:51Z' uid='1439333' user='Littlebtc' visible='true' version='2' changeset='105883489' lat='24.1812646' lon='120.6463599' />
  <node id='7216671769' timestamp='2020-02-16T15:52:05Z' uid='6421436' user='SXCKH' visible='true' version='1' changeset='81074577' lat='24.1812663' lon='120.6464526' />
  <node id='7216671770' timestamp='2020-02-16T15:52:05Z' uid='6421436' user='SXCKH' visible='true' version='1' changeset='81074577' lat='24.18127' lon='120.6465815' />
  <node id='7216671771' timestamp='2020-02-16T15:52:05Z' uid='6421436' user='SXCKH' visible='true' version='1' changeset='81074577' lat='24.1814513' lon='120.6470245' />
  <node id='7216671772' timestamp='2020-02-16T15:52:05Z' uid='6421436' user='SXCKH' visible='true' version='1' changeset='81074577' lat='24.1818318' lon='120.6472794' />
  <node id='7216671773' timestamp='2020-02-16T15:52:05Z' uid='6421436' user='SXCKH' visible='true' version='1' changeset='81074577' lat='24.1818566' lon='120.6482394' />
  <node id='7216671774' timestamp='2021-06-05T13:55:51Z' uid='1439333' user='Littlebtc' visible='true' version='2' changeset='105883489' lat='24.1817684' lon='120.6463201' />
  <node id='7216671775' timestamp='2020-02-16T15:52:05Z' uid='6421436' user='SXCKH' visible='true' version='1' changeset='81074577' lat='24.1817966' lon='120.6465236' />
  <node id='7216671776' timestamp='2020-02-16T15:52:05Z' uid='6421436' user='SXCKH' visible='true' version='1' changeset='81074577' lat='24.1817975' lon='120.6466159' />
  <node id='7216671777' timestamp='2020-02-16T15:52:05Z' uid='6421436' user='SXCKH' visible='true' version='1' changeset='81074577' lat='24.1816726' lon='120.6472804' />
  <node id='7216671778' timestamp='2020-02-16T15:52:05Z' uid='6421436' user='SXCKH' visible='true' version='1' changeset='81074577' lat='24.1815708' lon='120.6470187' />
  <node id='7216671779' timestamp='2020-02-16T15:52:05Z' uid='6421436' user='SXCKH' visible='true' version='1' changeset='81074577' lat='24.1815791' lon='120.6472439' />
  <node id='7216671780' timestamp='2020-02-16T15:52:05Z' uid='6421436' user='SXCKH' visible='true' version='1' changeset='81074577' lat='24.1816698' lon='120.6472439' />
  <node id='7216671781' timestamp='2020-02-16T15:52:05Z' uid='6421436' user='SXCKH' visible='true' version='1' changeset='81074577' lat='24.1817834' lon='120.6464238'>
    <tag k='access' v='permit' />
    <tag k='barrier' v='gate' />
  </node>
  <node id='7216671782' timestamp='2020-02-16T15:52:05Z' uid='6421436' user='SXCKH' visible='true' version='1' changeset='81074577' lat='24.1814494' lon='120.6472898' />
  <node id='7216671783' timestamp='2020-02-16T15:52:05Z' uid='6421436' user='SXCKH' visible='true' version='1' changeset='81074577' lat='24.181448' lon='120.6472184' />
  <node id='7216671784' timestamp='2020-02-16T15:52:05Z' uid='6421436' user='SXCKH' visible='true' version='1' changeset='81074577' lat='24.1813076' lon='120.6472259' />
  <node id='7216722985' timestamp='2020-02-16T15:52:05Z' uid='6421436' user='SXCKH' visible='true' version='1' changeset='81074577' lat='24.1813265' lon='120.6482468' />
  <node id='7216722986' timestamp='2020-02-16T15:52:05Z' uid='6421436' user='SXCKH' visible='true' version='1' changeset='81074577' lat='24.1813371' lon='120.6483721' />
  <node id='7216722987' timestamp='2020-02-16T15:52:05Z' uid='6421436' user='SXCKH' visible='true' version='1' changeset='81074577' lat='24.1813731' lon='120.6484161' />
  <node id='7216722988' timestamp='2020-02-16T15:52:05Z' uid='6421436' user='SXCKH' visible='true' version='1' changeset='81074577' lat='24.1813967' lon='120.649088' />
  <node id='7216722989' timestamp='2020-02-16T15:52:05Z' uid='6421436' user='SXCKH' visible='true' version='1' changeset='81074577' lat='24.1813195' lon='120.649094' />
  <node id='7216722990' timestamp='2020-02-16T15:52:05Z' uid='6421436' user='SXCKH' visible='true' version='1' changeset='81074577' lat='24.1813251' lon='120.6482017' />
  <node id='7216722991' timestamp='2020-02-16T15:52:05Z' uid='6421436' user='SXCKH' visible='true' version='1' changeset='81074577' lat='24.1810944' lon='120.6482261' />
  <node id='7216722992' timestamp='2020-02-16T15:52:05Z' uid='6421436' user='SXCKH' visible='true' version='1' changeset='81074577' lat='24.1810306' lon='120.6482505' />
  <node id='7216722993' timestamp='2020-02-16T15:52:05Z' uid='6421436' user='SXCKH' visible='true' version='1' changeset='81074577' lat='24.1807549' lon='120.6482595' />
  <node id='7216722994' timestamp='2020-02-16T15:52:05Z' uid='6421436' user='SXCKH' visible='true' version='1' changeset='81074577' lat='24.1810641' lon='120.6482377' />
  <node id='7216722995' timestamp='2020-02-16T15:52:05Z' uid='6421436' user='SXCKH' visible='true' version='1' changeset='81074577' lat='24.1810548' lon='120.6478906' />
  <node id='7216722996' timestamp='2020-02-16T15:52:05Z' uid='6421436' user='SXCKH' visible='true' version='1' changeset='81074577' lat='24.1807499' lon='120.6478986' />
  <node id='7216722997' timestamp='2020-02-16T15:52:05Z' uid='6421436' user='SXCKH' visible='true' version='1' changeset='81074577' lat='24.1799138' lon='120.6483247'>
    <tag k='barrier' v='bollard' />
  </node>
  <node id='7216722998' timestamp='2020-02-16T15:52:05Z' uid='6421436' user='SXCKH' visible='true' version='1' changeset='81074577' lat='24.1799348' lon='120.6483017'>
    <tag k='barrier' v='bollard' />
  </node>
  <node id='7216722999' timestamp='2020-02-16T15:52:05Z' uid='6421436' user='SXCKH' visible='true' version='1' changeset='81074577' lat='24.1799535' lon='120.6483057'>
    <tag k='barrier' v='bollard' />
  </node>
  <node id='7216723000' timestamp='2020-02-16T15:52:05Z' uid='6421436' user='SXCKH' visible='true' version='1' changeset='81074577' lat='24.1796563' lon='120.6489948' />
  <node id='7216723001' timestamp='2020-02-16T15:52:05Z' uid='6421436' user='SXCKH' visible='true' version='1' changeset='81074577' lat='24.1796488' lon='120.6489436' />
  <node id='7216723002' timestamp='2020-02-16T15:52:05Z' uid='6421436' user='SXCKH' visible='true' version='1' changeset='81074577' lat='24.1796408' lon='120.6484396' />
  <node id='7216723003' timestamp='2020-02-16T15:52:05Z' uid='6421436' user='SXCKH' visible='true' version='1' changeset='81074577' lat='24.1796443' lon='120.6486611' />
  <node id='7216723004' timestamp='2020-02-16T15:52:05Z' uid='6421436' user='SXCKH' visible='true' version='1' changeset='81074577' lat='24.179196' lon='120.6486651' />
  <node id='7216723005' timestamp='2020-02-16T15:52:05Z' uid='6421436' user='SXCKH' visible='true' version='1' changeset='81074577' lat='24.1796449' lon='120.6486995' />
  <node id='7216723006' timestamp='2020-02-16T15:52:05Z' uid='6421436' user='SXCKH' visible='true' version='1' changeset='81074577' lat='24.1791964' lon='120.6486997' />
  <node id='7216723007' timestamp='2020-02-16T15:52:05Z' uid='6421436' user='SXCKH' visible='true' version='1' changeset='81074577' lat='24.1788547' lon='120.6462753' />
  <node id='7216723008' timestamp='2020-02-16T15:52:05Z' uid='6421436' user='SXCKH' visible='true' version='1' changeset='81074577' lat='24.17903' lon='120.6496907' />
  <node id='7216723009' timestamp='2020-02-16T15:52:05Z' uid='6421436' user='SXCKH' visible='true' version='1' changeset='81074577' lat='24.1785979' lon='120.649938' />
  <node id='7216723011' timestamp='2020-02-16T15:52:05Z' uid='6421436' user='SXCKH' visible='true' version='1' changeset='81074577' lat='24.1784667' lon='120.6501023' />
  <node id='7216723012' timestamp='2020-03-05T00:35:33Z' uid='6421436' user='SXCKH' visible='true' version='2' changeset='81796221' lat='24.1785124' lon='120.6493884' />
  <node id='7216723013' timestamp='2020-02-16T15:52:05Z' uid='6421436' user='SXCKH' visible='true' version='1' changeset='81074577' lat='24.1785219' lon='120.6500595' />
  <node id='7216723014' timestamp='2020-02-16T15:52:05Z' uid='6421436' user='SXCKH' visible='true' version='1' changeset='81074577' lat='24.1784699' lon='120.6502493' />
  <node id='7216723015' timestamp='2020-02-16T15:52:05Z' uid='6421436' user='SXCKH' visible='true' version='1' changeset='81074577' lat='24.1784688' lon='120.6501974'>
    <tag k='barrier' v='bollard' />
  </node>
  <node id='7216723016' timestamp='2020-03-05T00:35:33Z' uid='6421436' user='SXCKH' visible='true' version='2' changeset='81796221' lat='24.1788047' lon='120.6494762' />
  <node id='7216723017' timestamp='2020-03-05T00:35:33Z' uid='6421436' user='SXCKH' visible='true' version='2' changeset='81796221' lat='24.1787703' lon='120.6494713' />
  <node id='7216723018' timestamp='2020-02-16T15:52:05Z' uid='6421436' user='SXCKH' visible='true' version='1' changeset='81074577' lat='24.1787198' lon='120.6494696' />
  <node id='7216723019' timestamp='2020-02-16T15:52:05Z' uid='6421436' user='SXCKH' visible='true' version='1' changeset='81074577' lat='24.1786529' lon='120.6494763' />
  <node id='7216723020' timestamp='2020-02-16T15:52:05Z' uid='6421436' user='SXCKH' visible='true' version='1' changeset='81074577' lat='24.1786133' lon='120.6495198' />
  <node id='7216723021' timestamp='2020-02-16T15:52:05Z' uid='6421436' user='SXCKH' visible='true' version='1' changeset='81074577' lat='24.1786257' lon='120.6496161' />
  <node id='7216723022' timestamp='2020-03-05T00:35:33Z' uid='6421436' user='SXCKH' visible='true' version='2' changeset='81796221' lat='24.1786354' lon='120.6497155' />
  <node id='7216723023' timestamp='2020-03-05T00:35:33Z' uid='6421436' user='SXCKH' visible='true' version='2' changeset='81796221' lat='24.1787057' lon='120.6497354' />
  <node id='7216723024' timestamp='2020-03-05T00:35:33Z' uid='6421436' user='SXCKH' visible='true' version='2' changeset='81796221' lat='24.178791' lon='120.6497205' />
  <node id='7216723025' timestamp='2020-03-05T00:35:33Z' uid='6421436' user='SXCKH' visible='true' version='2' changeset='81796221' lat='24.1787886' lon='120.6497726' />
  <node id='7216723026' timestamp='2020-03-05T00:35:33Z' uid='6421436' user='SXCKH' visible='true' version='2' changeset='81796221' lat='24.1787857' lon='120.6498586' />
  <node id='7216723027' timestamp='2020-03-05T00:35:33Z' uid='6421436' user='SXCKH' visible='true' version='2' changeset='81796221' lat='24.1790048' lon='120.6500551' />
  <node id='7216723028' timestamp='2020-03-05T00:35:33Z' uid='6421436' user='SXCKH' visible='true' version='2' changeset='81796221' lat='24.1788798' lon='120.6499675' />
  <node id='7216723029' timestamp='2020-03-05T00:35:33Z' uid='6421436' user='SXCKH' visible='true' version='2' changeset='81796221' lat='24.1788502' lon='120.6499439' />
  <node id='7216723030' timestamp='2020-03-05T00:35:33Z' uid='6421436' user='SXCKH' visible='true' version='2' changeset='81796221' lat='24.1788189' lon='120.6498887' />
  <node id='7216723031' timestamp='2020-03-05T00:35:33Z' uid='6421436' user='SXCKH' visible='true' version='2' changeset='81796221' lat='24.1788138' lon='120.6498448' />
  <node id='7216723032' timestamp='2020-03-05T00:35:33Z' uid='6421436' user='SXCKH' visible='true' version='2' changeset='81796221' lat='24.178817' lon='120.6497742' />
  <node id='7216723033' timestamp='2020-03-05T00:35:33Z' uid='6421436' user='SXCKH' visible='true' version='2' changeset='81796221' lat='24.1788223' lon='120.6497051' />
  <node id='7216723034' timestamp='2020-02-16T15:52:05Z' uid='6421436' user='SXCKH' visible='true' version='1' changeset='81074577' lat='24.1780389' lon='120.6480176' />
  <node id='7265044038' timestamp='2020-03-05T00:35:33Z' uid='6421436' user='SXCKH' visible='true' version='1' changeset='81796221' lat='24.1788299' lon='120.6499092' />
  <node id='7265044039' timestamp='2020-03-05T00:35:33Z' uid='6421436' user='SXCKH' visible='true' version='1' changeset='81796221' lat='24.1788223' lon='120.6499688' />
  <node id='7265044040' timestamp='2020-03-05T00:35:33Z' uid='6421436' user='SXCKH' visible='true' version='1' changeset='81796221' lat='24.1788087' lon='120.6499396' />
  <node id='7265044041' timestamp='2020-03-05T00:35:33Z' uid='6421436' user='SXCKH' visible='true' version='1' changeset='81796221' lat='24.1787944' lon='120.6498976' />
  <node id='7265044042' timestamp='2020-03-05T00:35:33Z' uid='6421436' user='SXCKH' visible='true' version='1' changeset='81796221' lat='24.1788197' lon='120.6498087' />
  <node id='7265044043' timestamp='2020-03-05T00:35:33Z' uid='6421436' user='SXCKH' visible='true' version='1' changeset='81796221' lat='24.1787844' lon='120.6498209' />
  <node id='7265044044' timestamp='2020-03-05T00:35:33Z' uid='6421436' user='SXCKH' visible='true' version='1' changeset='81796221' lat='24.1786981' lon='120.6497413' />
  <node id='7265044045' timestamp='2020-03-05T00:35:33Z' uid='6421436' user='SXCKH' visible='true' version='1' changeset='81796221' lat='24.1787846' lon='120.6497384' />
  <node id='7265044046' timestamp='2020-03-05T00:35:33Z' uid='6421436' user='SXCKH' visible='true' version='1' changeset='81796221' lat='24.1790155' lon='120.6501171' />
  <node id='7265044047' timestamp='2020-03-05T00:35:33Z' uid='6421436' user='SXCKH' visible='true' version='1' changeset='81796221' lat='24.1788568' lon='120.6493902' />
  <node id='7265044048' timestamp='2020-03-05T00:35:33Z' uid='6421436' user='SXCKH' visible='true' version='1' changeset='81796221' lat='24.179024' lon='120.649293' />
  <node id='7265044049' timestamp='2020-03-05T00:35:33Z' uid='6421436' user='SXCKH' visible='true' version='1' changeset='81796221' lat='24.1783915' lon='120.6492982' />
  <node id='7265044050' timestamp='2020-03-05T00:35:33Z' uid='6421436' user='SXCKH' visible='true' version='1' changeset='81796221' lat='24.1789928' lon='120.6493044' />
  <node id='7265044051' timestamp='2020-03-05T00:35:33Z' uid='6421436' user='SXCKH' visible='true' version='1' changeset='81796221' lat='24.1789936' lon='120.6493761' />
  <node id='7265044052' timestamp='2020-03-05T00:35:33Z' uid='6421436' user='SXCKH' visible='true' version='1' changeset='81796221' lat='24.1784245' lon='120.6493735' />
  <node id='7265044053' timestamp='2020-03-05T00:35:33Z' uid='6421436' user='SXCKH' visible='true' version='1' changeset='81796221' lat='24.1784237' lon='120.649308' />
  <node id='7265044054' timestamp='2020-03-05T00:35:33Z' uid='6421436' user='SXCKH' visible='true' version='1' changeset='81796221' lat='24.1790024' lon='120.6500202' />
  <node id='7265044055' timestamp='2020-03-05T00:35:33Z' uid='6421436' user='SXCKH' visible='true' version='1' changeset='81796221' lat='24.1789014' lon='120.6500146' />
  <node id='7265044056' timestamp='2020-03-05T00:35:33Z' uid='6421436' user='SXCKH' visible='true' version='1' changeset='81796221' lat='24.1788603' lon='120.6499961' />
  <node id='7265044057' timestamp='2020-03-05T00:35:33Z' uid='6421436' user='SXCKH' visible='true' version='1' changeset='81796221' lat='24.1788579' lon='120.6499399' />
  <node id='7265044058' timestamp='2020-03-05T00:35:33Z' uid='6421436' user='SXCKH' visible='true' version='1' changeset='81796221' lat='24.1788584' lon='120.6500043' />
  <node id='7265044059' timestamp='2020-03-05T00:35:33Z' uid='6421436' user='SXCKH' visible='true' version='1' changeset='81796221' lat='24.1788341' lon='120.6494756' />
  <node id='7265044060' timestamp='2020-03-05T00:35:33Z' uid='6421436' user='SXCKH' visible='true' version='1' changeset='81796221' lat='24.1788395' lon='120.6495461' />
  <node id='7265044061' timestamp='2020-03-05T00:35:33Z' uid='6421436' user='SXCKH' visible='true' version='1' changeset='81796221' lat='24.1788341' lon='120.6496672' />
  <node id='7265639294' timestamp='2020-03-05T07:40:33Z' uid='6421436' user='SXCKH' visible='true' version='1' changeset='81809849' lat='24.1804789' lon='120.6471955' />
  <node id='7265639295' timestamp='2026-03-16T02:28:00Z' uid='274857' user='Supaplex' visible='true' version='3' changeset='179923827' lat='24.179973' lon='120.6469132'>
    <tag k='access' v='yes' />
    <tag k='addr:city' v='臺中市' />
    <tag k='addr:country' v='TW' />
    <tag k='addr:district' v='西屯區' />
    <tag k='addr:full' v='407臺中市西屯區文華路100號' />
    <tag k='addr:housenumber' v='100' />
    <tag k='addr:postcode' v='407' />
    <tag k='addr:street' v='文華路' />
    <tag k='door' v='yes' />
    <tag k='entrance' v='yes' />
    <tag k='name' v='育樂館大門' />
    <tag k='wheelchair' v='yes' />
  </node>
  <node id='7265639296' timestamp='2020-03-05T17:45:45Z' uid='274857' user='Supaplex' visible='true' version='2' changeset='81833375' lat='24.1796055' lon='120.6497464' />
  <node id='7265639297' timestamp='2020-03-05T07:40:33Z' uid='6421436' user='SXCKH' visible='true' version='1' changeset='81809849' lat='24.1789943' lon='120.6481085' />
  <node id='7265639298' timestamp='2020-03-05T07:40:33Z' uid='6421436' user='SXCKH' visible='true' version='1' changeset='81809849' lat='24.178649' lon='120.6485342' />
  <node id='7265639299' timestamp='2020-03-05T07:40:33Z' uid='6421436' user='SXCKH' visible='true' version='1' changeset='81809849' lat='24.1786467' lon='120.648328' />
  <node id='7265639300' timestamp='2020-03-05T07:40:33Z' uid='6421436' user='SXCKH' visible='true' version='1' changeset='81809849' lat='24.1788369' lon='120.6481112' />
  <node id='7265639301' timestamp='2020-03-05T07:40:33Z' uid='6421436' user='SXCKH' visible='true' version='1' changeset='81809849' lat='24.178837' lon='120.6481717' />
  <node id='7265639302' timestamp='2020-03-05T07:40:33Z' uid='6421436' user='SXCKH' visible='true' version='1' changeset='81809849' lat='24.1786443' lon='120.6481146' />
  <node id='7265639303' timestamp='2020-03-05T07:40:33Z' uid='6421436' user='SXCKH' visible='true' version='1' changeset='81809849' lat='24.1790088' lon='120.648381' />
  <node id='7265639304' timestamp='2020-03-05T07:40:33Z' uid='6421436' user='SXCKH' visible='true' version='1' changeset='81809849' lat='24.1787564' lon='120.648524' />
  <node id='7265639305' timestamp='2025-06-21T01:50:58Z' uid='18325668' user='EMU800' visible='true' version='2' changeset='167895697' lat='24.178471' lon='120.6474303' />
  <node id='7265639306' timestamp='2025-06-21T01:50:58Z' uid='18325668' user='EMU800' visible='true' version='3' changeset='167895697' lat='24.1782149' lon='120.6474348' />
  <node id='7265639307' timestamp='2020-03-05T07:40:33Z' uid='6421436' user='SXCKH' visible='true' version='1' changeset='81809849' lat='24.1819508' lon='120.6487215' />
  <node id='7265639310' timestamp='2020-11-28T17:49:48Z' uid='6421436' user='SXCKH' visible='true' version='2' changeset='94954186' lat='24.1834681' lon='120.6519787'>
    <tag k='crossing' v='marked' />
    <tag k='highway' v='crossing' />
  </node>
  <node id='7265639311' timestamp='2020-11-28T17:49:48Z' uid='6421436' user='SXCKH' visible='true' version='2' changeset='94954186' lat='24.1835485' lon='120.6517417'>
    <tag k='crossing' v='marked' />
    <tag k='highway' v='crossing' />
  </node>
  <node id='7265639314' timestamp='2025-01-07T17:23:07Z' uid='4292387' user='Jaller' visible='true' version='2' changeset='161104469' lat='24.1835479' lon='120.6517149'>
    <tag k='highway' v='traffic_signals' />
    <tag k='traffic_signals' v='signal' />
    <tag k='traffic_signals:direction' v='backward' />
  </node>
  <node id='7265639315' timestamp='2020-03-05T07:40:33Z' uid='6421436' user='SXCKH' visible='true' version='1' changeset='81809849' lat='24.1834454' lon='120.6519786'>
    <tag k='highway' v='traffic_signals' />
    <tag k='traffic_signals' v='signal' />
    <tag k='traffic_signals:direction' v='forward' />
  </node>
  <node id='7265639316' timestamp='2020-11-28T17:49:48Z' uid='6421436' user='SXCKH' visible='true' version='2' changeset='94954186' lat='24.1834661' lon='120.6518532'>
    <tag k='crossing' v='marked' />
    <tag k='highway' v='crossing' />
  </node>
  <node id='7265639326' timestamp='2020-03-05T07:40:33Z' uid='6421436' user='SXCKH' visible='true' version='1' changeset='81809849' lat='24.1814536' lon='120.6471969' />
  <node id='7265639327' timestamp='2020-03-05T07:40:33Z' uid='6421436' user='SXCKH' visible='true' version='1' changeset='81809849' lat='24.181483' lon='120.6471953' />
  <node id='7265639328' timestamp='2020-03-05T07:40:33Z' uid='6421436' user='SXCKH' visible='true' version='1' changeset='81809849' lat='24.1819854' lon='120.6501634' />
  <node id='7265639330' timestamp='2025-01-07T17:23:07Z' uid='4292387' user='Jaller' visible='true' version='3' changeset='161104469' lat='24.1821278' lon='120.6501436'>
    <tag k='highway' v='traffic_signals' />
    <tag k='traffic_signals' v='signal' />
    <tag k='traffic_signals:direction' v='forward' />
  </node>
  <node id='7265639333' timestamp='2020-11-29T08:16:15Z' uid='6421436' user='SXCKH' visible='true' version='3' changeset='94974737' lat='24.1820779' lon='120.6501446'>
    <tag k='crossing' v='marked' />
    <tag k='highway' v='crossing' />
  </node>
  <node id='7265639335' timestamp='2020-03-05T07:40:33Z' uid='6421436' user='SXCKH' visible='true' version='1' changeset='81809849' lat='24.1819585' lon='120.6501083' />
  <node id='7505036190' timestamp='2020-05-11T02:56:17Z' uid='1439333' user='Littlebtc' visible='true' version='1' changeset='84993977' lat='24.191112' lon='120.6525877' />
  <node id='7505036191' timestamp='2020-05-11T02:56:17Z' uid='1439333' user='Littlebtc' visible='true' version='1' changeset='84993977' lat='24.1911806' lon='120.6525126' />
  <node id='7505036192' timestamp='2020-05-11T02:56:17Z' uid='1439333' user='Littlebtc' visible='true' version='1' changeset='84993977' lat='24.1912907' lon='120.652518' />
  <node id='7505036193' timestamp='2020-05-11T02:56:17Z' uid='1439333' user='Littlebtc' visible='true' version='1' changeset='84993977' lat='24.1911096' lon='120.6521612' />
  <node id='7505036223' timestamp='2020-05-11T02:56:17Z' uid='1439333' user='Littlebtc' visible='true' version='1' changeset='84993977' lat='24.1852986' lon='120.65229' />
  <node id='7505036224' timestamp='2020-05-11T02:56:17Z' uid='1439333' user='Littlebtc' visible='true' version='1' changeset='84993977' lat='24.1854454' lon='120.652526' />
  <node id='7505036225' timestamp='2020-05-11T02:56:17Z' uid='1439333' user='Littlebtc' visible='true' version='1' changeset='84993977' lat='24.1851665' lon='120.6520084' />
  <node id='7505036226' timestamp='2020-05-11T02:56:17Z' uid='1439333' user='Littlebtc' visible='true' version='1' changeset='84993977' lat='24.1854626' lon='120.652003' />
  <node id='7505036250' timestamp='2020-05-11T02:56:17Z' uid='1439333' user='Littlebtc' visible='true' version='1' changeset='84993977' lat='24.1780994' lon='120.6565601' />
  <node id='7588151251' timestamp='2020-06-03T06:46:03Z' uid='10696964' user='Tzchung' visible='true' version='1' changeset='86115575' lat='24.1782658' lon='120.6476381'>
    <tag k='description' v='逢甲大學無人郵局與收發室原地址自2019年拆除，無人郵局之自動櫃台轉移至逢甲大學摩斯門(現為星巴克)的7-11旁，收發室則轉移至行政二館原國泰世華簡易分行的位置。' />
    <tag k='name' v='逢甲大學收發室' />
  </node>
  <node id='7588151252' timestamp='2020-06-03T06:46:03Z' uid='10696964' user='Tzchung' visible='true' version='1' changeset='86115575' lat='24.1782311' lon='120.64874'>
    <tag k='amenity' v='atm' />
    <tag k='operator' v='台新國際商業銀行ATM' />
  </node>
  <node id='7933601496' timestamp='2021-06-12T10:10:20Z' uid='1439333' user='Littlebtc' visible='true' version='3' changeset='106247344' lat='24.1813375' lon='120.6404405' />
  <node id='8174032245' timestamp='2020-11-28T16:39:00Z' uid='6421436' user='SXCKH' visible='true' version='1' changeset='94951974' lat='24.1835992' lon='120.6517042' />
  <node id='8174032246' timestamp='2020-11-28T16:39:00Z' uid='6421436' user='SXCKH' visible='true' version='1' changeset='94951974' lat='24.1835666' lon='120.6500578' />
  <node id='8174032247' timestamp='2020-11-28T16:39:00Z' uid='6421436' user='SXCKH' visible='true' version='1' changeset='94951974' lat='24.1820741' lon='120.6500809' />
  <node id='8174032248' timestamp='2020-11-28T16:39:00Z' uid='6421436' user='SXCKH' visible='true' version='1' changeset='94951974' lat='24.1820263' lon='120.6500362' />
  <node id='8174032249' timestamp='2020-11-28T16:39:00Z' uid='6421436' user='SXCKH' visible='true' version='1' changeset='94951974' lat='24.1819968' lon='120.6483062' />
  <node id='8174032250' timestamp='2020-11-28T16:39:00Z' uid='6421436' user='SXCKH' visible='true' version='1' changeset='94951974' lat='24.1820095' lon='120.6482815' />
  <node id='8174032251' timestamp='2020-11-28T16:39:00Z' uid='6421436' user='SXCKH' visible='true' version='1' changeset='94951974' lat='24.1835676' lon='120.6501124'>
    <tag k='highway' v='crossing' />
  </node>
  <node id='8174032253' timestamp='2020-11-28T16:39:00Z' uid='6421436' user='SXCKH' visible='true' version='1' changeset='94951974' lat='24.1820066' lon='120.6481614' />
  <node id='8174032254' timestamp='2020-11-28T16:39:00Z' uid='6421436' user='SXCKH' visible='true' version='1' changeset='94951974' lat='24.1820082' lon='120.6482267'>
    <tag k='crossing' v='marked' />
    <tag k='highway' v='crossing' />
  </node>
  <node id='8174032255' timestamp='2020-11-28T16:39:00Z' uid='6421436' user='SXCKH' visible='true' version='1' changeset='94951974' lat='24.1818928' lon='120.6481614' />
  <node id='8174032256' timestamp='2020-11-28T16:39:00Z' uid='6421436' user='SXCKH' visible='true' version='1' changeset='94951974' lat='24.1819507' lon='120.6481614'>
    <tag k='crossing' v='marked' />
    <tag k='highway' v='crossing' />
  </node>
  <node id='8174032257' timestamp='2025-01-07T17:23:07Z' uid='4292387' user='Jaller' visible='true' version='2' changeset='161104469' lat='24.1820806' lon='120.6502017' />
  <node id='8174032258' timestamp='2020-11-28T16:39:00Z' uid='6421436' user='SXCKH' visible='true' version='1' changeset='94951974' lat='24.1819263' lon='120.6500855' />
  <node id='8174032259' timestamp='2020-11-28T16:39:00Z' uid='6421436' user='SXCKH' visible='true' version='1' changeset='94951974' lat='24.1819476' lon='120.6502839' />
  <node id='8174032260' timestamp='2020-11-28T16:39:00Z' uid='6421436' user='SXCKH' visible='true' version='1' changeset='94951974' lat='24.1819476' lon='120.6516989' />
  <node id='8174032261' timestamp='2020-11-28T16:39:00Z' uid='6421436' user='SXCKH' visible='true' version='1' changeset='94951974' lat='24.181888' lon='120.6517713' />
  <node id='8174032262' timestamp='2020-11-28T16:39:00Z' uid='6421436' user='SXCKH' visible='true' version='1' changeset='94951974' lat='24.1782156' lon='120.6517573' />
  <node id='8174032263' timestamp='2026-07-08T16:17:26Z' uid='12620959' user='twF6wdEYwL' visible='true' version='2' changeset='185352361' lat='24.1781858' lon='120.651727'>
    <tag k='highway' v='crossing' />
  </node>
  <node id='8174032264' timestamp='2020-11-28T16:39:00Z' uid='6421436' user='SXCKH' visible='true' version='1' changeset='94951974' lat='24.1781645' lon='120.6504591' />
  <node id='8174032265' timestamp='2020-11-28T16:39:00Z' uid='6421436' user='SXCKH' visible='true' version='1' changeset='94951974' lat='24.1781943' lon='120.650403' />
  <node id='8174032266' timestamp='2020-11-28T16:39:00Z' uid='6421436' user='SXCKH' visible='true' version='1' changeset='94951974' lat='24.1784734' lon='120.6504054' />
  <node id='8174032267' timestamp='2020-11-28T16:39:00Z' uid='6421436' user='SXCKH' visible='true' version='1' changeset='94951974' lat='24.1818943' lon='120.6482455'>
    <tag k='highway' v='crossing' />
  </node>
  <node id='8174032268' timestamp='2020-11-28T16:39:00Z' uid='6421436' user='SXCKH' visible='true' version='1' changeset='94951974' lat='24.1780537' lon='120.6504614' />
  <node id='8174032269' timestamp='2020-11-28T16:39:00Z' uid='6421436' user='SXCKH' visible='true' version='1' changeset='94951974' lat='24.1781076' lon='120.6504603'>
    <tag k='crossing' v='marked' />
    <tag k='highway' v='crossing' />
  </node>
  <node id='8174032271' timestamp='2020-11-28T16:39:00Z' uid='6421436' user='SXCKH' visible='true' version='1' changeset='94951974' lat='24.1780599' lon='120.6502573'>
    <tag k='crossing' v='marked' />
    <tag k='highway' v='crossing' />
  </node>
  <node id='8174032278' timestamp='2020-11-28T16:39:00Z' uid='6421436' user='SXCKH' visible='true' version='1' changeset='94951974' lat='24.1780601' lon='120.6517316' />
  <node id='8174032279' timestamp='2020-11-28T16:39:00Z' uid='6421436' user='SXCKH' visible='true' version='1' changeset='94951974' lat='24.1781067' lon='120.6517299'>
    <tag k='crossing' v='marked' />
    <tag k='highway' v='crossing' />
  </node>
  <node id='8174032281' timestamp='2020-11-28T16:39:00Z' uid='6421436' user='SXCKH' visible='true' version='1' changeset='94951974' lat='24.1772613' lon='120.6518457'>
    <tag k='crossing' v='marked' />
    <tag k='highway' v='crossing' />
  </node>
  <node id='8174032282' timestamp='2020-11-28T16:39:00Z' uid='6421436' user='SXCKH' visible='true' version='1' changeset='94951974' lat='24.1772613' lon='120.6519491'>
    <tag k='crossing' v='marked' />
    <tag k='highway' v='crossing' />
  </node>
  <node id='8174032285' timestamp='2020-11-28T16:39:00Z' uid='6421436' user='SXCKH' visible='true' version='1' changeset='94951974' lat='24.1770334' lon='120.6502695'>
    <tag k='crossing' v='marked' />
    <tag k='highway' v='crossing' />
  </node>
  <node id='8174032288' timestamp='2020-11-28T16:39:00Z' uid='6421436' user='SXCKH' visible='true' version='1' changeset='94951974' lat='24.1772105' lon='120.6502652'>
    <tag k='crossing' v='marked' />
    <tag k='highway' v='crossing' />
  </node>
  <node id='8174032301' timestamp='2020-11-28T16:39:00Z' uid='6421436' user='SXCKH' visible='true' version='1' changeset='94951974' lat='24.1763412' lon='120.6518428'>
    <tag k='highway' v='traffic_signals' />
    <tag k='traffic_signals' v='signal' />
    <tag k='traffic_signals:direction' v='forward' />
  </node>
  <node id='8174032332' timestamp='2020-11-28T16:39:00Z' uid='6421436' user='SXCKH' visible='true' version='1' changeset='94951974' lat='24.1770431' lon='120.6518454'>
    <tag k='crossing' v='marked' />
    <tag k='highway' v='crossing' />
  </node>
  <node id='8174032333' timestamp='2020-11-28T16:39:00Z' uid='6421436' user='SXCKH' visible='true' version='1' changeset='94951974' lat='24.1770432' lon='120.6519478'>
    <tag k='crossing' v='marked' />
    <tag k='highway' v='crossing' />
  </node>
  <node id='8174032356' timestamp='2020-11-28T16:39:00Z' uid='6421436' user='SXCKH' visible='true' version='1' changeset='94951974' lat='24.1781022' lon='120.6545201' />
  <node id='8174032367' timestamp='2020-11-28T16:39:00Z' uid='6421436' user='SXCKH' visible='true' version='1' changeset='94951974' lat='24.1780389' lon='120.6520158' />
  <node id='8174032389' timestamp='2020-11-28T16:39:00Z' uid='6421436' user='SXCKH' visible='true' version='1' changeset='94951974' lat='24.1781183' lon='120.655189'>
    <tag k='crossing' v='marked' />
    <tag k='highway' v='crossing' />
  </node>
  <node id='8174032390' timestamp='2025-01-08T21:00:43Z' uid='4292387' user='Jaller' visible='true' version='2' changeset='161148231' lat='24.1781168' lon='120.655126'>
    <tag k='highway' v='traffic_signals' />
    <tag k='traffic_signals' v='signal' />
    <tag k='traffic_signals:direction' v='forward' />
  </node>
  <node id='8174032753' timestamp='2020-11-28T16:39:00Z' uid='6421436' user='SXCKH' visible='true' version='1' changeset='94951974' lat='24.1781216' lon='120.655325' />
  <node id='8174172650' timestamp='2020-11-28T17:49:48Z' uid='6421436' user='SXCKH' visible='true' version='1' changeset='94954186' lat='24.1781256' lon='120.6554931'>
    <tag k='crossing' v='marked' />
    <tag k='highway' v='crossing' />
  </node>
  <node id='8174172679' timestamp='2020-11-28T17:49:48Z' uid='6421436' user='SXCKH' visible='true' version='1' changeset='94954186' lat='24.1782168' lon='120.6520022' />
  <node id='8174172680' timestamp='2020-11-28T17:49:48Z' uid='6421436' user='SXCKH' visible='true' version='1' changeset='94954186' lat='24.178216' lon='120.6518437'>
    <tag k='crossing' v='marked' />
    <tag k='highway' v='crossing' />
  </node>
  <node id='8174172681' timestamp='2020-11-28T17:49:48Z' uid='6421436' user='SXCKH' visible='true' version='1' changeset='94954186' lat='24.1782165' lon='120.6519544'>
    <tag k='crossing' v='marked' />
    <tag k='highway' v='crossing' />
  </node>
  <node id='8174172682' timestamp='2020-11-28T17:49:48Z' uid='6421436' user='SXCKH' visible='true' version='1' changeset='94954186' lat='24.1780175' lon='120.6518437'>
    <tag k='crossing' v='marked' />
    <tag k='highway' v='crossing' />
  </node>
  <node id='8174172683' timestamp='2020-11-28T17:49:48Z' uid='6421436' user='SXCKH' visible='true' version='1' changeset='94954186' lat='24.1780117' lon='120.6519533'>
    <tag k='crossing' v='marked' />
    <tag k='highway' v='crossing' />
  </node>
  <node id='8174172684' timestamp='2020-11-28T17:49:48Z' uid='6421436' user='SXCKH' visible='true' version='1' changeset='94954186' lat='24.178176' lon='120.6520124' />
  <node id='8174172685' timestamp='2020-11-28T17:49:48Z' uid='6421436' user='SXCKH' visible='true' version='1' changeset='94954186' lat='24.1781073' lon='120.6520141'>
    <tag k='crossing' v='marked' />
    <tag k='highway' v='crossing' />
  </node>
  <node id='8174172686' timestamp='2020-11-28T17:49:48Z' uid='6421436' user='SXCKH' visible='true' version='1' changeset='94954186' lat='24.1781741' lon='120.6537399' />
  <node id='8174172687' timestamp='2025-06-02T06:27:44Z' uid='1439333' user='Littlebtc' visible='true' version='2' changeset='167076607' lat='24.1781974' lon='120.6537847' />
  <node id='8174172688' timestamp='2020-11-28T17:49:48Z' uid='6421436' user='SXCKH' visible='true' version='1' changeset='94954186' lat='24.1789956' lon='120.6537907' />
  <node id='8174172689' timestamp='2020-11-28T17:49:48Z' uid='6421436' user='SXCKH' visible='true' version='1' changeset='94954186' lat='24.179016' lon='120.6537562' />
  <node id='8174172690' timestamp='2020-11-28T17:49:48Z' uid='6421436' user='SXCKH' visible='true' version='1' changeset='94954186' lat='24.179003' lon='120.6520182' />
  <node id='8174172691' timestamp='2020-11-28T17:49:48Z' uid='6421436' user='SXCKH' visible='true' version='1' changeset='94954186' lat='24.1789826' lon='120.6519917' />
  <node id='8174172692' timestamp='2020-11-28T17:49:48Z' uid='6421436' user='SXCKH' visible='true' version='1' changeset='94954186' lat='24.1791625' lon='120.6517609' />
  <node id='8174172693' timestamp='2020-11-28T17:49:48Z' uid='6421436' user='SXCKH' visible='true' version='1' changeset='94954186' lat='24.1791588' lon='120.6519999' />
  <node id='8174172694' timestamp='2020-11-28T17:49:48Z' uid='6421436' user='SXCKH' visible='true' version='1' changeset='94954186' lat='24.1791612' lon='120.6518454'>
    <tag k='crossing' v='marked' />
    <tag k='highway' v='crossing' />
  </node>
  <node id='8174172695' timestamp='2020-11-28T17:49:48Z' uid='6421436' user='SXCKH' visible='true' version='1' changeset='94954186' lat='24.1791594' lon='120.6519596'>
    <tag k='crossing' v='marked' />
    <tag k='highway' v='crossing' />
  </node>
  <node id='8174172696' timestamp='2020-11-28T17:49:48Z' uid='6421436' user='SXCKH' visible='true' version='1' changeset='94954186' lat='24.1789733' lon='120.6517602' />
  <node id='8174172697' timestamp='2020-11-28T17:49:48Z' uid='6421436' user='SXCKH' visible='true' version='1' changeset='94954186' lat='24.1789697' lon='120.6519919' />
  <node id='8174172698' timestamp='2020-11-28T17:49:48Z' uid='6421436' user='SXCKH' visible='true' version='1' changeset='94954186' lat='24.178972' lon='120.6518451'>
    <tag k='crossing' v='marked' />
    <tag k='highway' v='crossing' />
  </node>
  <node id='8174172699' timestamp='2020-11-28T17:49:48Z' uid='6421436' user='SXCKH' visible='true' version='1' changeset='94954186' lat='24.1789702' lon='120.6519587'>
    <tag k='crossing' v='marked' />
    <tag k='highway' v='crossing' />
  </node>
  <node id='8174172700' timestamp='2020-11-28T17:49:48Z' uid='6421436' user='SXCKH' visible='true' version='1' changeset='94954186' lat='24.1791217' lon='120.6520222' />
  <node id='8174172701' timestamp='2020-11-28T17:49:48Z' uid='6421436' user='SXCKH' visible='true' version='1' changeset='94954186' lat='24.1790494' lon='120.6520182'>
    <tag k='crossing' v='marked' />
    <tag k='highway' v='crossing' />
  </node>
  <node id='8174172702' timestamp='2020-11-28T17:49:48Z' uid='6421436' user='SXCKH' visible='true' version='1' changeset='94954186' lat='24.1791143' lon='120.6537582' />
  <node id='8174172703' timestamp='2020-11-28T17:49:48Z' uid='6421436' user='SXCKH' visible='true' version='1' changeset='94954186' lat='24.1791439' lon='120.6537866' />
  <node id='8174172704' timestamp='2020-11-28T17:49:48Z' uid='6421436' user='SXCKH' visible='true' version='1' changeset='94954186' lat='24.1798412' lon='120.6537765' />
  <node id='8174172705' timestamp='2025-06-02T06:27:44Z' uid='1439333' user='Littlebtc' visible='true' version='2' changeset='167076607' lat='24.1798617' lon='120.6537549' />
  <node id='8174172706' timestamp='2020-11-28T17:49:48Z' uid='6421436' user='SXCKH' visible='true' version='1' changeset='94954186' lat='24.1798486' lon='120.6520913' />
  <node id='8174172707' timestamp='2020-11-28T17:49:48Z' uid='6421436' user='SXCKH' visible='true' version='1' changeset='94954186' lat='24.1798282' lon='120.6520263' />
  <node id='8174172708' timestamp='2020-11-28T17:49:48Z' uid='6421436' user='SXCKH' visible='true' version='1' changeset='94954186' lat='24.1797948' lon='120.6519999' />
  <node id='8174172709' timestamp='2020-11-28T17:49:48Z' uid='6421436' user='SXCKH' visible='true' version='1' changeset='94954186' lat='24.179793' lon='120.6517633' />
  <node id='8174172710' timestamp='2020-11-28T17:49:48Z' uid='6421436' user='SXCKH' visible='true' version='1' changeset='94954186' lat='24.1797936' lon='120.6518465'>
    <tag k='crossing' v='marked' />
    <tag k='highway' v='crossing' />
  </node>
  <node id='8174172711' timestamp='2020-11-28T17:49:48Z' uid='6421436' user='SXCKH' visible='true' version='1' changeset='94954186' lat='24.1797945' lon='120.6519624'>
    <tag k='crossing' v='marked' />
    <tag k='highway' v='crossing' />
  </node>
  <node id='8174172712' timestamp='2020-11-28T17:49:48Z' uid='6421436' user='SXCKH' visible='true' version='1' changeset='94954186' lat='24.179958' lon='120.6517639' />
  <node id='8174172713' timestamp='2020-11-28T17:49:48Z' uid='6421436' user='SXCKH' visible='true' version='1' changeset='94954186' lat='24.1799543' lon='120.6520222' />
  <node id='8174172714' timestamp='2020-11-28T17:49:48Z' uid='6421436' user='SXCKH' visible='true' version='1' changeset='94954186' lat='24.1799568' lon='120.651845'>
    <tag k='crossing' v='marked' />
    <tag k='highway' v='crossing' />
  </node>
  <node id='8174172715' timestamp='2020-11-28T17:49:48Z' uid='6421436' user='SXCKH' visible='true' version='1' changeset='94954186' lat='24.1799552' lon='120.6519631'>
    <tag k='crossing' v='marked' />
    <tag k='highway' v='crossing' />
  </node>
  <node id='8174172716' timestamp='2025-06-02T06:27:44Z' uid='1439333' user='Littlebtc' visible='true' version='2' changeset='167076607' lat='24.1798953' lon='120.6520243'>
    <tag k='crossing' v='marked' />
    <tag k='highway' v='crossing' />
  </node>
  <node id='8174172717' timestamp='2020-11-28T17:49:48Z' uid='6421436' user='SXCKH' visible='true' version='1' changeset='94954186' lat='24.1802714' lon='120.6520243' />
  <node id='8174172718' timestamp='2020-11-28T17:49:48Z' uid='6421436' user='SXCKH' visible='true' version='1' changeset='94954186' lat='24.180277' lon='120.6537379' />
  <node id='8174172719' timestamp='2020-11-28T17:49:48Z' uid='6421436' user='SXCKH' visible='true' version='1' changeset='94954186' lat='24.1802343' lon='120.6537582' />
  <node id='8174172720' timestamp='2025-06-02T06:27:44Z' uid='1439333' user='Littlebtc' visible='true' version='2' changeset='167076607' lat='24.1799487' lon='120.6537532' />
  <node id='8174172721' timestamp='2020-11-28T17:49:48Z' uid='6421436' user='SXCKH' visible='true' version='1' changeset='94954186' lat='24.1803957' lon='120.6520304' />
  <node id='8174172722' timestamp='2020-11-28T17:49:48Z' uid='6421436' user='SXCKH' visible='true' version='1' changeset='94954186' lat='24.1803314' lon='120.6520284'>
    <tag k='crossing' v='marked' />
    <tag k='highway' v='crossing' />
  </node>
  <node id='8174172723' timestamp='2020-11-28T17:49:48Z' uid='6421436' user='SXCKH' visible='true' version='1' changeset='94954186' lat='24.1804364' lon='120.652008' />
  <node id='8174172724' timestamp='2020-11-28T17:49:48Z' uid='6421436' user='SXCKH' visible='true' version='1' changeset='94954186' lat='24.1810688' lon='120.6520121' />
  <node id='8174172725' timestamp='2025-06-02T06:27:44Z' uid='1439333' user='Littlebtc' visible='true' version='2' changeset='167076607' lat='24.1811095' lon='120.6520413' />
  <node id='8174172726' timestamp='2020-11-28T17:49:48Z' uid='6421436' user='SXCKH' visible='true' version='1' changeset='94954186' lat='24.1811077' lon='120.653748' />
  <node id='8174172727' timestamp='2020-11-28T17:49:48Z' uid='6421436' user='SXCKH' visible='true' version='1' changeset='94954186' lat='24.1810948' lon='120.6537744' />
  <node id='8174172728' timestamp='2025-06-02T06:27:44Z' uid='1439333' user='Littlebtc' visible='true' version='2' changeset='167076607' lat='24.1803679' lon='120.6537792' />
  <node id='8174172729' timestamp='2020-11-28T17:49:48Z' uid='6421436' user='SXCKH' visible='true' version='1' changeset='94954186' lat='24.1803586' lon='120.653744' />
  <node id='8174172730' timestamp='2020-11-28T17:49:48Z' uid='6421436' user='SXCKH' visible='true' version='1' changeset='94954186' lat='24.1803641' lon='120.6520791' />
  <node id='8174172731' timestamp='2025-06-02T06:27:44Z' uid='1439333' user='Littlebtc' visible='true' version='2' changeset='167076607' lat='24.1811979' lon='120.6520432' />
  <node id='8174172732' timestamp='2025-06-02T06:27:44Z' uid='1439333' user='Littlebtc' visible='true' version='2' changeset='167076607' lat='24.1811518' lon='120.6520412'>
    <tag k='crossing' v='marked' />
    <tag k='highway' v='crossing' />
  </node>
  <node id='8174172733' timestamp='2020-11-28T17:49:48Z' uid='6421436' user='SXCKH' visible='true' version='1' changeset='94954186' lat='24.1812524' lon='120.6517689' />
  <node id='8174172734' timestamp='2020-11-28T17:49:48Z' uid='6421436' user='SXCKH' visible='true' version='1' changeset='94954186' lat='24.1812518' lon='120.6518492'>
    <tag k='crossing' v='marked' />
    <tag k='highway' v='crossing' />
  </node>
  <node id='8174172735' timestamp='2020-11-28T17:49:48Z' uid='6421436' user='SXCKH' visible='true' version='1' changeset='94954186' lat='24.181251' lon='120.6519689'>
    <tag k='crossing' v='marked' />
    <tag k='highway' v='crossing' />
  </node>
  <node id='8174172736' timestamp='2020-11-28T17:49:48Z' uid='6421436' user='SXCKH' visible='true' version='1' changeset='94954186' lat='24.1810651' lon='120.6517682' />
  <node id='8174172737' timestamp='2020-11-28T17:49:48Z' uid='6421436' user='SXCKH' visible='true' version='1' changeset='94954186' lat='24.1810663' lon='120.6518489'>
    <tag k='crossing' v='marked' />
    <tag k='highway' v='crossing' />
  </node>
  <node id='8174172738' timestamp='2020-11-28T17:49:48Z' uid='6421436' user='SXCKH' visible='true' version='1' changeset='94954186' lat='24.1810681' lon='120.651968'>
    <tag k='crossing' v='marked' />
    <tag k='highway' v='crossing' />
  </node>
  <node id='8174172740' timestamp='2025-06-02T06:27:44Z' uid='1439333' user='Littlebtc' visible='true' version='2' changeset='167076607' lat='24.1812076' lon='120.6537695' />
  <node id='8174172742' timestamp='2025-06-02T06:27:44Z' uid='1439333' user='Littlebtc' visible='true' version='2' changeset='167076607' lat='24.1811459' lon='120.6537467'>
    <tag k='crossing' v='marked' />
    <tag k='highway' v='crossing' />
  </node>
  <node id='8174172747' timestamp='2020-11-28T17:49:48Z' uid='6421436' user='SXCKH' visible='true' version='1' changeset='94954186' lat='24.1803216' lon='120.6537399'>
    <tag k='crossing' v='marked' />
    <tag k='highway' v='crossing' />
  </node>
  <node id='8174172750' timestamp='2025-06-02T06:27:44Z' uid='1439333' user='Littlebtc' visible='true' version='2' changeset='167076607' lat='24.1798958' lon='120.6537542'>
    <tag k='crossing' v='marked' />
    <tag k='highway' v='crossing' />
  </node>
  <node id='8174172757' timestamp='2020-11-28T17:49:48Z' uid='6421436' user='SXCKH' visible='true' version='1' changeset='94954186' lat='24.1790537' lon='120.6537583'>
    <tag k='crossing' v='marked' />
    <tag k='highway' v='crossing' />
  </node>
  <node id='8174172759' timestamp='2025-06-02T06:27:44Z' uid='1439333' user='Littlebtc' visible='true' version='2' changeset='167076607' lat='24.1781047' lon='120.6539308'>
    <tag k='crossing' v='marked' />
    <tag k='highway' v='crossing' />
  </node>
  <node id='8174172762' timestamp='2020-11-28T17:49:48Z' uid='6421436' user='SXCKH' visible='true' version='1' changeset='94954186' lat='24.1781052' lon='120.6537389'>
    <tag k='crossing' v='marked' />
    <tag k='highway' v='crossing' />
  </node>
  <node id='8174172763' timestamp='2025-06-02T06:27:44Z' uid='1439333' user='Littlebtc' visible='true' version='2' changeset='167076607' lat='24.1819485' lon='120.6537276' />
  <node id='8174172764' timestamp='2025-06-02T06:27:44Z' uid='1439333' user='Littlebtc' visible='true' version='2' changeset='167076607' lat='24.1819428' lon='120.6537835' />
  <node id='8174172765' timestamp='2020-11-28T17:49:48Z' uid='6421436' user='SXCKH' visible='true' version='1' changeset='94954186' lat='24.1818979' lon='120.6520448' />
  <node id='8174172766' timestamp='2020-11-28T17:49:48Z' uid='6421436' user='SXCKH' visible='true' version='1' changeset='94954186' lat='24.1819424' lon='120.6520854' />
  <node id='8174172767' timestamp='2020-11-28T17:49:48Z' uid='6421436' user='SXCKH' visible='true' version='1' changeset='94954186' lat='24.1820914' lon='120.6520875' />
  <node id='8174172768' timestamp='2025-06-02T06:27:44Z' uid='1439333' user='Littlebtc' visible='true' version='2' changeset='167076607' lat='24.1820173' lon='120.6520888'>
    <tag k='crossing' v='marked' />
    <tag k='highway' v='crossing' />
  </node>
  <node id='8174172770' timestamp='2020-11-28T17:49:48Z' uid='6421436' user='SXCKH' visible='true' version='1' changeset='94954186' lat='24.1821247' lon='120.6518507'>
    <tag k='crossing' v='marked' />
    <tag k='highway' v='crossing' />
  </node>
  <node id='8174172771' timestamp='2020-11-28T17:49:48Z' uid='6421436' user='SXCKH' visible='true' version='1' changeset='94954186' lat='24.182126' lon='120.6519728'>
    <tag k='crossing' v='marked' />
    <tag k='highway' v='crossing' />
  </node>
  <node id='8174172772' timestamp='2025-06-02T06:27:44Z' uid='1439333' user='Littlebtc' visible='true' version='2' changeset='167076607' lat='24.1820871' lon='120.6517254' />
  <node id='8174172773' timestamp='2025-06-02T06:27:44Z' uid='1439333' user='Littlebtc' visible='true' version='2' changeset='167076607' lat='24.1819288' lon='120.6517215' />
  <node id='8174172774' timestamp='2025-06-02T06:27:44Z' uid='1439333' user='Littlebtc' visible='true' version='2' changeset='167076607' lat='24.1820131' lon='120.6517236'>
    <tag k='crossing' v='marked' />
    <tag k='highway' v='crossing' />
  </node>
  <node id='8174172775' timestamp='2020-11-28T17:49:48Z' uid='6421436' user='SXCKH' visible='true' version='1' changeset='94954186' lat='24.1819275' lon='120.6520717' />
  <node id='8174172776' timestamp='2020-11-28T17:49:48Z' uid='6421436' user='SXCKH' visible='true' version='1' changeset='94954186' lat='24.1819283' lon='120.6518504'>
    <tag k='crossing' v='marked' />
    <tag k='highway' v='crossing' />
  </node>
  <node id='8174172777' timestamp='2020-11-28T17:49:48Z' uid='6421436' user='SXCKH' visible='true' version='1' changeset='94954186' lat='24.1819279' lon='120.6519719'>
    <tag k='crossing' v='marked' />
    <tag k='highway' v='crossing' />
  </node>
  <node id='8174172784' timestamp='2020-11-28T17:49:48Z' uid='6421436' user='SXCKH' visible='true' version='1' changeset='94954186' lat='24.1836326' lon='120.6517373' />
  <node id='8174172786' timestamp='2020-11-28T17:49:48Z' uid='6421436' user='SXCKH' visible='true' version='1' changeset='94954186' lat='24.1829325' lon='120.6500676'>
    <tag k='crossing' v='marked' />
    <tag k='highway' v='crossing' />
  </node>
  <node id='8175710282' timestamp='2020-11-29T05:28:10Z' uid='6421436' user='SXCKH' visible='true' version='1' changeset='94969743' lat='24.1781001' lon='120.6585246'>
    <tag k='crossing' v='marked' />
    <tag k='highway' v='crossing' />
  </node>
  <node id='8175750719' timestamp='2020-11-29T06:01:46Z' uid='6421436' user='SXCKH' visible='true' version='1' changeset='94970712' lat='24.1787956' lon='120.6517595' />
  <node id='8175750767' timestamp='2020-11-29T06:01:46Z' uid='6421436' user='SXCKH' visible='true' version='1' changeset='94970712' lat='24.1782509' lon='120.6519027' />
  <node id='8175750768' timestamp='2020-11-29T06:01:46Z' uid='6421436' user='SXCKH' visible='true' version='1' changeset='94970712' lat='24.1789229' lon='120.6519003' />
  <node id='8175750769' timestamp='2020-11-29T06:01:46Z' uid='6421436' user='SXCKH' visible='true' version='1' changeset='94970712' lat='24.1792027' lon='120.6519124' />
  <node id='8175750770' timestamp='2020-11-29T06:01:46Z' uid='6421436' user='SXCKH' visible='true' version='1' changeset='94970712' lat='24.1797226' lon='120.6519124' />
  <node id='8175750771' timestamp='2020-11-29T06:01:46Z' uid='6421436' user='SXCKH' visible='true' version='1' changeset='94970712' lat='24.1800002' lon='120.6518979' />
  <node id='8175750772' timestamp='2020-11-29T06:01:46Z' uid='6421436' user='SXCKH' visible='true' version='1' changeset='94970712' lat='24.1802447' lon='120.6519027' />
  <node id='8175750773' timestamp='2020-11-29T06:01:46Z' uid='6421436' user='SXCKH' visible='true' version='1' changeset='94970712' lat='24.180436' lon='120.6517658' />
  <node id='8175750774' timestamp='2020-11-29T06:01:46Z' uid='6421436' user='SXCKH' visible='true' version='1' changeset='94970712' lat='24.1804362' lon='120.6518477'>
    <tag k='crossing' v='marked' />
    <tag k='highway' v='crossing' />
  </node>
  <node id='8175750775' timestamp='2020-11-29T06:01:46Z' uid='6421436' user='SXCKH' visible='true' version='1' changeset='94970712' lat='24.1804363' lon='120.6519652'>
    <tag k='crossing' v='marked' />
    <tag k='highway' v='crossing' />
  </node>
  <node id='8175750776' timestamp='2020-11-29T06:01:46Z' uid='6421436' user='SXCKH' visible='true' version='1' changeset='94970712' lat='24.1802703' lon='120.6517651' />
  <node id='8175750777' timestamp='2020-11-29T06:01:46Z' uid='6421436' user='SXCKH' visible='true' version='1' changeset='94970712' lat='24.1802707' lon='120.6518471'>
    <tag k='crossing' v='marked' />
    <tag k='highway' v='crossing' />
  </node>
  <node id='8175750778' timestamp='2020-11-29T06:01:46Z' uid='6421436' user='SXCKH' visible='true' version='1' changeset='94970712' lat='24.1802712' lon='120.6519645'>
    <tag k='crossing' v='marked' />
    <tag k='highway' v='crossing' />
  </node>
  <node id='8175750779' timestamp='2020-11-29T06:01:46Z' uid='6421436' user='SXCKH' visible='true' version='1' changeset='94970712' lat='24.1804737' lon='120.6519083' />
  <node id='8175750780' timestamp='2020-11-29T06:01:46Z' uid='6421436' user='SXCKH' visible='true' version='1' changeset='94970712' lat='24.181005' lon='120.6519062' />
  <node id='8175750781' timestamp='2020-11-29T06:01:46Z' uid='6421436' user='SXCKH' visible='true' version='1' changeset='94970712' lat='24.1812907' lon='120.6519167' />
  <node id='8175750782' timestamp='2020-11-29T06:01:46Z' uid='6421436' user='SXCKH' visible='true' version='1' changeset='94970712' lat='24.1818603' lon='120.6519167' />
  <node id='8175809026' timestamp='2020-11-29T07:06:04Z' uid='6421436' user='SXCKH' visible='true' version='1' changeset='94972539' lat='24.1821534' lon='120.6518508'>
    <tag k='highway' v='traffic_signals' />
    <tag k='traffic_signals' v='signal' />
    <tag k='traffic_signals:direction' v='forward' />
  </node>
  <node id='8175809028' timestamp='2025-06-02T06:27:44Z' uid='1439333' user='Littlebtc' visible='true' version='3' changeset='167076607' lat='24.1820173' lon='120.6521248'>
    <tag k='highway' v='traffic_signals' />
    <tag k='traffic_signals' v='signal' />
    <tag k='traffic_signals:direction' v='backward' />
  </node>
  <node id='8175809029' timestamp='2020-11-29T07:06:04Z' uid='6421436' user='SXCKH' visible='true' version='1' changeset='94972539' lat='24.1818906' lon='120.6519717'>
    <tag k='highway' v='traffic_signals' />
    <tag k='traffic_signals' v='signal' />
    <tag k='traffic_signals:direction' v='forward' />
  </node>
  <node id='8175809031' timestamp='2025-06-02T06:27:44Z' uid='1439333' user='Littlebtc' visible='true' version='3' changeset='167076607' lat='24.1811517' lon='120.6520787'>
    <tag k='highway' v='traffic_signals' />
    <tag k='traffic_signals' v='signal' />
    <tag k='traffic_signals:direction' v='backward' />
  </node>
  <node id='8175809033' timestamp='2020-11-29T07:06:04Z' uid='6421436' user='SXCKH' visible='true' version='1' changeset='94972539' lat='24.1812788' lon='120.6518492'>
    <tag k='highway' v='traffic_signals' />
    <tag k='traffic_signals' v='signal' />
    <tag k='traffic_signals:direction' v='forward' />
  </node>
  <node id='8175809034' timestamp='2020-11-29T07:06:04Z' uid='6421436' user='SXCKH' visible='true' version='1' changeset='94972539' lat='24.1810391' lon='120.6519679'>
    <tag k='highway' v='traffic_signals' />
    <tag k='traffic_signals' v='signal' />
    <tag k='traffic_signals:direction' v='forward' />
  </node>
  <node id='8175809037' timestamp='2020-11-29T07:06:04Z' uid='6421436' user='SXCKH' visible='true' version='1' changeset='94972539' lat='24.1804733' lon='120.6518478'>
    <tag k='highway' v='traffic_signals' />
    <tag k='traffic_signals' v='signal' />
    <tag k='traffic_signals:direction' v='forward' />
  </node>
  <node id='8175809038' timestamp='2020-11-29T07:06:04Z' uid='6421436' user='SXCKH' visible='true' version='1' changeset='94972539' lat='24.1803311' lon='120.6520845'>
    <tag k='highway' v='traffic_signals' />
    <tag k='traffic_signals' v='signal' />
    <tag k='traffic_signals:direction' v='forward' />
  </node>
  <node id='8175809040' timestamp='2020-11-29T07:06:04Z' uid='6421436' user='SXCKH' visible='true' version='1' changeset='94972539' lat='24.1802432' lon='120.6519644'>
    <tag k='highway' v='traffic_signals' />
    <tag k='traffic_signals' v='signal' />
    <tag k='traffic_signals:direction' v='forward' />
  </node>
  <node id='8175809041' timestamp='2020-11-29T07:06:04Z' uid='6421436' user='SXCKH' visible='true' version='1' changeset='94972539' lat='24.1799919' lon='120.6518452'>
    <tag k='highway' v='traffic_signals' />
    <tag k='traffic_signals' v='signal' />
    <tag k='traffic_signals:direction' v='forward' />
  </node>
  <node id='8175809043' timestamp='2025-06-02T06:27:44Z' uid='1439333' user='Littlebtc' visible='true' version='2' changeset='167076607' lat='24.1798953' lon='120.6520656'>
    <tag k='highway' v='traffic_signals' />
    <tag k='traffic_signals' v='signal' />
    <tag k='traffic_signals:direction' v='forward' />
  </node>
  <node id='8175809044' timestamp='2020-11-29T07:06:04Z' uid='6421436' user='SXCKH' visible='true' version='1' changeset='94972539' lat='24.179756' lon='120.6519622'>
    <tag k='highway' v='traffic_signals' />
    <tag k='traffic_signals' v='signal' />
    <tag k='traffic_signals:direction' v='forward' />
  </node>
  <node id='8175809046' timestamp='2020-11-29T07:06:04Z' uid='6421436' user='SXCKH' visible='true' version='1' changeset='94972539' lat='24.1791902' lon='120.6518455'>
    <tag k='highway' v='traffic_signals' />
    <tag k='traffic_signals' v='signal' />
    <tag k='traffic_signals:direction' v='forward' />
  </node>
  <node id='8175809048' timestamp='2025-01-07T17:23:07Z' uid='4292387' user='Jaller' visible='true' version='2' changeset='161104469' lat='24.1790495' lon='120.6520761'>
    <tag k='highway' v='traffic_signals' />
    <tag k='traffic_signals' v='signal' />
    <tag k='traffic_signals:direction' v='backward' />
  </node>
  <node id='8175809049' timestamp='2020-11-29T07:06:04Z' uid='6421436' user='SXCKH' visible='true' version='1' changeset='94972539' lat='24.178939' lon='120.6519585'>
    <tag k='highway' v='traffic_signals' />
    <tag k='traffic_signals' v='signal' />
    <tag k='traffic_signals:direction' v='forward' />
  </node>
  <node id='8175809051' timestamp='2025-01-07T17:23:07Z' uid='4292387' user='Jaller' visible='true' version='2' changeset='161104469' lat='24.1781072' lon='120.6520694'>
    <tag k='highway' v='traffic_signals' />
    <tag k='traffic_signals' v='signal' />
    <tag k='traffic_signals:direction' v='backward' />
  </node>
  <node id='8175809053' timestamp='2025-01-07T17:23:07Z' uid='4292387' user='Jaller' visible='true' version='2' changeset='161104469' lat='24.1781067' lon='120.651696'>
    <tag k='highway' v='traffic_signals' />
    <tag k='traffic_signals' v='signal' />
    <tag k='traffic_signals:direction' v='forward' />
  </node>
  <node id='8175809054' timestamp='2020-11-29T07:06:04Z' uid='6421436' user='SXCKH' visible='true' version='1' changeset='94972539' lat='24.1782495' lon='120.6518438'>
    <tag k='highway' v='traffic_signals' />
    <tag k='traffic_signals' v='signal' />
    <tag k='traffic_signals:direction' v='forward' />
  </node>
  <node id='8175809055' timestamp='2020-11-29T07:06:04Z' uid='6421436' user='SXCKH' visible='true' version='1' changeset='94972539' lat='24.1779774' lon='120.6519531'>
    <tag k='highway' v='traffic_signals' />
    <tag k='traffic_signals' v='signal' />
    <tag k='traffic_signals:direction' v='forward' />
  </node>
  <node id='8175809057' timestamp='2020-11-29T07:06:04Z' uid='6421436' user='SXCKH' visible='true' version='1' changeset='94972539' lat='24.1782963' lon='120.6504039' />
  <node id='8175809058' timestamp='2020-11-29T07:06:04Z' uid='6421436' user='SXCKH' visible='true' version='1' changeset='94972539' lat='24.1783113' lon='120.650404' />
  <node id='8175809059' timestamp='2020-11-29T07:06:04Z' uid='6421436' user='SXCKH' visible='true' version='1' changeset='94972539' lat='24.1783113' lon='120.6501678' />
  <node id='8175809060' timestamp='2020-11-29T07:06:04Z' uid='6421436' user='SXCKH' visible='true' version='1' changeset='94972539' lat='24.1783113' lon='120.6502527'>
    <tag k='crossing' v='marked' />
    <tag k='highway' v='crossing' />
  </node>
  <node id='8175809061' timestamp='2025-01-07T17:23:07Z' uid='4292387' user='Jaller' visible='true' version='2' changeset='161104469' lat='24.1781076' lon='120.6504935'>
    <tag k='highway' v='traffic_signals' />
    <tag k='traffic_signals' v='signal' />
    <tag k='traffic_signals:direction' v='backward' />
  </node>
  <node id='8175809062' timestamp='2025-01-07T17:23:07Z' uid='4292387' user='Jaller' visible='true' version='2' changeset='161104469' lat='24.1783413' lon='120.6502521'>
    <tag k='highway' v='traffic_signals' />
    <tag k='traffic_signals' v='signal' />
    <tag k='traffic_signals:direction' v='forward' />
  </node>
  <node id='8175809063' timestamp='2025-01-07T17:23:07Z' uid='4292387' user='Jaller' visible='true' version='2' changeset='161104469' lat='24.1780291' lon='120.6502574'>
    <tag k='highway' v='traffic_signals' />
    <tag k='traffic_signals' v='signal' />
    <tag k='traffic_signals:direction' v='backward' />
  </node>
  <node id='8175809065' timestamp='2025-01-07T17:23:07Z' uid='4292387' user='Jaller' visible='true' version='2' changeset='161104469' lat='24.1772395' lon='120.6502646'>
    <tag k='highway' v='traffic_signals' />
    <tag k='traffic_signals' v='signal' />
    <tag k='traffic_signals:direction' v='forward' />
  </node>
  <node id='8175809066' timestamp='2025-01-07T17:23:07Z' uid='4292387' user='Jaller' visible='true' version='2' changeset='161104469' lat='24.1770023' lon='120.6502704'>
    <tag k='highway' v='traffic_signals' />
    <tag k='traffic_signals' v='signal' />
    <tag k='traffic_signals:direction' v='backward' />
  </node>
  <node id='8175809074' timestamp='2020-11-29T07:06:04Z' uid='6421436' user='SXCKH' visible='true' version='1' changeset='94972539' lat='24.1770135' lon='120.6519476'>
    <tag k='highway' v='traffic_signals' />
    <tag k='traffic_signals' v='signal' />
    <tag k='traffic_signals:direction' v='forward' />
  </node>
  <node id='8175809075' timestamp='2020-11-29T07:06:04Z' uid='6421436' user='SXCKH' visible='true' version='1' changeset='94972539' lat='24.1773065' lon='120.6518456'>
    <tag k='highway' v='traffic_signals' />
    <tag k='traffic_signals' v='signal' />
    <tag k='traffic_signals:direction' v='forward' />
  </node>
  <node id='8175809207' timestamp='2025-01-08T11:01:41Z' uid='4292387' user='Jaller' visible='true' version='2' changeset='161128835' lat='24.1781001' lon='120.6584837'>
    <tag k='highway' v='traffic_signals' />
    <tag k='traffic_signals' v='signal' />
    <tag k='traffic_signals:direction' v='forward' />
  </node>
  <node id='8175901837' timestamp='2025-01-07T17:23:07Z' uid='4292387' user='Jaller' visible='true' version='2' changeset='161104469' lat='24.1820006' lon='120.6502724'>
    <tag k='highway' v='traffic_signals' />
    <tag k='traffic_signals' v='signal' />
    <tag k='traffic_signals:direction' v='backward' />
  </node>
  <node id='8175901838' timestamp='2025-01-07T17:23:07Z' uid='4292387' user='Jaller' visible='true' version='2' changeset='161104469' lat='24.1819832' lon='120.6500594'>
    <tag k='highway' v='traffic_signals' />
    <tag k='traffic_signals' v='signal' />
    <tag k='traffic_signals:direction' v='forward' />
  </node>
  <node id='8175901839' timestamp='2025-01-07T17:23:07Z' uid='4292387' user='Jaller' visible='true' version='2' changeset='161104469' lat='24.1819448' lon='120.6502015' />
  <node id='8175901840' timestamp='2025-01-07T17:23:07Z' uid='4292387' user='Jaller' visible='true' version='2' changeset='161104469' lat='24.1820005' lon='120.6502004'>
    <tag k='crossing' v='marked' />
    <tag k='highway' v='crossing' />
  </node>
  <node id='8175901977' timestamp='2026-02-25T17:20:25Z' uid='4292387' user='Jaller' visible='true' version='3' changeset='179047922' lat='24.1849326' lon='120.6462187'>
    <tag k='crossing:markings' v='zebra' />
    <tag k='highway' v='crossing' />
  </node>
  <node id='8175901980' timestamp='2025-01-07T15:09:52Z' uid='4292387' user='Jaller' visible='true' version='2' changeset='161099447' lat='24.1849031' lon='120.6462235'>
    <tag k='highway' v='traffic_signals' />
    <tag k='traffic_signals' v='signal' />
    <tag k='traffic_signals:direction' v='backward' />
  </node>
  <node id='8175902130' timestamp='2025-01-08T11:01:41Z' uid='4292387' user='Jaller' visible='true' version='3' changeset='161128835' lat='24.1817809' lon='120.6449132'>
    <tag k='crossing' v='marked' />
    <tag k='highway' v='crossing' />
  </node>
  <node id='8175902133' timestamp='2021-06-05T13:33:41Z' uid='1439333' user='Littlebtc' visible='true' version='2' changeset='105882658' lat='24.1818042' lon='120.6451127'>
    <tag k='crossing' v='marked' />
    <tag k='highway' v='crossing' />
  </node>
  <node id='8175902135' timestamp='2025-01-08T11:01:41Z' uid='4292387' user='Jaller' visible='true' version='3' changeset='161128835' lat='24.1818101' lon='120.6451645'>
    <tag k='highway' v='traffic_signals' />
    <tag k='traffic_signals' v='signal' />
    <tag k='traffic_signals:direction' v='backward' />
  </node>
  <node id='8175902136' timestamp='2025-01-08T11:01:41Z' uid='4292387' user='Jaller' visible='true' version='3' changeset='161128835' lat='24.1817715' lon='120.6448141'>
    <tag k='highway' v='traffic_signals' />
    <tag k='traffic_signals' v='signal' />
    <tag k='traffic_signals:direction' v='forward' />
  </node>
  <node id='8175902140' timestamp='2021-06-05T13:55:51Z' uid='1439333' user='Littlebtc' visible='true' version='3' changeset='105883489' lat='24.1787411' lon='120.6452247' />
  <node id='8175902145' timestamp='2026-02-25T17:20:25Z' uid='4292387' user='Jaller' visible='true' version='4' changeset='179047922' lat='24.1788265' lon='120.6452246'>
    <tag k='crossing:markings' v='zebra' />
    <tag k='highway' v='crossing' />
  </node>
  <node id='8175902147' timestamp='2025-01-07T17:23:07Z' uid='4292387' user='Jaller' visible='true' version='3' changeset='161104469' lat='24.1788218' lon='120.6453455'>
    <tag k='highway' v='traffic_signals' />
    <tag k='traffic_signals' v='signal' />
    <tag k='traffic_signals:direction' v='backward' />
  </node>
  <node id='8175902158' timestamp='2021-06-05T13:55:51Z' uid='1439333' user='Littlebtc' visible='true' version='2' changeset='105883489' lat='24.1788774' lon='120.6465534'>
    <tag k='barrier' v='gate' />
  </node>
  <node id='8175902159' timestamp='2020-11-29T08:16:15Z' uid='6421436' user='SXCKH' visible='true' version='1' changeset='94974737' lat='24.1788942' lon='120.6463918' />
  <node id='8175902160' timestamp='2020-11-29T08:16:15Z' uid='6421436' user='SXCKH' visible='true' version='1' changeset='94974737' lat='24.1787823' lon='120.6463945' />
  <node id='8175902161' timestamp='2021-06-05T13:55:51Z' uid='1439333' user='Littlebtc' visible='true' version='2' changeset='105883489' lat='24.1788499' lon='120.6463929' />
  <node id='8175902162' timestamp='2026-02-25T17:20:25Z' uid='4292387' user='Jaller' visible='true' version='3' changeset='179047922' lat='24.1788942' lon='120.6464675'>
    <tag k='crossing:markings' v='zebra' />
    <tag k='highway' v='crossing' />
  </node>
  <node id='8175902163' timestamp='2021-06-05T13:55:51Z' uid='1439333' user='Littlebtc' visible='true' version='2' changeset='105883489' lat='24.1789384' lon='120.6464654' />
  <node id='8175902164' timestamp='2021-06-05T13:55:51Z' uid='1439333' user='Littlebtc' visible='true' version='2' changeset='105883489' lat='24.1788504' lon='120.6463792' />
  <node id='8175902168' timestamp='2024-08-26T18:56:03Z' uid='12620959' user='twF6wdEYwL' visible='true' version='3' changeset='155798037' lat='24.17866' lon='120.6464824' />
  <node id='8175902169' timestamp='2021-06-05T13:55:51Z' uid='1439333' user='Littlebtc' visible='true' version='2' changeset='105883489' lat='24.1807004' lon='120.6464219' />
  <node id='8175902170' timestamp='2024-08-26T18:56:03Z' uid='12620959' user='twF6wdEYwL' visible='true' version='3' changeset='155798037' lat='24.1781844' lon='120.6465117' />
  <node id='8175902171' timestamp='2024-08-26T18:56:03Z' uid='12620959' user='twF6wdEYwL' visible='true' version='3' changeset='155798037' lat='24.1780984' lon='120.6465321' />
  <node id='8175902172' timestamp='2024-08-26T18:56:03Z' uid='12620959' user='twF6wdEYwL' visible='true' version='3' changeset='155798037' lat='24.178003' lon='120.64657' />
  <node id='8308061656' timestamp='2025-06-02T06:27:44Z' uid='1439333' user='Littlebtc' visible='true' version='2' changeset='167076607' lat='24.1820218' lon='120.6537279'>
    <tag k='crossing' v='marked' />
    <tag k='highway' v='crossing' />
  </node>
  <node id='8308061658' timestamp='2025-06-02T06:27:44Z' uid='1439333' user='Littlebtc' visible='true' version='2' changeset='167076607' lat='24.182022' lon='120.6539203'>
    <tag k='crossing' v='marked' />
    <tag k='highway' v='crossing' />
  </node>
  <node id='8308061660' timestamp='2021-01-10T07:09:14Z' uid='6421436' user='SXCKH' visible='true' version='1' changeset='97237375' lat='24.1799749' lon='120.6520788' />
  <node id='8308061661' timestamp='2021-01-10T07:09:14Z' uid='6421436' user='SXCKH' visible='true' version='1' changeset='97237375' lat='24.1802578' lon='120.6520889' />
  <node id='8535158518' timestamp='2026-03-13T00:06:30Z' uid='274857' user='Supaplex' visible='true' version='3' changeset='179781261' lat='24.1820092' lon='120.6464237'>
    <tag k='addr:TW:dataset' v='137998' />
    <tag k='addr:city' v='臺中市' />
    <tag k='addr:country' v='TW' />
    <tag k='addr:district' v='西屯區' />
    <tag k='addr:full' v='臺中市西屯區西平里22鄰文華路102號' />
    <tag k='addr:hamlet' v='西平里' />
    <tag k='addr:housenumber' v='102號' />
    <tag k='addr:neighbourhood' v='22鄰' />
    <tag k='addr:street' v='文華路' />
  </node>
  <node id='8535158520' timestamp='2026-03-13T00:06:30Z' uid='274857' user='Supaplex' visible='true' version='3' changeset='179781261' lat='24.1792088' lon='120.6462954'>
    <tag k='addr:TW:dataset' v='137998' />
    <tag k='addr:city' v='臺中市' />
    <tag k='addr:country' v='TW' />
    <tag k='addr:district' v='西屯區' />
    <tag k='addr:full' v='臺中市西屯區西平里11鄰文華路105之14號' />
    <tag k='addr:hamlet' v='西平里' />
    <tag k='addr:housenumber' v='105之14號' />
    <tag k='addr:neighbourhood' v='11鄰' />
    <tag k='addr:street' v='文華路' />
  </node>
  <node id='8535158521' timestamp='2026-03-13T00:06:30Z' uid='274857' user='Supaplex' visible='true' version='3' changeset='179781261' lat='24.1791482' lon='120.646299'>
    <tag k='addr:TW:dataset' v='137998' />
    <tag k='addr:city' v='臺中市' />
    <tag k='addr:country' v='TW' />
    <tag k='addr:district' v='西屯區' />
    <tag k='addr:full' v='臺中市西屯區西平里11鄰文華路105之10號' />
    <tag k='addr:hamlet' v='西平里' />
    <tag k='addr:housenumber' v='105之10號' />
    <tag k='addr:neighbourhood' v='11鄰' />
    <tag k='addr:street' v='文華路' />
  </node>
  <node id='8535158623' timestamp='2026-03-13T00:06:30Z' uid='274857' user='Supaplex' visible='true' version='3' changeset='179781261' lat='24.1792591' lon='120.6462898'>
    <tag k='addr:TW:dataset' v='137998' />
    <tag k='addr:city' v='臺中市' />
    <tag k='addr:country' v='TW' />
    <tag k='addr:district' v='西屯區' />
    <tag k='addr:full' v='臺中市西屯區西平里11鄰文華路107之1號' />
    <tag k='addr:hamlet' v='西平里' />
    <tag k='addr:housenumber' v='107之1號' />
    <tag k='addr:neighbourhood' v='11鄰' />
    <tag k='addr:street' v='文華路' />
  </node>
  <node id='8535158624' timestamp='2026-03-13T00:06:30Z' uid='274857' user='Supaplex' visible='true' version='3' changeset='179781261' lat='24.1792591' lon='120.6462898'>
    <tag k='addr:TW:dataset' v='137998' />
    <tag k='addr:city' v='臺中市' />
    <tag k='addr:country' v='TW' />
    <tag k='addr:district' v='西屯區' />
    <tag k='addr:full' v='臺中市西屯區西平里11鄰文華路107之2號' />
    <tag k='addr:hamlet' v='西平里' />
    <tag k='addr:housenumber' v='107之2號' />
    <tag k='addr:neighbourhood' v='11鄰' />
    <tag k='addr:street' v='文華路' />
  </node>
  <node id='8535158625' timestamp='2026-03-13T00:06:30Z' uid='274857' user='Supaplex' visible='true' version='3' changeset='179781261' lat='24.1792591' lon='120.6462898'>
    <tag k='addr:TW:dataset' v='137998' />
    <tag k='addr:city' v='臺中市' />
    <tag k='addr:country' v='TW' />
    <tag k='addr:district' v='西屯區' />
    <tag k='addr:full' v='臺中市西屯區西平里11鄰文華路107之4號' />
    <tag k='addr:hamlet' v='西平里' />
    <tag k='addr:housenumber' v='107之4號' />
    <tag k='addr:neighbourhood' v='11鄰' />
    <tag k='addr:street' v='文華路' />
  </node>
  <node id='8535158626' timestamp='2026-03-13T00:06:30Z' uid='274857' user='Supaplex' visible='true' version='3' changeset='179781261' lat='24.1792591' lon='120.6462898'>
    <tag k='addr:TW:dataset' v='137998' />
    <tag k='addr:city' v='臺中市' />
    <tag k='addr:country' v='TW' />
    <tag k='addr:district' v='西屯區' />
    <tag k='addr:full' v='臺中市西屯區西平里11鄰文華路107號' />
    <tag k='addr:hamlet' v='西平里' />
    <tag k='addr:housenumber' v='107號' />
    <tag k='addr:neighbourhood' v='11鄰' />
    <tag k='addr:street' v='文華路' />
  </node>
  <node id='8535158627' timestamp='2026-03-13T00:06:30Z' uid='274857' user='Supaplex' visible='true' version='3' changeset='179781261' lat='24.1792591' lon='120.6462898'>
    <tag k='addr:TW:dataset' v='137998' />
    <tag k='addr:city' v='臺中市' />
    <tag k='addr:country' v='TW' />
    <tag k='addr:district' v='西屯區' />
    <tag k='addr:full' v='臺中市西屯區西平里11鄰文華路107之3號' />
    <tag k='addr:hamlet' v='西平里' />
    <tag k='addr:housenumber' v='107之3號' />
    <tag k='addr:neighbourhood' v='11鄰' />
    <tag k='addr:street' v='文華路' />
  </node>
  <node id='8535158630' timestamp='2026-03-13T00:06:30Z' uid='274857' user='Supaplex' visible='true' version='3' changeset='179781261' lat='24.1793054' lon='120.6462887'>
    <tag k='addr:TW:dataset' v='137998' />
    <tag k='addr:city' v='臺中市' />
    <tag k='addr:country' v='TW' />
    <tag k='addr:district' v='西屯區' />
    <tag k='addr:full' v='臺中市西屯區西平里11鄰文華路109之2號' />
    <tag k='addr:hamlet' v='西平里' />
    <tag k='addr:housenumber' v='109之2號' />
    <tag k='addr:neighbourhood' v='11鄰' />
    <tag k='addr:street' v='文華路' />
  </node>
  <node id='8535158631' timestamp='2026-03-13T00:06:30Z' uid='274857' user='Supaplex' visible='true' version='3' changeset='179781261' lat='24.1793054' lon='120.6462887'>
    <tag k='addr:TW:dataset' v='137998' />
    <tag k='addr:city' v='臺中市' />
    <tag k='addr:country' v='TW' />
    <tag k='addr:district' v='西屯區' />
    <tag k='addr:full' v='臺中市西屯區西平里11鄰文華路109之4號' />
    <tag k='addr:hamlet' v='西平里' />
    <tag k='addr:housenumber' v='109之4號' />
    <tag k='addr:neighbourhood' v='11鄰' />
    <tag k='addr:street' v='文華路' />
  </node>
  <node id='8535158632' timestamp='2026-03-13T00:06:30Z' uid='274857' user='Supaplex' visible='true' version='3' changeset='179781261' lat='24.1793054' lon='120.6462887'>
    <tag k='addr:TW:dataset' v='137998' />
    <tag k='addr:city' v='臺中市' />
    <tag k='addr:country' v='TW' />
    <tag k='addr:district' v='西屯區' />
    <tag k='addr:full' v='臺中市西屯區西平里11鄰文華路109之1號' />
    <tag k='addr:hamlet' v='西平里' />
    <tag k='addr:housenumber' v='109之1號' />
    <tag k='addr:neighbourhood' v='11鄰' />
    <tag k='addr:street' v='文華路' />
  </node>
  <node id='8535158633' timestamp='2026-03-13T00:06:30Z' uid='274857' user='Supaplex' visible='true' version='3' changeset='179781261' lat='24.1793054' lon='120.6462887'>
    <tag k='addr:TW:dataset' v='137998' />
    <tag k='addr:city' v='臺中市' />
    <tag k='addr:country' v='TW' />
    <tag k='addr:district' v='西屯區' />
    <tag k='addr:full' v='臺中市西屯區西平里11鄰文華路109號' />
    <tag k='addr:hamlet' v='西平里' />
    <tag k='addr:housenumber' v='109號' />
    <tag k='addr:neighbourhood' v='11鄰' />
    <tag k='addr:street' v='文華路' />
  </node>
  <node id='8535158634' timestamp='2026-03-13T00:06:30Z' uid='274857' user='Supaplex' visible='true' version='3' changeset='179781261' lat='24.1793054' lon='120.6462887'>
    <tag k='addr:TW:dataset' v='137998' />
    <tag k='addr:city' v='臺中市' />
    <tag k='addr:country' v='TW' />
    <tag k='addr:district' v='西屯區' />
    <tag k='addr:full' v='臺中市西屯區西平里11鄰文華路109之3號' />
    <tag k='addr:hamlet' v='西平里' />
    <tag k='addr:housenumber' v='109之3號' />
    <tag k='addr:neighbourhood' v='11鄰' />
    <tag k='addr:street' v='文華路' />
  </node>
  <node id='8535158636' timestamp='2026-03-13T00:06:30Z' uid='274857' user='Supaplex' visible='true' version='3' changeset='179781261' lat='24.1793632' lon='120.6462886'>
    <tag k='addr:TW:dataset' v='137998' />
    <tag k='addr:city' v='臺中市' />
    <tag k='addr:country' v='TW' />
    <tag k='addr:district' v='西屯區' />
    <tag k='addr:full' v='臺中市西屯區西平里11鄰文華路111號' />
    <tag k='addr:hamlet' v='西平里' />
    <tag k='addr:housenumber' v='111號' />
    <tag k='addr:neighbourhood' v='11鄰' />
    <tag k='addr:street' v='文華路' />
  </node>
  <node id='8535158637' timestamp='2026-03-13T00:06:30Z' uid='274857' user='Supaplex' visible='true' version='3' changeset='179781261' lat='24.1793632' lon='120.6462886'>
    <tag k='addr:TW:dataset' v='137998' />
    <tag k='addr:city' v='臺中市' />
    <tag k='addr:country' v='TW' />
    <tag k='addr:district' v='西屯區' />
    <tag k='addr:full' v='臺中市西屯區西平里11鄰文華路111之4號' />
    <tag k='addr:hamlet' v='西平里' />
    <tag k='addr:housenumber' v='111之4號' />
    <tag k='addr:neighbourhood' v='11鄰' />
    <tag k='addr:street' v='文華路' />
  </node>
  <node id='8535158638' timestamp='2026-03-13T00:06:30Z' uid='274857' user='Supaplex' visible='true' version='3' changeset='179781261' lat='24.1793632' lon='120.6462886'>
    <tag k='addr:TW:dataset' v='137998' />
    <tag k='addr:city' v='臺中市' />
    <tag k='addr:country' v='TW' />
    <tag k='addr:district' v='西屯區' />
    <tag k='addr:full' v='臺中市西屯區西平里11鄰文華路111之1號' />
    <tag k='addr:hamlet' v='西平里' />
    <tag k='addr:housenumber' v='111之1號' />
    <tag k='addr:neighbourhood' v='11鄰' />
    <tag k='addr:street' v='文華路' />
  </node>
  <node id='8535158639' timestamp='2026-03-13T00:06:30Z' uid='274857' user='Supaplex' visible='true' version='3' changeset='179781261' lat='24.1793632' lon='120.6462886'>
    <tag k='addr:TW:dataset' v='137998' />
    <tag k='addr:city' v='臺中市' />
    <tag k='addr:country' v='TW' />
    <tag k='addr:district' v='西屯區' />
    <tag k='addr:full' v='臺中市西屯區西平里11鄰文華路111之3號' />
    <tag k='addr:hamlet' v='西平里' />
    <tag k='addr:housenumber' v='111之3號' />
    <tag k='addr:neighbourhood' v='11鄰' />
    <tag k='addr:street' v='文華路' />
  </node>
  <node id='8535158640' timestamp='2026-03-13T00:06:30Z' uid='274857' user='Supaplex' visible='true' version='3' changeset='179781261' lat='24.1793632' lon='120.6462886'>
    <tag k='addr:TW:dataset' v='137998' />
    <tag k='addr:city' v='臺中市' />
    <tag k='addr:country' v='TW' />
    <tag k='addr:district' v='西屯區' />
    <tag k='addr:full' v='臺中市西屯區西平里11鄰文華路111之2號' />
    <tag k='addr:hamlet' v='西平里' />
    <tag k='addr:housenumber' v='111之2號' />
    <tag k='addr:neighbourhood' v='11鄰' />
    <tag k='addr:street' v='文華路' />
  </node>
  <node id='8535158642' timestamp='2026-03-13T00:06:30Z' uid='274857' user='Supaplex' visible='true' version='3' changeset='179781261' lat='24.179398' lon='120.6462885'>
    <tag k='addr:TW:dataset' v='137998' />
    <tag k='addr:city' v='臺中市' />
    <tag k='addr:country' v='TW' />
    <tag k='addr:district' v='西屯區' />
    <tag k='addr:full' v='臺中市西屯區西平里11鄰文華路113號' />
    <tag k='addr:hamlet' v='西平里' />
    <tag k='addr:housenumber' v='113號' />
    <tag k='addr:neighbourhood' v='11鄰' />
    <tag k='addr:street' v='文華路' />
  </node>
  <node id='8535158643' timestamp='2026-03-13T00:06:30Z' uid='274857' user='Supaplex' visible='true' version='3' changeset='179781261' lat='24.179398' lon='120.6462885'>
    <tag k='addr:TW:dataset' v='137998' />
    <tag k='addr:city' v='臺中市' />
    <tag k='addr:country' v='TW' />
    <tag k='addr:district' v='西屯區' />
    <tag k='addr:full' v='臺中市西屯區西平里11鄰文華路113之3號' />
    <tag k='addr:hamlet' v='西平里' />
    <tag k='addr:housenumber' v='113之3號' />
    <tag k='addr:neighbourhood' v='11鄰' />
    <tag k='addr:street' v='文華路' />
  </node>
  <node id='8535158644' timestamp='2026-03-13T00:06:30Z' uid='274857' user='Supaplex' visible='true' version='3' changeset='179781261' lat='24.179398' lon='120.6462885'>
    <tag k='addr:TW:dataset' v='137998' />
    <tag k='addr:city' v='臺中市' />
    <tag k='addr:country' v='TW' />
    <tag k='addr:district' v='西屯區' />
    <tag k='addr:full' v='臺中市西屯區西平里11鄰文華路113之4號' />
    <tag k='addr:hamlet' v='西平里' />
    <tag k='addr:housenumber' v='113之4號' />
    <tag k='addr:neighbourhood' v='11鄰' />
    <tag k='addr:street' v='文華路' />
  </node>
  <node id='8535158645' timestamp='2026-03-13T00:06:30Z' uid='274857' user='Supaplex' visible='true' version='3' changeset='179781261' lat='24.179398' lon='120.6462885'>
    <tag k='addr:TW:dataset' v='137998' />
    <tag k='addr:city' v='臺中市' />
    <tag k='addr:country' v='TW' />
    <tag k='addr:district' v='西屯區' />
    <tag k='addr:full' v='臺中市西屯區西平里11鄰文華路113之2號' />
    <tag k='addr:hamlet' v='西平里' />
    <tag k='addr:housenumber' v='113之2號' />
    <tag k='addr:neighbourhood' v='11鄰' />
    <tag k='addr:street' v='文華路' />
  </node>
  <node id='8535158646' timestamp='2026-03-13T00:06:30Z' uid='274857' user='Supaplex' visible='true' version='3' changeset='179781261' lat='24.179398' lon='120.6462885'>
    <tag k='addr:TW:dataset' v='137998' />
    <tag k='addr:city' v='臺中市' />
    <tag k='addr:country' v='TW' />
    <tag k='addr:district' v='西屯區' />
    <tag k='addr:full' v='臺中市西屯區西平里11鄰文華路113之1號' />
    <tag k='addr:hamlet' v='西平里' />
    <tag k='addr:housenumber' v='113之1號' />
    <tag k='addr:neighbourhood' v='11鄰' />
    <tag k='addr:street' v='文華路' />
  </node>
  <node id='8535158648' timestamp='2026-03-13T00:06:30Z' uid='274857' user='Supaplex' visible='true' version='3' changeset='179781261' lat='24.1794501' lon='120.6462883'>
    <tag k='addr:TW:dataset' v='137998' />
    <tag k='addr:city' v='臺中市' />
    <tag k='addr:country' v='TW' />
    <tag k='addr:district' v='西屯區' />
    <tag k='addr:full' v='臺中市西屯區西平里11鄰文華路115之2號' />
    <tag k='addr:hamlet' v='西平里' />
    <tag k='addr:housenumber' v='115之2號' />
    <tag k='addr:neighbourhood' v='11鄰' />
    <tag k='addr:street' v='文華路' />
  </node>
  <node id='8535158649' timestamp='2026-03-13T00:06:30Z' uid='274857' user='Supaplex' visible='true' version='3' changeset='179781261' lat='24.1794501' lon='120.6462883'>
    <tag k='addr:TW:dataset' v='137998' />
    <tag k='addr:city' v='臺中市' />
    <tag k='addr:country' v='TW' />
    <tag k='addr:district' v='西屯區' />
    <tag k='addr:full' v='臺中市西屯區西平里11鄰文華路115之3號' />
    <tag k='addr:hamlet' v='西平里' />
    <tag k='addr:housenumber' v='115之3號' />
    <tag k='addr:neighbourhood' v='11鄰' />
    <tag k='addr:street' v='文華路' />
  </node>
  <node id='8535158650' timestamp='2026-03-13T00:06:30Z' uid='274857' user='Supaplex' visible='true' version='3' changeset='179781261' lat='24.1794501' lon='120.6462883'>
    <tag k='addr:TW:dataset' v='137998' />
    <tag k='addr:city' v='臺中市' />
    <tag k='addr:country' v='TW' />
    <tag k='addr:district' v='西屯區' />
    <tag k='addr:full' v='臺中市西屯區西平里11鄰文華路115之1號' />
    <tag k='addr:hamlet' v='西平里' />
    <tag k='addr:housenumber' v='115之1號' />
    <tag k='addr:neighbourhood' v='11鄰' />
    <tag k='addr:street' v='文華路' />
  </node>
  <node id='8535158651' timestamp='2026-03-13T00:06:30Z' uid='274857' user='Supaplex' visible='true' version='3' changeset='179781261' lat='24.1794501' lon='120.6462883'>
    <tag k='addr:TW:dataset' v='137998' />
    <tag k='addr:city' v='臺中市' />
    <tag k='addr:country' v='TW' />
    <tag k='addr:district' v='西屯區' />
    <tag k='addr:full' v='臺中市西屯區西平里11鄰文華路115之4號' />
    <tag k='addr:hamlet' v='西平里' />
    <tag k='addr:housenumber' v='115之4號' />
    <tag k='addr:neighbourhood' v='11鄰' />
    <tag k='addr:street' v='文華路' />
  </node>
  <node id='8535158652' timestamp='2026-03-13T00:06:30Z' uid='274857' user='Supaplex' visible='true' version='3' changeset='179781261' lat='24.1794501' lon='120.6462883'>
    <tag k='addr:TW:dataset' v='137998' />
    <tag k='addr:city' v='臺中市' />
    <tag k='addr:country' v='TW' />
    <tag k='addr:district' v='西屯區' />
    <tag k='addr:full' v='臺中市西屯區西平里11鄰文華路115號' />
    <tag k='addr:hamlet' v='西平里' />
    <tag k='addr:housenumber' v='115號' />
    <tag k='addr:neighbourhood' v='11鄰' />
    <tag k='addr:street' v='文華路' />
  </node>
  <node id='8535158654' timestamp='2026-03-13T00:06:30Z' uid='274857' user='Supaplex' visible='true' version='3' changeset='179781261' lat='24.1794877' lon='120.6462929'>
    <tag k='addr:TW:dataset' v='137998' />
    <tag k='addr:city' v='臺中市' />
    <tag k='addr:country' v='TW' />
    <tag k='addr:district' v='西屯區' />
    <tag k='addr:full' v='臺中市西屯區西平里11鄰文華路117號' />
    <tag k='addr:hamlet' v='西平里' />
    <tag k='addr:housenumber' v='117號' />
    <tag k='addr:neighbourhood' v='11鄰' />
    <tag k='addr:street' v='文華路' />
  </node>
  <node id='8535158655' timestamp='2026-03-13T00:06:30Z' uid='274857' user='Supaplex' visible='true' version='3' changeset='179781261' lat='24.1794877' lon='120.6462929'>
    <tag k='addr:TW:dataset' v='137998' />
    <tag k='addr:city' v='臺中市' />
    <tag k='addr:country' v='TW' />
    <tag k='addr:district' v='西屯區' />
    <tag k='addr:full' v='臺中市西屯區西平里11鄰文華路117之2號' />
    <tag k='addr:hamlet' v='西平里' />
    <tag k='addr:housenumber' v='117之2號' />
    <tag k='addr:neighbourhood' v='11鄰' />
    <tag k='addr:street' v='文華路' />
  </node>
  <node id='8535158656' timestamp='2026-03-13T00:06:30Z' uid='274857' user='Supaplex' visible='true' version='3' changeset='179781261' lat='24.1794877' lon='120.6462929'>
    <tag k='addr:TW:dataset' v='137998' />
    <tag k='addr:city' v='臺中市' />
    <tag k='addr:country' v='TW' />
    <tag k='addr:district' v='西屯區' />
    <tag k='addr:full' v='臺中市西屯區西平里11鄰文華路117之1號' />
    <tag k='addr:hamlet' v='西平里' />
    <tag k='addr:housenumber' v='117之1號' />
    <tag k='addr:neighbourhood' v='11鄰' />
    <tag k='addr:street' v='文華路' />
  </node>
  <node id='8535158657' timestamp='2026-03-13T00:06:30Z' uid='274857' user='Supaplex' visible='true' version='3' changeset='179781261' lat='24.1794877' lon='120.6462929'>
    <tag k='addr:TW:dataset' v='137998' />
    <tag k='addr:city' v='臺中市' />
    <tag k='addr:country' v='TW' />
    <tag k='addr:district' v='西屯區' />
    <tag k='addr:full' v='臺中市西屯區西平里11鄰文華路117之3號' />
    <tag k='addr:hamlet' v='西平里' />
    <tag k='addr:housenumber' v='117之3號' />
    <tag k='addr:neighbourhood' v='11鄰' />
    <tag k='addr:street' v='文華路' />
  </node>
  <node id='8535158658' timestamp='2026-03-13T00:06:30Z' uid='274857' user='Supaplex' visible='true' version='3' changeset='179781261' lat='24.1794877' lon='120.6462929'>
    <tag k='addr:TW:dataset' v='137998' />
    <tag k='addr:city' v='臺中市' />
    <tag k='addr:country' v='TW' />
    <tag k='addr:district' v='西屯區' />
    <tag k='addr:full' v='臺中市西屯區西平里11鄰文華路117之4號' />
    <tag k='addr:hamlet' v='西平里' />
    <tag k='addr:housenumber' v='117之4號' />
    <tag k='addr:neighbourhood' v='11鄰' />
    <tag k='addr:street' v='文華路' />
  </node>
  <node id='8535158683' timestamp='2026-03-13T00:06:30Z' uid='274857' user='Supaplex' visible='true' version='3' changeset='179781261' lat='24.1795419' lon='120.6462917'>
    <tag k='addr:TW:dataset' v='137998' />
    <tag k='addr:city' v='臺中市' />
    <tag k='addr:country' v='TW' />
    <tag k='addr:district' v='西屯區' />
    <tag k='addr:full' v='臺中市西屯區西平里11鄰文華路119之2號' />
    <tag k='addr:hamlet' v='西平里' />
    <tag k='addr:housenumber' v='119之2號' />
    <tag k='addr:neighbourhood' v='11鄰' />
    <tag k='addr:street' v='文華路' />
  </node>
  <node id='8535158684' timestamp='2026-03-13T00:06:30Z' uid='274857' user='Supaplex' visible='true' version='3' changeset='179781261' lat='24.1795419' lon='120.6462917'>
    <tag k='addr:TW:dataset' v='137998' />
    <tag k='addr:city' v='臺中市' />
    <tag k='addr:country' v='TW' />
    <tag k='addr:district' v='西屯區' />
    <tag k='addr:full' v='臺中市西屯區西平里11鄰文華路119之7號' />
    <tag k='addr:hamlet' v='西平里' />
    <tag k='addr:housenumber' v='119之7號' />
    <tag k='addr:neighbourhood' v='11鄰' />
    <tag k='addr:street' v='文華路' />
  </node>
  <node id='8535158685' timestamp='2026-03-13T00:06:30Z' uid='274857' user='Supaplex' visible='true' version='3' changeset='179781261' lat='24.1795419' lon='120.6462917'>
    <tag k='addr:TW:dataset' v='137998' />
    <tag k='addr:city' v='臺中市' />
    <tag k='addr:country' v='TW' />
    <tag k='addr:district' v='西屯區' />
    <tag k='addr:full' v='臺中市西屯區西平里11鄰文華路119號' />
    <tag k='addr:hamlet' v='西平里' />
    <tag k='addr:housenumber' v='119號' />
    <tag k='addr:neighbourhood' v='11鄰' />
    <tag k='addr:street' v='文華路' />
  </node>
  <node id='8535158686' timestamp='2026-03-13T00:06:30Z' uid='274857' user='Supaplex' visible='true' version='3' changeset='179781261' lat='24.1795419' lon='120.6462917'>
    <tag k='addr:TW:dataset' v='137998' />
    <tag k='addr:city' v='臺中市' />
    <tag k='addr:country' v='TW' />
    <tag k='addr:district' v='西屯區' />
    <tag k='addr:full' v='臺中市西屯區西平里11鄰文華路119之4號' />
    <tag k='addr:hamlet' v='西平里' />
    <tag k='addr:housenumber' v='119之4號' />
    <tag k='addr:neighbourhood' v='11鄰' />
    <tag k='addr:street' v='文華路' />
  </node>
  <node id='8535158687' timestamp='2026-03-13T00:06:30Z' uid='274857' user='Supaplex' visible='true' version='3' changeset='179781261' lat='24.1795419' lon='120.6462917'>
    <tag k='addr:TW:dataset' v='137998' />
    <tag k='addr:city' v='臺中市' />
    <tag k='addr:country' v='TW' />
    <tag k='addr:district' v='西屯區' />
    <tag k='addr:full' v='臺中市西屯區西平里11鄰文華路119之6號' />
    <tag k='addr:hamlet' v='西平里' />
    <tag k='addr:housenumber' v='119之6號' />
    <tag k='addr:neighbourhood' v='11鄰' />
    <tag k='addr:street' v='文華路' />
  </node>
  <node id='8535158688' timestamp='2026-03-13T00:06:30Z' uid='274857' user='Supaplex' visible='true' version='3' changeset='179781261' lat='24.1795419' lon='120.6462917'>
    <tag k='addr:TW:dataset' v='137998' />
    <tag k='addr:city' v='臺中市' />
    <tag k='addr:country' v='TW' />
    <tag k='addr:district' v='西屯區' />
    <tag k='addr:full' v='臺中市西屯區西平里11鄰文華路119之3號' />
    <tag k='addr:hamlet' v='西平里' />
    <tag k='addr:housenumber' v='119之3號' />
    <tag k='addr:neighbourhood' v='11鄰' />
    <tag k='addr:street' v='文華路' />
  </node>
  <node id='8535158689' timestamp='2026-03-13T00:06:30Z' uid='274857' user='Supaplex' visible='true' version='3' changeset='179781261' lat='24.1795419' lon='120.6462917'>
    <tag k='addr:TW:dataset' v='137998' />
    <tag k='addr:city' v='臺中市' />
    <tag k='addr:country' v='TW' />
    <tag k='addr:district' v='西屯區' />
    <tag k='addr:full' v='臺中市西屯區西平里11鄰文華路119之1號' />
    <tag k='addr:hamlet' v='西平里' />
    <tag k='addr:housenumber' v='119之1號' />
    <tag k='addr:neighbourhood' v='11鄰' />
    <tag k='addr:street' v='文華路' />
  </node>
  <node id='8535158690' timestamp='2026-03-13T00:06:30Z' uid='274857' user='Supaplex' visible='true' version='3' changeset='179781261' lat='24.1795419' lon='120.6462917'>
    <tag k='addr:TW:dataset' v='137998' />
    <tag k='addr:city' v='臺中市' />
    <tag k='addr:country' v='TW' />
    <tag k='addr:district' v='西屯區' />
    <tag k='addr:full' v='臺中市西屯區西平里11鄰文華路119之5號' />
    <tag k='addr:hamlet' v='西平里' />
    <tag k='addr:housenumber' v='119之5號' />
    <tag k='addr:neighbourhood' v='11鄰' />
    <tag k='addr:street' v='文華路' />
  </node>
  <node id='8535158691' timestamp='2026-03-13T00:06:30Z' uid='274857' user='Supaplex' visible='true' version='3' changeset='179781261' lat='24.1795419' lon='120.6462917'>
    <tag k='addr:TW:dataset' v='137998' />
    <tag k='addr:city' v='臺中市' />
    <tag k='addr:country' v='TW' />
    <tag k='addr:district' v='西屯區' />
    <tag k='addr:full' v='臺中市西屯區西平里11鄰文華路119之8號' />
    <tag k='addr:hamlet' v='西平里' />
    <tag k='addr:housenumber' v='119之8號' />
    <tag k='addr:neighbourhood' v='11鄰' />
    <tag k='addr:street' v='文華路' />
  </node>
  <node id='8535158750' timestamp='2026-03-13T00:06:30Z' uid='274857' user='Supaplex' visible='true' version='3' changeset='179781261' lat='24.1801295' lon='120.6462331'>
    <tag k='addr:TW:dataset' v='137998' />
    <tag k='addr:city' v='臺中市' />
    <tag k='addr:country' v='TW' />
    <tag k='addr:district' v='西屯區' />
    <tag k='addr:full' v='臺中市西屯區西平里11鄰文華路121之17號' />
    <tag k='addr:hamlet' v='西平里' />
    <tag k='addr:housenumber' v='121之17號' />
    <tag k='addr:neighbourhood' v='11鄰' />
    <tag k='addr:street' v='文華路' />
  </node>
  <node id='8535158752' timestamp='2026-03-13T00:06:30Z' uid='274857' user='Supaplex' visible='true' version='3' changeset='179781261' lat='24.1796381' lon='120.646279'>
    <tag k='addr:TW:dataset' v='137998' />
    <tag k='addr:city' v='臺中市' />
    <tag k='addr:country' v='TW' />
    <tag k='addr:district' v='西屯區' />
    <tag k='addr:full' v='臺中市西屯區西平里11鄰文華路121之3號' />
    <tag k='addr:hamlet' v='西平里' />
    <tag k='addr:housenumber' v='121之3號' />
    <tag k='addr:neighbourhood' v='11鄰' />
    <tag k='addr:street' v='文華路' />
  </node>
  <node id='8535158753' timestamp='2026-03-13T00:06:30Z' uid='274857' user='Supaplex' visible='true' version='3' changeset='179781261' lat='24.1802884' lon='120.646264'>
    <tag k='addr:TW:dataset' v='137998' />
    <tag k='addr:city' v='臺中市' />
    <tag k='addr:country' v='TW' />
    <tag k='addr:district' v='西屯區' />
    <tag k='addr:full' v='臺中市西屯區西平里11鄰文華路121之31號' />
    <tag k='addr:hamlet' v='西平里' />
    <tag k='addr:housenumber' v='121之31號' />
    <tag k='addr:neighbourhood' v='11鄰' />
    <tag k='addr:street' v='文華路' />
  </node>
  <node id='8535158754' timestamp='2026-03-13T00:06:30Z' uid='274857' user='Supaplex' visible='true' version='3' changeset='179781261' lat='24.179809' lon='120.6462747'>
    <tag k='addr:TW:dataset' v='137998' />
    <tag k='addr:city' v='臺中市' />
    <tag k='addr:country' v='TW' />
    <tag k='addr:district' v='西屯區' />
    <tag k='addr:full' v='臺中市西屯區西平里11鄰文華路121之10號' />
    <tag k='addr:hamlet' v='西平里' />
    <tag k='addr:housenumber' v='121之10號' />
    <tag k='addr:neighbourhood' v='11鄰' />
    <tag k='addr:street' v='文華路' />
  </node>
  <node id='8535158756' timestamp='2026-03-13T00:06:30Z' uid='274857' user='Supaplex' visible='true' version='3' changeset='179781261' lat='24.1802473' lon='120.6462644'>
    <tag k='addr:TW:dataset' v='137998' />
    <tag k='addr:city' v='臺中市' />
    <tag k='addr:country' v='TW' />
    <tag k='addr:district' v='西屯區' />
    <tag k='addr:full' v='臺中市西屯區西平里11鄰文華路121之30號' />
    <tag k='addr:hamlet' v='西平里' />
    <tag k='addr:housenumber' v='121之30號' />
    <tag k='addr:neighbourhood' v='11鄰' />
    <tag k='addr:street' v='文華路' />
  </node>
  <node id='8535158757' timestamp='2026-03-13T00:06:30Z' uid='274857' user='Supaplex' visible='true' version='3' changeset='179781261' lat='24.1797207' lon='120.6462765'>
    <tag k='addr:TW:dataset' v='137998' />
    <tag k='addr:city' v='臺中市' />
    <tag k='addr:country' v='TW' />
    <tag k='addr:district' v='西屯區' />
    <tag k='addr:full' v='臺中市西屯區西平里11鄰文華路121之5號' />
    <tag k='addr:hamlet' v='西平里' />
    <tag k='addr:housenumber' v='121之5號' />
    <tag k='addr:neighbourhood' v='11鄰' />
    <tag k='addr:street' v='文華路' />
  </node>
  <node id='8535158759' timestamp='2026-03-13T00:06:30Z' uid='274857' user='Supaplex' visible='true' version='3' changeset='179781261' lat='24.1795898' lon='120.6462906'>
    <tag k='addr:TW:dataset' v='137998' />
    <tag k='addr:city' v='臺中市' />
    <tag k='addr:country' v='TW' />
    <tag k='addr:district' v='西屯區' />
    <tag k='addr:full' v='臺中市西屯區西平里11鄰文華路121號' />
    <tag k='addr:hamlet' v='西平里' />
    <tag k='addr:housenumber' v='121號' />
    <tag k='addr:neighbourhood' v='11鄰' />
    <tag k='addr:street' v='文華路' />
  </node>
  <node id='8535158760' timestamp='2026-03-13T00:06:30Z' uid='274857' user='Supaplex' visible='true' version='3' changeset='179781261' lat='24.1798496' lon='120.6462746'>
    <tag k='addr:TW:dataset' v='137998' />
    <tag k='addr:city' v='臺中市' />
    <tag k='addr:country' v='TW' />
    <tag k='addr:district' v='西屯區' />
    <tag k='addr:full' v='臺中市西屯區西平里11鄰文華路121之11號' />
    <tag k='addr:hamlet' v='西平里' />
    <tag k='addr:housenumber' v='121之11號' />
    <tag k='addr:neighbourhood' v='11鄰' />
    <tag k='addr:street' v='文華路' />
  </node>
  <node id='8535158761' timestamp='2026-03-13T00:06:30Z' uid='274857' user='Supaplex' visible='true' version='3' changeset='179781261' lat='24.1796747' lon='120.6462783'>
    <tag k='addr:TW:dataset' v='137998' />
    <tag k='addr:city' v='臺中市' />
    <tag k='addr:country' v='TW' />
    <tag k='addr:district' v='西屯區' />
    <tag k='addr:full' v='臺中市西屯區西平里11鄰文華路121之4號' />
    <tag k='addr:hamlet' v='西平里' />
    <tag k='addr:housenumber' v='121之4號' />
    <tag k='addr:neighbourhood' v='11鄰' />
    <tag k='addr:street' v='文華路' />
  </node>
  <node id='8535158762' timestamp='2026-03-13T00:06:30Z' uid='274857' user='Supaplex' visible='true' version='3' changeset='179781261' lat='24.1801946' lon='120.6462654'>
    <tag k='addr:TW:dataset' v='137998' />
    <tag k='addr:city' v='臺中市' />
    <tag k='addr:country' v='TW' />
    <tag k='addr:district' v='西屯區' />
    <tag k='addr:full' v='臺中市西屯區西平里11鄰文華路121之29號' />
    <tag k='addr:hamlet' v='西平里' />
    <tag k='addr:housenumber' v='121之29號' />
    <tag k='addr:neighbourhood' v='11鄰' />
    <tag k='addr:street' v='文華路' />
  </node>
  <node id='8535158763' timestamp='2026-03-13T00:06:30Z' uid='274857' user='Supaplex' visible='true' version='3' changeset='179781261' lat='24.1797653' lon='120.6462771'>
    <tag k='addr:TW:dataset' v='137998' />
    <tag k='addr:city' v='臺中市' />
    <tag k='addr:country' v='TW' />
    <tag k='addr:district' v='西屯區' />
    <tag k='addr:full' v='臺中市西屯區西平里11鄰文華路121之6號' />
    <tag k='addr:hamlet' v='西平里' />
    <tag k='addr:housenumber' v='121之6號' />
    <tag k='addr:neighbourhood' v='11鄰' />
    <tag k='addr:street' v='文華路' />
  </node>
  <node id='8535158764' timestamp='2026-03-13T00:06:30Z' uid='274857' user='Supaplex' visible='true' version='3' changeset='179781261' lat='24.1800265' lon='120.646363'>
    <tag k='addr:TW:dataset' v='137998' />
    <tag k='addr:city' v='臺中市' />
    <tag k='addr:country' v='TW' />
    <tag k='addr:district' v='西屯區' />
    <tag k='addr:full' v='臺中市西屯區西平里11鄰文華路121之12號' />
    <tag k='addr:hamlet' v='西平里' />
    <tag k='addr:housenumber' v='121之12號' />
    <tag k='addr:neighbourhood' v='11鄰' />
    <tag k='addr:street' v='文華路' />
  </node>
  <node id='8535158765' timestamp='2026-03-13T00:06:30Z' uid='274857' user='Supaplex' visible='true' version='3' changeset='179781261' lat='24.1800216' lon='120.6462745'>
    <tag k='addr:TW:dataset' v='137998' />
    <tag k='addr:city' v='臺中市' />
    <tag k='addr:country' v='TW' />
    <tag k='addr:district' v='西屯區' />
    <tag k='addr:full' v='臺中市西屯區西平里11鄰文華路121之13號' />
    <tag k='addr:hamlet' v='西平里' />
    <tag k='addr:housenumber' v='121之13號' />
    <tag k='addr:neighbourhood' v='11鄰' />
    <tag k='addr:street' v='文華路' />
  </node>
  <node id='8535158772' timestamp='2026-03-13T00:06:30Z' uid='274857' user='Supaplex' visible='true' version='3' changeset='179781261' lat='24.1803352' lon='120.6462845'>
    <tag k='addr:TW:dataset' v='137998' />
    <tag k='addr:city' v='臺中市' />
    <tag k='addr:country' v='TW' />
    <tag k='addr:district' v='西屯區' />
    <tag k='addr:full' v='臺中市西屯區西平里11鄰文華路123號' />
    <tag k='addr:hamlet' v='西平里' />
    <tag k='addr:housenumber' v='123號' />
    <tag k='addr:neighbourhood' v='11鄰' />
    <tag k='addr:street' v='文華路' />
  </node>
  <node id='8535158773' timestamp='2026-03-13T00:06:30Z' uid='274857' user='Supaplex' visible='true' version='3' changeset='179781261' lat='24.1803754' lon='120.6462829'>
    <tag k='addr:TW:dataset' v='137998' />
    <tag k='addr:city' v='臺中市' />
    <tag k='addr:country' v='TW' />
    <tag k='addr:district' v='西屯區' />
    <tag k='addr:full' v='臺中市西屯區西平里11鄰文華路123之1號' />
    <tag k='addr:hamlet' v='西平里' />
    <tag k='addr:housenumber' v='123之1號' />
    <tag k='addr:neighbourhood' v='11鄰' />
    <tag k='addr:street' v='文華路' />
  </node>
  <node id='8535158775' timestamp='2026-03-13T00:06:30Z' uid='274857' user='Supaplex' visible='true' version='3' changeset='179781261' lat='24.1804202' lon='120.6462807'>
    <tag k='addr:TW:dataset' v='137998' />
    <tag k='addr:city' v='臺中市' />
    <tag k='addr:country' v='TW' />
    <tag k='addr:district' v='西屯區' />
    <tag k='addr:full' v='臺中市西屯區西平里11鄰文華路125號' />
    <tag k='addr:hamlet' v='西平里' />
    <tag k='addr:housenumber' v='125號' />
    <tag k='addr:neighbourhood' v='11鄰' />
    <tag k='addr:street' v='文華路' />
  </node>
  <node id='8535158811' timestamp='2026-03-13T00:06:30Z' uid='274857' user='Supaplex' visible='true' version='3' changeset='179781261' lat='24.1805512' lon='120.6462436'>
    <tag k='addr:TW:dataset' v='137998' />
    <tag k='addr:city' v='臺中市' />
    <tag k='addr:country' v='TW' />
    <tag k='addr:district' v='西屯區' />
    <tag k='addr:full' v='臺中市西屯區西平里11鄰文華路129號' />
    <tag k='addr:hamlet' v='西平里' />
    <tag k='addr:housenumber' v='129號' />
    <tag k='addr:neighbourhood' v='11鄰' />
    <tag k='addr:street' v='文華路' />
  </node>
  <node id='8535158970' timestamp='2026-03-13T00:06:30Z' uid='274857' user='Supaplex' visible='true' version='3' changeset='179781261' lat='24.1806788' lon='120.6462425'>
    <tag k='addr:TW:dataset' v='137998' />
    <tag k='addr:city' v='臺中市' />
    <tag k='addr:country' v='TW' />
    <tag k='addr:district' v='西屯區' />
    <tag k='addr:full' v='臺中市西屯區西平里11鄰文華路133之2號' />
    <tag k='addr:hamlet' v='西平里' />
    <tag k='addr:housenumber' v='133之2號' />
    <tag k='addr:neighbourhood' v='11鄰' />
    <tag k='addr:street' v='文華路' />
  </node>
  <node id='8535158971' timestamp='2026-03-13T00:06:30Z' uid='274857' user='Supaplex' visible='true' version='3' changeset='179781261' lat='24.1806376' lon='120.6462443'>
    <tag k='addr:TW:dataset' v='137998' />
    <tag k='addr:city' v='臺中市' />
    <tag k='addr:country' v='TW' />
    <tag k='addr:district' v='西屯區' />
    <tag k='addr:full' v='臺中市西屯區西平里11鄰文華路133之1號' />
    <tag k='addr:hamlet' v='西平里' />
    <tag k='addr:housenumber' v='133之1號' />
    <tag k='addr:neighbourhood' v='11鄰' />
    <tag k='addr:street' v='文華路' />
  </node>
  <node id='8535158972' timestamp='2026-03-13T00:06:30Z' uid='274857' user='Supaplex' visible='true' version='3' changeset='179781261' lat='24.1805942' lon='120.6462426'>
    <tag k='addr:TW:dataset' v='137998' />
    <tag k='addr:city' v='臺中市' />
    <tag k='addr:country' v='TW' />
    <tag k='addr:district' v='西屯區' />
    <tag k='addr:full' v='臺中市西屯區西平里11鄰文華路133號' />
    <tag k='addr:hamlet' v='西平里' />
    <tag k='addr:housenumber' v='133號' />
    <tag k='addr:neighbourhood' v='11鄰' />
    <tag k='addr:street' v='文華路' />
  </node>
  <node id='8535159236' timestamp='2026-03-13T00:06:30Z' uid='274857' user='Supaplex' visible='true' version='3' changeset='179781261' lat='24.1807679' lon='120.6462146'>
    <tag k='addr:TW:dataset' v='137998' />
    <tag k='addr:city' v='臺中市' />
    <tag k='addr:country' v='TW' />
    <tag k='addr:district' v='西屯區' />
    <tag k='addr:full' v='臺中市西屯區西平里8鄰文華路141號' />
    <tag k='addr:hamlet' v='西平里' />
    <tag k='addr:housenumber' v='141號' />
    <tag k='addr:neighbourhood' v='8鄰' />
    <tag k='addr:street' v='文華路' />
  </node>
  <node id='8535159238' timestamp='2026-03-13T00:06:30Z' uid='274857' user='Supaplex' visible='true' version='3' changeset='179781261' lat='24.180811' lon='120.6462134'>
    <tag k='addr:TW:dataset' v='137998' />
    <tag k='addr:city' v='臺中市' />
    <tag k='addr:country' v='TW' />
    <tag k='addr:district' v='西屯區' />
    <tag k='addr:full' v='臺中市西屯區西平里8鄰文華路143號' />
    <tag k='addr:hamlet' v='西平里' />
    <tag k='addr:housenumber' v='143號' />
    <tag k='addr:neighbourhood' v='8鄰' />
    <tag k='addr:street' v='文華路' />
  </node>
  <node id='8535159239' timestamp='2026-03-13T00:06:30Z' uid='274857' user='Supaplex' visible='true' version='3' changeset='179781261' lat='24.1808528' lon='120.6462272'>
    <tag k='addr:TW:dataset' v='137998' />
    <tag k='addr:city' v='臺中市' />
    <tag k='addr:country' v='TW' />
    <tag k='addr:district' v='西屯區' />
    <tag k='addr:full' v='臺中市西屯區西平里8鄰文華路145之3號' />
    <tag k='addr:hamlet' v='西平里' />
    <tag k='addr:housenumber' v='145之3號' />
    <tag k='addr:neighbourhood' v='8鄰' />
    <tag k='addr:street' v='文華路' />
  </node>
  <node id='8535159240' timestamp='2026-03-13T00:06:30Z' uid='274857' user='Supaplex' visible='true' version='3' changeset='179781261' lat='24.1808528' lon='120.6462272'>
    <tag k='addr:TW:dataset' v='137998' />
    <tag k='addr:city' v='臺中市' />
    <tag k='addr:country' v='TW' />
    <tag k='addr:district' v='西屯區' />
    <tag k='addr:full' v='臺中市西屯區西平里8鄰文華路145之4號' />
    <tag k='addr:hamlet' v='西平里' />
    <tag k='addr:housenumber' v='145之4號' />
    <tag k='addr:neighbourhood' v='8鄰' />
    <tag k='addr:street' v='文華路' />
  </node>
  <node id='8535159241' timestamp='2026-03-13T00:06:30Z' uid='274857' user='Supaplex' visible='true' version='3' changeset='179781261' lat='24.1808528' lon='120.6462272'>
    <tag k='addr:TW:dataset' v='137998' />
    <tag k='addr:city' v='臺中市' />
    <tag k='addr:country' v='TW' />
    <tag k='addr:district' v='西屯區' />
    <tag k='addr:full' v='臺中市西屯區西平里8鄰文華路145之5號' />
    <tag k='addr:hamlet' v='西平里' />
    <tag k='addr:housenumber' v='145之5號' />
    <tag k='addr:neighbourhood' v='8鄰' />
    <tag k='addr:street' v='文華路' />
  </node>
  <node id='8535159242' timestamp='2026-03-13T00:06:30Z' uid='274857' user='Supaplex' visible='true' version='3' changeset='179781261' lat='24.1808528' lon='120.6462272'>
    <tag k='addr:TW:dataset' v='137998' />
    <tag k='addr:city' v='臺中市' />
    <tag k='addr:country' v='TW' />
    <tag k='addr:district' v='西屯區' />
    <tag k='addr:full' v='臺中市西屯區西平里8鄰文華路145之2號' />
    <tag k='addr:hamlet' v='西平里' />
    <tag k='addr:housenumber' v='145之2號' />
    <tag k='addr:neighbourhood' v='8鄰' />
    <tag k='addr:street' v='文華路' />
  </node>
  <node id='8535159243' timestamp='2026-03-13T00:06:30Z' uid='274857' user='Supaplex' visible='true' version='3' changeset='179781261' lat='24.1808528' lon='120.6462272'>
    <tag k='addr:TW:dataset' v='137998' />
    <tag k='addr:city' v='臺中市' />
    <tag k='addr:country' v='TW' />
    <tag k='addr:district' v='西屯區' />
    <tag k='addr:full' v='臺中市西屯區西平里8鄰文華路145號' />
    <tag k='addr:hamlet' v='西平里' />
    <tag k='addr:housenumber' v='145號' />
    <tag k='addr:neighbourhood' v='8鄰' />
    <tag k='addr:street' v='文華路' />
  </node>
  <node id='8535159245' timestamp='2026-03-13T00:06:30Z' uid='274857' user='Supaplex' visible='true' version='3' changeset='179781261' lat='24.1809003' lon='120.6462259'>
    <tag k='addr:TW:dataset' v='137998' />
    <tag k='addr:city' v='臺中市' />
    <tag k='addr:country' v='TW' />
    <tag k='addr:district' v='西屯區' />
    <tag k='addr:full' v='臺中市西屯區西平里8鄰文華路147號' />
    <tag k='addr:hamlet' v='西平里' />
    <tag k='addr:housenumber' v='147號' />
    <tag k='addr:neighbourhood' v='8鄰' />
    <tag k='addr:street' v='文華路' />
  </node>
  <node id='8535159246' timestamp='2026-03-13T00:06:30Z' uid='274857' user='Supaplex' visible='true' version='3' changeset='179781261' lat='24.1809003' lon='120.6462259'>
    <tag k='addr:TW:dataset' v='137998' />
    <tag k='addr:city' v='臺中市' />
    <tag k='addr:country' v='TW' />
    <tag k='addr:district' v='西屯區' />
    <tag k='addr:full' v='臺中市西屯區西平里8鄰文華路147之5號' />
    <tag k='addr:hamlet' v='西平里' />
    <tag k='addr:housenumber' v='147之5號' />
    <tag k='addr:neighbourhood' v='8鄰' />
    <tag k='addr:street' v='文華路' />
  </node>
  <node id='8535159247' timestamp='2026-03-13T00:06:30Z' uid='274857' user='Supaplex' visible='true' version='3' changeset='179781261' lat='24.1809003' lon='120.6462259'>
    <tag k='addr:TW:dataset' v='137998' />
    <tag k='addr:city' v='臺中市' />
    <tag k='addr:country' v='TW' />
    <tag k='addr:district' v='西屯區' />
    <tag k='addr:full' v='臺中市西屯區西平里8鄰文華路147之3號' />
    <tag k='addr:hamlet' v='西平里' />
    <tag k='addr:housenumber' v='147之3號' />
    <tag k='addr:neighbourhood' v='8鄰' />
    <tag k='addr:street' v='文華路' />
  </node>
  <node id='8535159248' timestamp='2026-03-13T00:06:30Z' uid='274857' user='Supaplex' visible='true' version='3' changeset='179781261' lat='24.1809003' lon='120.6462259'>
    <tag k='addr:TW:dataset' v='137998' />
    <tag k='addr:city' v='臺中市' />
    <tag k='addr:country' v='TW' />
    <tag k='addr:district' v='西屯區' />
    <tag k='addr:full' v='臺中市西屯區西平里8鄰文華路147之4號' />
    <tag k='addr:hamlet' v='西平里' />
    <tag k='addr:housenumber' v='147之4號' />
    <tag k='addr:neighbourhood' v='8鄰' />
    <tag k='addr:street' v='文華路' />
  </node>
  <node id='8535159249' timestamp='2026-03-13T00:06:30Z' uid='274857' user='Supaplex' visible='true' version='3' changeset='179781261' lat='24.1809003' lon='120.6462259'>
    <tag k='addr:TW:dataset' v='137998' />
    <tag k='addr:city' v='臺中市' />
    <tag k='addr:country' v='TW' />
    <tag k='addr:district' v='西屯區' />
    <tag k='addr:full' v='臺中市西屯區西平里8鄰文華路147之2號' />
    <tag k='addr:hamlet' v='西平里' />
    <tag k='addr:housenumber' v='147之2號' />
    <tag k='addr:neighbourhood' v='8鄰' />
    <tag k='addr:street' v='文華路' />
  </node>
  <node id='8535159507' timestamp='2026-03-13T00:06:30Z' uid='274857' user='Supaplex' visible='true' version='3' changeset='179781261' lat='24.1810108' lon='120.6461989'>
    <tag k='addr:TW:dataset' v='137998' />
    <tag k='addr:city' v='臺中市' />
    <tag k='addr:country' v='TW' />
    <tag k='addr:district' v='西屯區' />
    <tag k='addr:full' v='臺中市西屯區西平里8鄰文華路151號' />
    <tag k='addr:hamlet' v='西平里' />
    <tag k='addr:housenumber' v='151號' />
    <tag k='addr:neighbourhood' v='8鄰' />
    <tag k='addr:street' v='文華路' />
  </node>
  <node id='8535159885' timestamp='2026-03-13T00:06:30Z' uid='274857' user='Supaplex' visible='true' version='3' changeset='179781261' lat='24.181182' lon='120.6462084'>
    <tag k='addr:TW:dataset' v='137998' />
    <tag k='addr:city' v='臺中市' />
    <tag k='addr:country' v='TW' />
    <tag k='addr:district' v='西屯區' />
    <tag k='addr:full' v='臺中市西屯區西平里8鄰文華路175之1號' />
    <tag k='addr:hamlet' v='西平里' />
    <tag k='addr:housenumber' v='175之1號' />
    <tag k='addr:neighbourhood' v='8鄰' />
    <tag k='addr:street' v='文華路' />
  </node>
  <node id='8535159886' timestamp='2026-03-13T00:06:30Z' uid='274857' user='Supaplex' visible='true' version='3' changeset='179781261' lat='24.181182' lon='120.6462084'>
    <tag k='addr:TW:dataset' v='137998' />
    <tag k='addr:city' v='臺中市' />
    <tag k='addr:country' v='TW' />
    <tag k='addr:district' v='西屯區' />
    <tag k='addr:full' v='臺中市西屯區西平里8鄰文華路175號' />
    <tag k='addr:hamlet' v='西平里' />
    <tag k='addr:housenumber' v='175號' />
    <tag k='addr:neighbourhood' v='8鄰' />
    <tag k='addr:street' v='文華路' />
  </node>
  <node id='8535159887' timestamp='2026-03-13T00:06:30Z' uid='274857' user='Supaplex' visible='true' version='3' changeset='179781261' lat='24.181182' lon='120.6462084'>
    <tag k='addr:TW:dataset' v='137998' />
    <tag k='addr:city' v='臺中市' />
    <tag k='addr:country' v='TW' />
    <tag k='addr:district' v='西屯區' />
    <tag k='addr:full' v='臺中市西屯區西平里8鄰文華路175之3號' />
    <tag k='addr:hamlet' v='西平里' />
    <tag k='addr:housenumber' v='175之3號' />
    <tag k='addr:neighbourhood' v='8鄰' />
    <tag k='addr:street' v='文華路' />
  </node>
  <node id='8535159888' timestamp='2026-03-13T00:06:30Z' uid='274857' user='Supaplex' visible='true' version='3' changeset='179781261' lat='24.181182' lon='120.6462084'>
    <tag k='addr:TW:dataset' v='137998' />
    <tag k='addr:city' v='臺中市' />
    <tag k='addr:country' v='TW' />
    <tag k='addr:district' v='西屯區' />
    <tag k='addr:full' v='臺中市西屯區西平里8鄰文華路175之2號' />
    <tag k='addr:hamlet' v='西平里' />
    <tag k='addr:housenumber' v='175之2號' />
    <tag k='addr:neighbourhood' v='8鄰' />
    <tag k='addr:street' v='文華路' />
  </node>
  <node id='8535159889' timestamp='2026-03-13T00:06:30Z' uid='274857' user='Supaplex' visible='true' version='3' changeset='179781261' lat='24.181182' lon='120.6462084'>
    <tag k='addr:TW:dataset' v='137998' />
    <tag k='addr:city' v='臺中市' />
    <tag k='addr:country' v='TW' />
    <tag k='addr:district' v='西屯區' />
    <tag k='addr:full' v='臺中市西屯區西平里8鄰文華路175之4號' />
    <tag k='addr:hamlet' v='西平里' />
    <tag k='addr:housenumber' v='175之4號' />
    <tag k='addr:neighbourhood' v='8鄰' />
    <tag k='addr:street' v='文華路' />
  </node>
  <node id='8535159890' timestamp='2026-03-13T00:06:30Z' uid='274857' user='Supaplex' visible='true' version='3' changeset='179781261' lat='24.1812384' lon='120.6462115'>
    <tag k='addr:TW:dataset' v='137998' />
    <tag k='addr:city' v='臺中市' />
    <tag k='addr:country' v='TW' />
    <tag k='addr:district' v='西屯區' />
    <tag k='addr:full' v='臺中市西屯區西平里8鄰文華路177號' />
    <tag k='addr:hamlet' v='西平里' />
    <tag k='addr:housenumber' v='177號' />
    <tag k='addr:neighbourhood' v='8鄰' />
    <tag k='addr:street' v='文華路' />
  </node>
  <node id='8535159891' timestamp='2026-03-13T00:06:30Z' uid='274857' user='Supaplex' visible='true' version='3' changeset='179781261' lat='24.1812954' lon='120.6462101'>
    <tag k='addr:TW:dataset' v='137998' />
    <tag k='addr:city' v='臺中市' />
    <tag k='addr:country' v='TW' />
    <tag k='addr:district' v='西屯區' />
    <tag k='addr:full' v='臺中市西屯區西平里8鄰文華路179號' />
    <tag k='addr:hamlet' v='西平里' />
    <tag k='addr:housenumber' v='179號' />
    <tag k='addr:neighbourhood' v='8鄰' />
    <tag k='addr:street' v='文華路' />
  </node>
  <node id='8535159892' timestamp='2026-03-13T00:06:30Z' uid='274857' user='Supaplex' visible='true' version='3' changeset='179781261' lat='24.1813395' lon='120.6462062'>
    <tag k='addr:TW:dataset' v='137998' />
    <tag k='addr:city' v='臺中市' />
    <tag k='addr:country' v='TW' />
    <tag k='addr:district' v='西屯區' />
    <tag k='addr:full' v='臺中市西屯區西平里8鄰文華路181號' />
    <tag k='addr:hamlet' v='西平里' />
    <tag k='addr:housenumber' v='181號' />
    <tag k='addr:neighbourhood' v='8鄰' />
    <tag k='addr:street' v='文華路' />
  </node>
  <node id='8535159893' timestamp='2026-03-13T00:06:30Z' uid='274857' user='Supaplex' visible='true' version='3' changeset='179781261' lat='24.1813818' lon='120.6462071'>
    <tag k='addr:TW:dataset' v='137998' />
    <tag k='addr:city' v='臺中市' />
    <tag k='addr:country' v='TW' />
    <tag k='addr:district' v='西屯區' />
    <tag k='addr:full' v='臺中市西屯區西平里8鄰文華路183號' />
    <tag k='addr:hamlet' v='西平里' />
    <tag k='addr:housenumber' v='183號' />
    <tag k='addr:neighbourhood' v='8鄰' />
    <tag k='addr:street' v='文華路' />
  </node>
  <node id='8535159894' timestamp='2026-03-13T00:06:30Z' uid='274857' user='Supaplex' visible='true' version='3' changeset='179781261' lat='24.1814257' lon='120.6462057'>
    <tag k='addr:TW:dataset' v='137998' />
    <tag k='addr:city' v='臺中市' />
    <tag k='addr:country' v='TW' />
    <tag k='addr:district' v='西屯區' />
    <tag k='addr:full' v='臺中市西屯區西平里8鄰文華路185號' />
    <tag k='addr:hamlet' v='西平里' />
    <tag k='addr:housenumber' v='185號' />
    <tag k='addr:neighbourhood' v='8鄰' />
    <tag k='addr:street' v='文華路' />
  </node>
  <node id='8535159895' timestamp='2026-03-13T00:06:30Z' uid='274857' user='Supaplex' visible='true' version='3' changeset='179781261' lat='24.1814693' lon='120.6461969'>
    <tag k='addr:TW:dataset' v='137998' />
    <tag k='addr:city' v='臺中市' />
    <tag k='addr:country' v='TW' />
    <tag k='addr:district' v='西屯區' />
    <tag k='addr:full' v='臺中市西屯區西平里8鄰文華路187號' />
    <tag k='addr:hamlet' v='西平里' />
    <tag k='addr:housenumber' v='187號' />
    <tag k='addr:neighbourhood' v='8鄰' />
    <tag k='addr:street' v='文華路' />
  </node>
  <node id='8535159983' timestamp='2026-03-13T00:06:30Z' uid='274857' user='Supaplex' visible='true' version='3' changeset='179781261' lat='24.1820076' lon='120.6462361'>
    <tag k='addr:TW:dataset' v='137998' />
    <tag k='addr:city' v='臺中市' />
    <tag k='addr:country' v='TW' />
    <tag k='addr:district' v='西屯區' />
    <tag k='addr:full' v='臺中市西屯區西平里3鄰文華路203號' />
    <tag k='addr:hamlet' v='西平里' />
    <tag k='addr:housenumber' v='203號' />
    <tag k='addr:neighbourhood' v='3鄰' />
    <tag k='addr:street' v='文華路' />
  </node>
  <node id='8535159984' timestamp='2026-03-13T00:06:30Z' uid='274857' user='Supaplex' visible='true' version='3' changeset='179781261' lat='24.1820076' lon='120.6462361'>
    <tag k='addr:TW:dataset' v='137998' />
    <tag k='addr:city' v='臺中市' />
    <tag k='addr:country' v='TW' />
    <tag k='addr:district' v='西屯區' />
    <tag k='addr:floor' v='2樓' />
    <tag k='addr:full' v='臺中市西屯區西平里3鄰文華路203號二樓之之3' />
    <tag k='addr:hamlet' v='西平里' />
    <tag k='addr:housenumber' v='203號' />
    <tag k='addr:neighbourhood' v='3鄰' />
    <tag k='addr:street' v='文華路' />
    <tag k='addr:unit' v='之3' />
  </node>
  <node id='8535159985' timestamp='2026-03-13T00:06:30Z' uid='274857' user='Supaplex' visible='true' version='3' changeset='179781261' lat='24.1820076' lon='120.6462361'>
    <tag k='addr:TW:dataset' v='137998' />
    <tag k='addr:city' v='臺中市' />
    <tag k='addr:country' v='TW' />
    <tag k='addr:district' v='西屯區' />
    <tag k='addr:floor' v='2樓' />
    <tag k='addr:full' v='臺中市西屯區西平里3鄰文華路203號二樓之之5' />
    <tag k='addr:hamlet' v='西平里' />
    <tag k='addr:housenumber' v='203號' />
    <tag k='addr:neighbourhood' v='3鄰' />
    <tag k='addr:street' v='文華路' />
    <tag k='addr:unit' v='之5' />
  </node>
  <node id='8535159986' timestamp='2026-03-13T00:06:30Z' uid='274857' user='Supaplex' visible='true' version='3' changeset='179781261' lat='24.1820076' lon='120.6462361'>
    <tag k='addr:TW:dataset' v='137998' />
    <tag k='addr:city' v='臺中市' />
    <tag k='addr:country' v='TW' />
    <tag k='addr:district' v='西屯區' />
    <tag k='addr:floor' v='2樓' />
    <tag k='addr:full' v='臺中市西屯區西平里3鄰文華路203號二樓之之2' />
    <tag k='addr:hamlet' v='西平里' />
    <tag k='addr:housenumber' v='203號' />
    <tag k='addr:neighbourhood' v='3鄰' />
    <tag k='addr:street' v='文華路' />
    <tag k='addr:unit' v='之2' />
  </node>
  <node id='8535159987' timestamp='2026-03-13T00:06:30Z' uid='274857' user='Supaplex' visible='true' version='3' changeset='179781261' lat='24.1820076' lon='120.6462361'>
    <tag k='addr:TW:dataset' v='137998' />
    <tag k='addr:city' v='臺中市' />
    <tag k='addr:country' v='TW' />
    <tag k='addr:district' v='西屯區' />
    <tag k='addr:floor' v='2樓' />
    <tag k='addr:full' v='臺中市西屯區西平里3鄰文華路203號二樓之之1' />
    <tag k='addr:hamlet' v='西平里' />
    <tag k='addr:housenumber' v='203號' />
    <tag k='addr:neighbourhood' v='3鄰' />
    <tag k='addr:street' v='文華路' />
    <tag k='addr:unit' v='之1' />
  </node>
  <node id='8535159988' timestamp='2026-03-13T00:06:30Z' uid='274857' user='Supaplex' visible='true' version='3' changeset='179781261' lat='24.1820076' lon='120.6462361'>
    <tag k='addr:TW:dataset' v='137998' />
    <tag k='addr:city' v='臺中市' />
    <tag k='addr:country' v='TW' />
    <tag k='addr:district' v='西屯區' />
    <tag k='addr:floor' v='2樓' />
    <tag k='addr:full' v='臺中市西屯區西平里3鄰文華路203號二樓之之6' />
    <tag k='addr:hamlet' v='西平里' />
    <tag k='addr:housenumber' v='203號' />
    <tag k='addr:neighbourhood' v='3鄰' />
    <tag k='addr:street' v='文華路' />
    <tag k='addr:unit' v='之6' />
  </node>
  <node id='8535159989' timestamp='2026-03-13T00:06:30Z' uid='274857' user='Supaplex' visible='true' version='3' changeset='179781261' lat='24.1820076' lon='120.6462361'>
    <tag k='addr:TW:dataset' v='137998' />
    <tag k='addr:city' v='臺中市' />
    <tag k='addr:country' v='TW' />
    <tag k='addr:district' v='西屯區' />
    <tag k='addr:floor' v='3樓' />
    <tag k='addr:full' v='臺中市西屯區西平里3鄰文華路203號三樓之之1' />
    <tag k='addr:hamlet' v='西平里' />
    <tag k='addr:housenumber' v='203號' />
    <tag k='addr:neighbourhood' v='3鄰' />
    <tag k='addr:street' v='文華路' />
    <tag k='addr:unit' v='之1' />
  </node>
  <node id='8535159990' timestamp='2026-03-13T00:06:30Z' uid='274857' user='Supaplex' visible='true' version='3' changeset='179781261' lat='24.1820076' lon='120.6462361'>
    <tag k='addr:TW:dataset' v='137998' />
    <tag k='addr:city' v='臺中市' />
    <tag k='addr:country' v='TW' />
    <tag k='addr:district' v='西屯區' />
    <tag k='addr:floor' v='3樓' />
    <tag k='addr:full' v='臺中市西屯區西平里3鄰文華路203號三樓之之3' />
    <tag k='addr:hamlet' v='西平里' />
    <tag k='addr:housenumber' v='203號' />
    <tag k='addr:neighbourhood' v='3鄰' />
    <tag k='addr:street' v='文華路' />
    <tag k='addr:unit' v='之3' />
  </node>
  <node id='8535159991' timestamp='2026-03-13T00:06:30Z' uid='274857' user='Supaplex' visible='true' version='3' changeset='179781261' lat='24.1820076' lon='120.6462361'>
    <tag k='addr:TW:dataset' v='137998' />
    <tag k='addr:city' v='臺中市' />
    <tag k='addr:country' v='TW' />
    <tag k='addr:district' v='西屯區' />
    <tag k='addr:floor' v='3樓' />
    <tag k='addr:full' v='臺中市西屯區西平里3鄰文華路203號三樓之之2' />
    <tag k='addr:hamlet' v='西平里' />
    <tag k='addr:housenumber' v='203號' />
    <tag k='addr:neighbourhood' v='3鄰' />
    <tag k='addr:street' v='文華路' />
    <tag k='addr:unit' v='之2' />
  </node>
  <node id='8535159992' timestamp='2026-03-13T00:06:30Z' uid='274857' user='Supaplex' visible='true' version='3' changeset='179781261' lat='24.1820076' lon='120.6462361'>
    <tag k='addr:TW:dataset' v='137998' />
    <tag k='addr:city' v='臺中市' />
    <tag k='addr:country' v='TW' />
    <tag k='addr:district' v='西屯區' />
    <tag k='addr:floor' v='3樓' />
    <tag k='addr:full' v='臺中市西屯區西平里3鄰文華路203號三樓之之5' />
    <tag k='addr:hamlet' v='西平里' />
    <tag k='addr:housenumber' v='203號' />
    <tag k='addr:neighbourhood' v='3鄰' />
    <tag k='addr:street' v='文華路' />
    <tag k='addr:unit' v='之5' />
  </node>
  <node id='8535159993' timestamp='2026-03-13T00:06:30Z' uid='274857' user='Supaplex' visible='true' version='3' changeset='179781261' lat='24.1820076' lon='120.6462361'>
    <tag k='addr:TW:dataset' v='137998' />
    <tag k='addr:city' v='臺中市' />
    <tag k='addr:country' v='TW' />
    <tag k='addr:district' v='西屯區' />
    <tag k='addr:floor' v='3樓' />
    <tag k='addr:full' v='臺中市西屯區西平里3鄰文華路203號三樓之之6' />
    <tag k='addr:hamlet' v='西平里' />
    <tag k='addr:housenumber' v='203號' />
    <tag k='addr:neighbourhood' v='3鄰' />
    <tag k='addr:street' v='文華路' />
    <tag k='addr:unit' v='之6' />
  </node>
  <node id='8535159994' timestamp='2026-03-13T00:06:30Z' uid='274857' user='Supaplex' visible='true' version='3' changeset='179781261' lat='24.1820076' lon='120.6462361'>
    <tag k='addr:TW:dataset' v='137998' />
    <tag k='addr:city' v='臺中市' />
    <tag k='addr:country' v='TW' />
    <tag k='addr:district' v='西屯區' />
    <tag k='addr:floor' v='4樓' />
    <tag k='addr:full' v='臺中市西屯區西平里3鄰文華路203號四樓之之2' />
    <tag k='addr:hamlet' v='西平里' />
    <tag k='addr:housenumber' v='203號' />
    <tag k='addr:neighbourhood' v='3鄰' />
    <tag k='addr:street' v='文華路' />
    <tag k='addr:unit' v='之2' />
  </node>
  <node id='8535159995' timestamp='2026-03-13T00:06:30Z' uid='274857' user='Supaplex' visible='true' version='3' changeset='179781261' lat='24.1820076' lon='120.6462361'>
    <tag k='addr:TW:dataset' v='137998' />
    <tag k='addr:city' v='臺中市' />
    <tag k='addr:country' v='TW' />
    <tag k='addr:district' v='西屯區' />
    <tag k='addr:floor' v='4樓' />
    <tag k='addr:full' v='臺中市西屯區西平里3鄰文華路203號四樓之之1' />
    <tag k='addr:hamlet' v='西平里' />
    <tag k='addr:housenumber' v='203號' />
    <tag k='addr:neighbourhood' v='3鄰' />
    <tag k='addr:street' v='文華路' />
    <tag k='addr:unit' v='之1' />
  </node>
  <node id='8535159996' timestamp='2026-03-13T00:06:30Z' uid='274857' user='Supaplex' visible='true' version='3' changeset='179781261' lat='24.1820076' lon='120.6462361'>
    <tag k='addr:TW:dataset' v='137998' />
    <tag k='addr:city' v='臺中市' />
    <tag k='addr:country' v='TW' />
    <tag k='addr:district' v='西屯區' />
    <tag k='addr:floor' v='4樓' />
    <tag k='addr:full' v='臺中市西屯區西平里3鄰文華路203號四樓之之5' />
    <tag k='addr:hamlet' v='西平里' />
    <tag k='addr:housenumber' v='203號' />
    <tag k='addr:neighbourhood' v='3鄰' />
    <tag k='addr:street' v='文華路' />
    <tag k='addr:unit' v='之5' />
  </node>
  <node id='8535159997' timestamp='2026-03-13T00:06:30Z' uid='274857' user='Supaplex' visible='true' version='3' changeset='179781261' lat='24.1820076' lon='120.6462361'>
    <tag k='addr:TW:dataset' v='137998' />
    <tag k='addr:city' v='臺中市' />
    <tag k='addr:country' v='TW' />
    <tag k='addr:district' v='西屯區' />
    <tag k='addr:floor' v='4樓' />
    <tag k='addr:full' v='臺中市西屯區西平里3鄰文華路203號四樓之之6' />
    <tag k='addr:hamlet' v='西平里' />
    <tag k='addr:housenumber' v='203號' />
    <tag k='addr:neighbourhood' v='3鄰' />
    <tag k='addr:street' v='文華路' />
    <tag k='addr:unit' v='之6' />
  </node>
  <node id='8535159998' timestamp='2026-03-13T00:06:30Z' uid='274857' user='Supaplex' visible='true' version='3' changeset='179781261' lat='24.1820076' lon='120.6462361'>
    <tag k='addr:TW:dataset' v='137998' />
    <tag k='addr:city' v='臺中市' />
    <tag k='addr:country' v='TW' />
    <tag k='addr:district' v='西屯區' />
    <tag k='addr:floor' v='4樓' />
    <tag k='addr:full' v='臺中市西屯區西平里3鄰文華路203號四樓之之3' />
    <tag k='addr:hamlet' v='西平里' />
    <tag k='addr:housenumber' v='203號' />
    <tag k='addr:neighbourhood' v='3鄰' />
    <tag k='addr:street' v='文華路' />
    <tag k='addr:unit' v='之3' />
  </node>
  <node id='8535161863' timestamp='2026-03-13T00:06:30Z' uid='274857' user='Supaplex' visible='true' version='3' changeset='179781261' lat='24.1817956' lon='120.6461997'>
    <tag k='addr:TW:dataset' v='137998' />
    <tag k='addr:city' v='臺中市' />
    <tag k='addr:country' v='TW' />
    <tag k='addr:district' v='西屯區' />
    <tag k='addr:full' v='臺中市西屯區西平里8鄰西安街200號' />
    <tag k='addr:hamlet' v='西平里' />
    <tag k='addr:housenumber' v='200號' />
    <tag k='addr:neighbourhood' v='8鄰' />
    <tag k='addr:street' v='西安街' />
  </node>
  <node id='8535161865' timestamp='2026-03-13T00:06:30Z' uid='274857' user='Supaplex' visible='true' version='3' changeset='179781261' lat='24.1817943' lon='120.6462484'>
    <tag k='addr:TW:dataset' v='137998' />
    <tag k='addr:city' v='臺中市' />
    <tag k='addr:country' v='TW' />
    <tag k='addr:district' v='西屯區' />
    <tag k='addr:full' v='臺中市西屯區西平里8鄰西安街202號' />
    <tag k='addr:hamlet' v='西平里' />
    <tag k='addr:housenumber' v='202號' />
    <tag k='addr:neighbourhood' v='8鄰' />
    <tag k='addr:street' v='西安街' />
  </node>
  <node id='8535161879' timestamp='2026-03-13T00:06:30Z' uid='274857' user='Supaplex' visible='true' version='3' changeset='179781261' lat='24.1819804' lon='120.6464586'>
    <tag k='addr:TW:dataset' v='137998' />
    <tag k='addr:city' v='臺中市' />
    <tag k='addr:country' v='TW' />
    <tag k='addr:district' v='西屯區' />
    <tag k='addr:full' v='臺中市西屯區西平里22鄰西安街227號' />
    <tag k='addr:hamlet' v='西平里' />
    <tag k='addr:housenumber' v='227號' />
    <tag k='addr:neighbourhood' v='22鄰' />
    <tag k='addr:street' v='西安街' />
  </node>
  <node id='8535161883' timestamp='2026-03-13T00:06:30Z' uid='274857' user='Supaplex' visible='true' version='3' changeset='179781261' lat='24.1820234' lon='120.6466546'>
    <tag k='addr:TW:dataset' v='137998' />
    <tag k='addr:city' v='臺中市' />
    <tag k='addr:country' v='TW' />
    <tag k='addr:district' v='西屯區' />
    <tag k='addr:full' v='臺中市西屯區西平里6鄰西安街235號' />
    <tag k='addr:hamlet' v='西平里' />
    <tag k='addr:housenumber' v='235號' />
    <tag k='addr:neighbourhood' v='6鄰' />
    <tag k='addr:street' v='西安街' />
  </node>
  <node id='8535161884' timestamp='2026-03-13T00:06:30Z' uid='274857' user='Supaplex' visible='true' version='3' changeset='179781261' lat='24.1820243' lon='120.6466936'>
    <tag k='addr:TW:dataset' v='137998' />
    <tag k='addr:city' v='臺中市' />
    <tag k='addr:country' v='TW' />
    <tag k='addr:district' v='西屯區' />
    <tag k='addr:full' v='臺中市西屯區西平里6鄰西安街237號' />
    <tag k='addr:hamlet' v='西平里' />
    <tag k='addr:housenumber' v='237號' />
    <tag k='addr:neighbourhood' v='6鄰' />
    <tag k='addr:street' v='西安街' />
  </node>
  <node id='8535161886' timestamp='2026-03-13T00:06:30Z' uid='274857' user='Supaplex' visible='true' version='3' changeset='179781261' lat='24.1820262' lon='120.6467723'>
    <tag k='addr:TW:dataset' v='137998' />
    <tag k='addr:city' v='臺中市' />
    <tag k='addr:country' v='TW' />
    <tag k='addr:district' v='西屯區' />
    <tag k='addr:full' v='臺中市西屯區西平里6鄰西安街241號' />
    <tag k='addr:hamlet' v='西平里' />
    <tag k='addr:housenumber' v='241號' />
    <tag k='addr:neighbourhood' v='6鄰' />
    <tag k='addr:street' v='西安街' />
  </node>
  <node id='8535161907' timestamp='2026-03-13T00:06:30Z' uid='274857' user='Supaplex' visible='true' version='3' changeset='179781261' lat='24.1820256' lon='120.6471498'>
    <tag k='addr:TW:dataset' v='137998' />
    <tag k='addr:city' v='臺中市' />
    <tag k='addr:country' v='TW' />
    <tag k='addr:district' v='西屯區' />
    <tag k='addr:full' v='臺中市西屯區西平里6鄰西安街257號' />
    <tag k='addr:hamlet' v='西平里' />
    <tag k='addr:housenumber' v='257號' />
    <tag k='addr:neighbourhood' v='6鄰' />
    <tag k='addr:street' v='西安街' />
  </node>
  <node id='8535161908' timestamp='2026-03-13T00:06:30Z' uid='274857' user='Supaplex' visible='true' version='3' changeset='179781261' lat='24.1820307' lon='120.6473937'>
    <tag k='addr:TW:dataset' v='137998' />
    <tag k='addr:city' v='臺中市' />
    <tag k='addr:country' v='TW' />
    <tag k='addr:district' v='西屯區' />
    <tag k='addr:full' v='臺中市西屯區西平里6鄰西安街259之5號' />
    <tag k='addr:hamlet' v='西平里' />
    <tag k='addr:housenumber' v='259之5號' />
    <tag k='addr:neighbourhood' v='6鄰' />
    <tag k='addr:street' v='西安街' />
  </node>
  <node id='8535161909' timestamp='2026-03-13T00:06:30Z' uid='274857' user='Supaplex' visible='true' version='3' changeset='179781261' lat='24.182029' lon='120.6473137'>
    <tag k='addr:TW:dataset' v='137998' />
    <tag k='addr:city' v='臺中市' />
    <tag k='addr:country' v='TW' />
    <tag k='addr:district' v='西屯區' />
    <tag k='addr:full' v='臺中市西屯區西平里6鄰西安街259之3號' />
    <tag k='addr:hamlet' v='西平里' />
    <tag k='addr:housenumber' v='259之3號' />
    <tag k='addr:neighbourhood' v='6鄰' />
    <tag k='addr:street' v='西安街' />
  </node>
  <node id='8535161910' timestamp='2026-03-13T00:06:30Z' uid='274857' user='Supaplex' visible='true' version='3' changeset='179781261' lat='24.1820315' lon='120.647435'>
    <tag k='addr:TW:dataset' v='137998' />
    <tag k='addr:city' v='臺中市' />
    <tag k='addr:country' v='TW' />
    <tag k='addr:district' v='西屯區' />
    <tag k='addr:full' v='臺中市西屯區西平里6鄰西安街259之6號' />
    <tag k='addr:hamlet' v='西平里' />
    <tag k='addr:housenumber' v='259之6號' />
    <tag k='addr:neighbourhood' v='6鄰' />
    <tag k='addr:street' v='西安街' />
  </node>
  <node id='8535161913' timestamp='2026-03-13T00:06:30Z' uid='274857' user='Supaplex' visible='true' version='3' changeset='179781261' lat='24.1820265' lon='120.6471909'>
    <tag k='addr:TW:dataset' v='137998' />
    <tag k='addr:city' v='臺中市' />
    <tag k='addr:country' v='TW' />
    <tag k='addr:district' v='西屯區' />
    <tag k='addr:full' v='臺中市西屯區西平里6鄰西安街259號' />
    <tag k='addr:hamlet' v='西平里' />
    <tag k='addr:housenumber' v='259號' />
    <tag k='addr:neighbourhood' v='6鄰' />
    <tag k='addr:street' v='西安街' />
  </node>
  <node id='8535161914' timestamp='2026-03-13T00:06:30Z' uid='274857' user='Supaplex' visible='true' version='3' changeset='179781261' lat='24.1820273' lon='120.6472322'>
    <tag k='addr:TW:dataset' v='137998' />
    <tag k='addr:city' v='臺中市' />
    <tag k='addr:country' v='TW' />
    <tag k='addr:district' v='西屯區' />
    <tag k='addr:full' v='臺中市西屯區西平里6鄰西安街259之1號' />
    <tag k='addr:hamlet' v='西平里' />
    <tag k='addr:housenumber' v='259之1號' />
    <tag k='addr:neighbourhood' v='6鄰' />
    <tag k='addr:street' v='西安街' />
  </node>
  <node id='8535161916' timestamp='2026-03-13T00:06:30Z' uid='274857' user='Supaplex' visible='true' version='3' changeset='179781261' lat='24.1820282' lon='120.6472735'>
    <tag k='addr:TW:dataset' v='137998' />
    <tag k='addr:city' v='臺中市' />
    <tag k='addr:country' v='TW' />
    <tag k='addr:district' v='西屯區' />
    <tag k='addr:full' v='臺中市西屯區西平里6鄰西安街259之2號' />
    <tag k='addr:hamlet' v='西平里' />
    <tag k='addr:housenumber' v='259之2號' />
    <tag k='addr:neighbourhood' v='6鄰' />
    <tag k='addr:street' v='西安街' />
  </node>
  <node id='8535161917' timestamp='2026-03-13T00:06:30Z' uid='274857' user='Supaplex' visible='true' version='3' changeset='179781261' lat='24.1820298' lon='120.6473533'>
    <tag k='addr:TW:dataset' v='137998' />
    <tag k='addr:city' v='臺中市' />
    <tag k='addr:country' v='TW' />
    <tag k='addr:district' v='西屯區' />
    <tag k='addr:full' v='臺中市西屯區西平里6鄰西安街259之4號' />
    <tag k='addr:hamlet' v='西平里' />
    <tag k='addr:housenumber' v='259之4號' />
    <tag k='addr:neighbourhood' v='6鄰' />
    <tag k='addr:street' v='西安街' />
  </node>
  <node id='8535163751' timestamp='2026-03-13T00:06:41Z' uid='274857' user='Supaplex' visible='true' version='3' changeset='179781262' lat='24.1790038' lon='120.6463725'>
    <tag k='addr:TW:dataset' v='137998' />
    <tag k='addr:city' v='臺中市' />
    <tag k='addr:country' v='TW' />
    <tag k='addr:district' v='西屯區' />
    <tag k='addr:full' v='臺中市西屯區西平里25鄰逢甲路2之2號' />
    <tag k='addr:hamlet' v='西平里' />
    <tag k='addr:housenumber' v='2之2號' />
    <tag k='addr:neighbourhood' v='25鄰' />
    <tag k='addr:street' v='逢甲路' />
  </node>
  <node id='8535163752' timestamp='2026-03-13T00:06:41Z' uid='274857' user='Supaplex' visible='true' version='3' changeset='179781262' lat='24.1790038' lon='120.6463725'>
    <tag k='addr:TW:dataset' v='137998' />
    <tag k='addr:city' v='臺中市' />
    <tag k='addr:country' v='TW' />
    <tag k='addr:district' v='西屯區' />
    <tag k='addr:full' v='臺中市西屯區西平里25鄰逢甲路2號' />
    <tag k='addr:hamlet' v='西平里' />
    <tag k='addr:housenumber' v='2號' />
    <tag k='addr:neighbourhood' v='25鄰' />
    <tag k='addr:street' v='逢甲路' />
  </node>
  <node id='8535163753' timestamp='2026-03-13T00:06:41Z' uid='274857' user='Supaplex' visible='true' version='3' changeset='179781262' lat='24.1790038' lon='120.6463725'>
    <tag k='addr:TW:dataset' v='137998' />
    <tag k='addr:city' v='臺中市' />
    <tag k='addr:country' v='TW' />
    <tag k='addr:district' v='西屯區' />
    <tag k='addr:full' v='臺中市西屯區西平里25鄰逢甲路2之4號' />
    <tag k='addr:hamlet' v='西平里' />
    <tag k='addr:housenumber' v='2之4號' />
    <tag k='addr:neighbourhood' v='25鄰' />
    <tag k='addr:street' v='逢甲路' />
  </node>
  <node id='8535163754' timestamp='2026-03-13T00:06:41Z' uid='274857' user='Supaplex' visible='true' version='3' changeset='179781262' lat='24.1790038' lon='120.6463725'>
    <tag k='addr:TW:dataset' v='137998' />
    <tag k='addr:city' v='臺中市' />
    <tag k='addr:country' v='TW' />
    <tag k='addr:district' v='西屯區' />
    <tag k='addr:full' v='臺中市西屯區西平里25鄰逢甲路2之3號' />
    <tag k='addr:hamlet' v='西平里' />
    <tag k='addr:housenumber' v='2之3號' />
    <tag k='addr:neighbourhood' v='25鄰' />
    <tag k='addr:street' v='逢甲路' />
  </node>
  <node id='8535163755' timestamp='2026-03-13T00:06:41Z' uid='274857' user='Supaplex' visible='true' version='3' changeset='179781262' lat='24.1790038' lon='120.6463725'>
    <tag k='addr:TW:dataset' v='137998' />
    <tag k='addr:city' v='臺中市' />
    <tag k='addr:country' v='TW' />
    <tag k='addr:district' v='西屯區' />
    <tag k='addr:full' v='臺中市西屯區西平里25鄰逢甲路2之1號' />
    <tag k='addr:hamlet' v='西平里' />
    <tag k='addr:housenumber' v='2之1號' />
    <tag k='addr:neighbourhood' v='25鄰' />
    <tag k='addr:street' v='逢甲路' />
  </node>
  <node id='8535163756' timestamp='2026-03-13T00:06:41Z' uid='274857' user='Supaplex' visible='true' version='3' changeset='179781262' lat='24.1790006' lon='120.6462964'>
    <tag k='addr:TW:dataset' v='137998' />
    <tag k='addr:city' v='臺中市' />
    <tag k='addr:country' v='TW' />
    <tag k='addr:district' v='西屯區' />
    <tag k='addr:full' v='臺中市西屯區西平里25鄰逢甲路4之1號' />
    <tag k='addr:hamlet' v='西平里' />
    <tag k='addr:housenumber' v='4之1號' />
    <tag k='addr:neighbourhood' v='25鄰' />
    <tag k='addr:street' v='逢甲路' />
  </node>
  <node id='8535163757' timestamp='2026-03-13T00:06:41Z' uid='274857' user='Supaplex' visible='true' version='3' changeset='179781262' lat='24.1790006' lon='120.6462964'>
    <tag k='addr:TW:dataset' v='137998' />
    <tag k='addr:city' v='臺中市' />
    <tag k='addr:country' v='TW' />
    <tag k='addr:district' v='西屯區' />
    <tag k='addr:full' v='臺中市西屯區西平里25鄰逢甲路4之4號' />
    <tag k='addr:hamlet' v='西平里' />
    <tag k='addr:housenumber' v='4之4號' />
    <tag k='addr:neighbourhood' v='25鄰' />
    <tag k='addr:street' v='逢甲路' />
  </node>
  <node id='8535163758' timestamp='2026-03-13T00:06:41Z' uid='274857' user='Supaplex' visible='true' version='3' changeset='179781262' lat='24.1790006' lon='120.6462964'>
    <tag k='addr:TW:dataset' v='137998' />
    <tag k='addr:city' v='臺中市' />
    <tag k='addr:country' v='TW' />
    <tag k='addr:district' v='西屯區' />
    <tag k='addr:full' v='臺中市西屯區西平里25鄰逢甲路4之2號' />
    <tag k='addr:hamlet' v='西平里' />
    <tag k='addr:housenumber' v='4之2號' />
    <tag k='addr:neighbourhood' v='25鄰' />
    <tag k='addr:street' v='逢甲路' />
  </node>
  <node id='8535163759' timestamp='2026-03-13T00:06:41Z' uid='274857' user='Supaplex' visible='true' version='3' changeset='179781262' lat='24.1790006' lon='120.6462964'>
    <tag k='addr:TW:dataset' v='137998' />
    <tag k='addr:city' v='臺中市' />
    <tag k='addr:country' v='TW' />
    <tag k='addr:district' v='西屯區' />
    <tag k='addr:full' v='臺中市西屯區西平里25鄰逢甲路4號' />
    <tag k='addr:hamlet' v='西平里' />
    <tag k='addr:housenumber' v='4號' />
    <tag k='addr:neighbourhood' v='25鄰' />
    <tag k='addr:street' v='逢甲路' />
  </node>
  <node id='8535163760' timestamp='2026-03-13T00:06:41Z' uid='274857' user='Supaplex' visible='true' version='3' changeset='179781262' lat='24.1790006' lon='120.6462964'>
    <tag k='addr:TW:dataset' v='137998' />
    <tag k='addr:city' v='臺中市' />
    <tag k='addr:country' v='TW' />
    <tag k='addr:district' v='西屯區' />
    <tag k='addr:full' v='臺中市西屯區西平里25鄰逢甲路4之3號' />
    <tag k='addr:hamlet' v='西平里' />
    <tag k='addr:housenumber' v='4之3號' />
    <tag k='addr:neighbourhood' v='25鄰' />
    <tag k='addr:street' v='逢甲路' />
  </node>
  <node id='8535163761' timestamp='2026-03-13T00:06:41Z' uid='274857' user='Supaplex' visible='true' version='3' changeset='179781262' lat='24.1790104' lon='120.6462274'>
    <tag k='addr:TW:dataset' v='137998' />
    <tag k='addr:city' v='臺中市' />
    <tag k='addr:country' v='TW' />
    <tag k='addr:district' v='西屯區' />
    <tag k='addr:full' v='臺中市西屯區西平里25鄰逢甲路6號' />
    <tag k='addr:hamlet' v='西平里' />
    <tag k='addr:housenumber' v='6號' />
    <tag k='addr:neighbourhood' v='25鄰' />
    <tag k='addr:street' v='逢甲路' />
  </node>
  <node id='8535163762' timestamp='2026-03-13T00:06:41Z' uid='274857' user='Supaplex' visible='true' version='3' changeset='179781262' lat='24.1790104' lon='120.6462274'>
    <tag k='addr:TW:dataset' v='137998' />
    <tag k='addr:city' v='臺中市' />
    <tag k='addr:country' v='TW' />
    <tag k='addr:district' v='西屯區' />
    <tag k='addr:full' v='臺中市西屯區西平里25鄰逢甲路6之2號' />
    <tag k='addr:hamlet' v='西平里' />
    <tag k='addr:housenumber' v='6之2號' />
    <tag k='addr:neighbourhood' v='25鄰' />
    <tag k='addr:street' v='逢甲路' />
  </node>
  <node id='8535163763' timestamp='2026-03-13T00:06:41Z' uid='274857' user='Supaplex' visible='true' version='3' changeset='179781262' lat='24.1790104' lon='120.6462274'>
    <tag k='addr:TW:dataset' v='137998' />
    <tag k='addr:city' v='臺中市' />
    <tag k='addr:country' v='TW' />
    <tag k='addr:district' v='西屯區' />
    <tag k='addr:full' v='臺中市西屯區西平里25鄰逢甲路6之4號' />
    <tag k='addr:hamlet' v='西平里' />
    <tag k='addr:housenumber' v='6之4號' />
    <tag k='addr:neighbourhood' v='25鄰' />
    <tag k='addr:street' v='逢甲路' />
  </node>
  <node id='8535163764' timestamp='2026-03-13T00:06:41Z' uid='274857' user='Supaplex' visible='true' version='3' changeset='179781262' lat='24.1790104' lon='120.6462274'>
    <tag k='addr:TW:dataset' v='137998' />
    <tag k='addr:city' v='臺中市' />
    <tag k='addr:country' v='TW' />
    <tag k='addr:district' v='西屯區' />
    <tag k='addr:full' v='臺中市西屯區西平里25鄰逢甲路6之1號' />
    <tag k='addr:hamlet' v='西平里' />
    <tag k='addr:housenumber' v='6之1號' />
    <tag k='addr:neighbourhood' v='25鄰' />
    <tag k='addr:street' v='逢甲路' />
  </node>
  <node id='8535163765' timestamp='2026-03-13T00:06:41Z' uid='274857' user='Supaplex' visible='true' version='3' changeset='179781262' lat='24.1790104' lon='120.6462274'>
    <tag k='addr:TW:dataset' v='137998' />
    <tag k='addr:city' v='臺中市' />
    <tag k='addr:country' v='TW' />
    <tag k='addr:district' v='西屯區' />
    <tag k='addr:full' v='臺中市西屯區西平里25鄰逢甲路6之5號' />
    <tag k='addr:hamlet' v='西平里' />
    <tag k='addr:housenumber' v='6之5號' />
    <tag k='addr:neighbourhood' v='25鄰' />
    <tag k='addr:street' v='逢甲路' />
  </node>
  <node id='8535163766' timestamp='2026-03-13T00:06:41Z' uid='274857' user='Supaplex' visible='true' version='3' changeset='179781262' lat='24.1790104' lon='120.6462274'>
    <tag k='addr:TW:dataset' v='137998' />
    <tag k='addr:city' v='臺中市' />
    <tag k='addr:country' v='TW' />
    <tag k='addr:district' v='西屯區' />
    <tag k='addr:full' v='臺中市西屯區西平里25鄰逢甲路6之7號' />
    <tag k='addr:hamlet' v='西平里' />
    <tag k='addr:housenumber' v='6之7號' />
    <tag k='addr:neighbourhood' v='25鄰' />
    <tag k='addr:street' v='逢甲路' />
  </node>
  <node id='8535163767' timestamp='2026-03-13T00:06:41Z' uid='274857' user='Supaplex' visible='true' version='3' changeset='179781262' lat='24.1790104' lon='120.6462274'>
    <tag k='addr:TW:dataset' v='137998' />
    <tag k='addr:city' v='臺中市' />
    <tag k='addr:country' v='TW' />
    <tag k='addr:district' v='西屯區' />
    <tag k='addr:full' v='臺中市西屯區西平里25鄰逢甲路6之8號' />
    <tag k='addr:hamlet' v='西平里' />
    <tag k='addr:housenumber' v='6之8號' />
    <tag k='addr:neighbourhood' v='25鄰' />
    <tag k='addr:street' v='逢甲路' />
  </node>
  <node id='8535163768' timestamp='2026-03-13T00:06:41Z' uid='274857' user='Supaplex' visible='true' version='3' changeset='179781262' lat='24.1790104' lon='120.6462274'>
    <tag k='addr:TW:dataset' v='137998' />
    <tag k='addr:city' v='臺中市' />
    <tag k='addr:country' v='TW' />
    <tag k='addr:district' v='西屯區' />
    <tag k='addr:full' v='臺中市西屯區西平里25鄰逢甲路6之6號' />
    <tag k='addr:hamlet' v='西平里' />
    <tag k='addr:housenumber' v='6之6號' />
    <tag k='addr:neighbourhood' v='25鄰' />
    <tag k='addr:street' v='逢甲路' />
  </node>
  <node id='8535163769' timestamp='2026-03-13T00:06:41Z' uid='274857' user='Supaplex' visible='true' version='3' changeset='179781262' lat='24.1790104' lon='120.6462274'>
    <tag k='addr:TW:dataset' v='137998' />
    <tag k='addr:city' v='臺中市' />
    <tag k='addr:country' v='TW' />
    <tag k='addr:district' v='西屯區' />
    <tag k='addr:full' v='臺中市西屯區西平里25鄰逢甲路6之3號' />
    <tag k='addr:hamlet' v='西平里' />
    <tag k='addr:housenumber' v='6之3號' />
    <tag k='addr:neighbourhood' v='25鄰' />
    <tag k='addr:street' v='逢甲路' />
  </node>
  <node id='8535215371' timestamp='2026-03-13T00:07:22Z' uid='274857' user='Supaplex' visible='true' version='3' changeset='179781274' lat='24.1781207' lon='120.6463404'>
    <tag k='addr:TW:dataset' v='137998' />
    <tag k='addr:city' v='臺中市' />
    <tag k='addr:country' v='TW' />
    <tag k='addr:district' v='西屯區' />
    <tag k='addr:full' v='臺中市西屯區逢福里29鄰文華路83號' />
    <tag k='addr:hamlet' v='逢福里' />
    <tag k='addr:housenumber' v='83號' />
    <tag k='addr:neighbourhood' v='29鄰' />
    <tag k='addr:street' v='文華路' />
  </node>
  <node id='8535215372' timestamp='2026-03-13T00:07:22Z' uid='274857' user='Supaplex' visible='true' version='3' changeset='179781274' lat='24.178168' lon='120.6463731'>
    <tag k='addr:TW:dataset' v='137998' />
    <tag k='addr:city' v='臺中市' />
    <tag k='addr:country' v='TW' />
    <tag k='addr:district' v='西屯區' />
    <tag k='addr:full' v='臺中市西屯區逢福里29鄰文華路85號' />
    <tag k='addr:hamlet' v='逢福里' />
    <tag k='addr:housenumber' v='85號' />
    <tag k='addr:neighbourhood' v='29鄰' />
    <tag k='addr:street' v='文華路' />
  </node>
  <node id='8535215373' timestamp='2026-03-13T00:07:22Z' uid='274857' user='Supaplex' visible='true' version='3' changeset='179781274' lat='24.1782071' lon='120.6463909'>
    <tag k='addr:TW:dataset' v='137998' />
    <tag k='addr:city' v='臺中市' />
    <tag k='addr:country' v='TW' />
    <tag k='addr:district' v='西屯區' />
    <tag k='addr:full' v='臺中市西屯區逢福里29鄰文華路85之1號' />
    <tag k='addr:hamlet' v='逢福里' />
    <tag k='addr:housenumber' v='85之1號' />
    <tag k='addr:neighbourhood' v='29鄰' />
    <tag k='addr:street' v='文華路' />
  </node>
  <node id='8535215374' timestamp='2026-03-13T00:07:22Z' uid='274857' user='Supaplex' visible='true' version='3' changeset='179781274' lat='24.1782517' lon='120.6463856'>
    <tag k='addr:TW:dataset' v='137998' />
    <tag k='addr:city' v='臺中市' />
    <tag k='addr:country' v='TW' />
    <tag k='addr:district' v='西屯區' />
    <tag k='addr:full' v='臺中市西屯區逢福里29鄰文華路85之2號' />
    <tag k='addr:hamlet' v='逢福里' />
    <tag k='addr:housenumber' v='85之2號' />
    <tag k='addr:neighbourhood' v='29鄰' />
    <tag k='addr:street' v='文華路' />
  </node>
  <node id='8535215375' timestamp='2026-03-13T00:07:22Z' uid='274857' user='Supaplex' visible='true' version='3' changeset='179781274' lat='24.1783122' lon='120.6463488'>
    <tag k='addr:TW:dataset' v='137998' />
    <tag k='addr:city' v='臺中市' />
    <tag k='addr:country' v='TW' />
    <tag k='addr:district' v='西屯區' />
    <tag k='addr:full' v='臺中市西屯區逢福里29鄰文華路91號' />
    <tag k='addr:hamlet' v='逢福里' />
    <tag k='addr:housenumber' v='91號' />
    <tag k='addr:neighbourhood' v='29鄰' />
    <tag k='addr:street' v='文華路' />
  </node>
  <node id='8535215376' timestamp='2026-03-13T00:07:22Z' uid='274857' user='Supaplex' visible='true' version='3' changeset='179781274' lat='24.178353' lon='120.6463443'>
    <tag k='addr:TW:dataset' v='137998' />
    <tag k='addr:city' v='臺中市' />
    <tag k='addr:country' v='TW' />
    <tag k='addr:district' v='西屯區' />
    <tag k='addr:full' v='臺中市西屯區逢福里29鄰文華路91之1號' />
    <tag k='addr:hamlet' v='逢福里' />
    <tag k='addr:housenumber' v='91之1號' />
    <tag k='addr:neighbourhood' v='29鄰' />
    <tag k='addr:street' v='文華路' />
  </node>
  <node id='8535215377' timestamp='2026-03-13T00:07:22Z' uid='274857' user='Supaplex' visible='true' version='3' changeset='179781274' lat='24.1783895' lon='120.6463453'>
    <tag k='addr:TW:dataset' v='137998' />
    <tag k='addr:city' v='臺中市' />
    <tag k='addr:country' v='TW' />
    <tag k='addr:district' v='西屯區' />
    <tag k='addr:full' v='臺中市西屯區逢福里29鄰文華路91之2號' />
    <tag k='addr:hamlet' v='逢福里' />
    <tag k='addr:housenumber' v='91之2號' />
    <tag k='addr:neighbourhood' v='29鄰' />
    <tag k='addr:street' v='文華路' />
  </node>
  <node id='8535215378' timestamp='2026-03-13T00:07:22Z' uid='274857' user='Supaplex' visible='true' version='3' changeset='179781274' lat='24.1784277' lon='120.6463419'>
    <tag k='addr:TW:dataset' v='137998' />
    <tag k='addr:city' v='臺中市' />
    <tag k='addr:country' v='TW' />
    <tag k='addr:district' v='西屯區' />
    <tag k='addr:full' v='臺中市西屯區逢福里29鄰文華路91之3號' />
    <tag k='addr:hamlet' v='逢福里' />
    <tag k='addr:housenumber' v='91之3號' />
    <tag k='addr:neighbourhood' v='29鄰' />
    <tag k='addr:street' v='文華路' />
  </node>
  <node id='8535215379' timestamp='2026-03-13T00:07:22Z' uid='274857' user='Supaplex' visible='true' version='3' changeset='179781274' lat='24.1784919' lon='120.6463285'>
    <tag k='addr:TW:dataset' v='137998' />
    <tag k='addr:city' v='臺中市' />
    <tag k='addr:country' v='TW' />
    <tag k='addr:district' v='西屯區' />
    <tag k='addr:full' v='臺中市西屯區逢福里29鄰文華路93號' />
    <tag k='addr:hamlet' v='逢福里' />
    <tag k='addr:housenumber' v='93號' />
    <tag k='addr:neighbourhood' v='29鄰' />
    <tag k='addr:street' v='文華路' />
  </node>
  <node id='8535215380' timestamp='2026-03-13T00:07:22Z' uid='274857' user='Supaplex' visible='true' version='3' changeset='179781274' lat='24.1785517' lon='120.646319'>
    <tag k='addr:TW:dataset' v='137998' />
    <tag k='addr:city' v='臺中市' />
    <tag k='addr:country' v='TW' />
    <tag k='addr:district' v='西屯區' />
    <tag k='addr:full' v='臺中市西屯區逢福里29鄰文華路95號' />
    <tag k='addr:hamlet' v='逢福里' />
    <tag k='addr:housenumber' v='95號' />
    <tag k='addr:neighbourhood' v='29鄰' />
    <tag k='addr:street' v='文華路' />
  </node>
  <node id='8535215381' timestamp='2026-03-13T00:07:22Z' uid='274857' user='Supaplex' visible='true' version='3' changeset='179781274' lat='24.1785939' lon='120.6463173'>
    <tag k='addr:TW:dataset' v='137998' />
    <tag k='addr:city' v='臺中市' />
    <tag k='addr:country' v='TW' />
    <tag k='addr:district' v='西屯區' />
    <tag k='addr:full' v='臺中市西屯區逢福里29鄰文華路97號' />
    <tag k='addr:hamlet' v='逢福里' />
    <tag k='addr:housenumber' v='97號' />
    <tag k='addr:neighbourhood' v='29鄰' />
    <tag k='addr:street' v='文華路' />
  </node>
  <node id='8535215382' timestamp='2026-03-13T00:07:22Z' uid='274857' user='Supaplex' visible='true' version='3' changeset='179781274' lat='24.178635' lon='120.6463251'>
    <tag k='addr:TW:dataset' v='137998' />
    <tag k='addr:city' v='臺中市' />
    <tag k='addr:country' v='TW' />
    <tag k='addr:district' v='西屯區' />
    <tag k='addr:full' v='臺中市西屯區逢福里29鄰文華路99號' />
    <tag k='addr:hamlet' v='逢福里' />
    <tag k='addr:housenumber' v='99號' />
    <tag k='addr:neighbourhood' v='29鄰' />
    <tag k='addr:street' v='文華路' />
  </node>
  <node id='8535215383' timestamp='2026-03-13T00:07:22Z' uid='274857' user='Supaplex' visible='true' version='3' changeset='179781274' lat='24.1787078' lon='120.6463641'>
    <tag k='addr:TW:dataset' v='137998' />
    <tag k='addr:city' v='臺中市' />
    <tag k='addr:country' v='TW' />
    <tag k='addr:district' v='西屯區' />
    <tag k='addr:full' v='臺中市西屯區逢福里29鄰文華路99之2號' />
    <tag k='addr:hamlet' v='逢福里' />
    <tag k='addr:housenumber' v='99之2號' />
    <tag k='addr:neighbourhood' v='29鄰' />
    <tag k='addr:street' v='文華路' />
  </node>
  <node id='8535216024' timestamp='2026-03-13T00:07:22Z' uid='274857' user='Supaplex' visible='true' version='3' changeset='179781274' lat='24.1787063' lon='120.6462968'>
    <tag k='addr:TW:dataset' v='137998' />
    <tag k='addr:city' v='臺中市' />
    <tag k='addr:country' v='TW' />
    <tag k='addr:district' v='西屯區' />
    <tag k='addr:full' v='臺中市西屯區逢福里29鄰逢甲路1號' />
    <tag k='addr:hamlet' v='逢福里' />
    <tag k='addr:housenumber' v='1號' />
    <tag k='addr:neighbourhood' v='29鄰' />
    <tag k='addr:street' v='逢甲路' />
  </node>
  <node id='8535216025' timestamp='2026-03-13T00:07:22Z' uid='274857' user='Supaplex' visible='true' version='3' changeset='179781274' lat='24.1786846' lon='120.6462517'>
    <tag k='addr:TW:dataset' v='137998' />
    <tag k='addr:city' v='臺中市' />
    <tag k='addr:country' v='TW' />
    <tag k='addr:district' v='西屯區' />
    <tag k='addr:full' v='臺中市西屯區逢福里29鄰逢甲路3號' />
    <tag k='addr:hamlet' v='逢福里' />
    <tag k='addr:housenumber' v='3號' />
    <tag k='addr:neighbourhood' v='29鄰' />
    <tag k='addr:street' v='逢甲路' />
  </node>
  <node id='8535216026' timestamp='2026-03-13T00:07:22Z' uid='274857' user='Supaplex' visible='true' version='3' changeset='179781274' lat='24.1786758' lon='120.6462076'>
    <tag k='addr:TW:dataset' v='137998' />
    <tag k='addr:city' v='臺中市' />
    <tag k='addr:country' v='TW' />
    <tag k='addr:district' v='西屯區' />
    <tag k='addr:full' v='臺中市西屯區逢福里29鄰逢甲路5號' />
    <tag k='addr:hamlet' v='逢福里' />
    <tag k='addr:housenumber' v='5號' />
    <tag k='addr:neighbourhood' v='29鄰' />
    <tag k='addr:street' v='逢甲路' />
  </node>
  <node id='8535216069' timestamp='2026-03-13T00:07:22Z' uid='274857' user='Supaplex' visible='true' version='3' changeset='179781274' lat='24.1783428' lon='120.6461938'>
    <tag k='addr:TW:dataset' v='137998' />
    <tag k='addr:city' v='臺中市' />
    <tag k='addr:country' v='TW' />
    <tag k='addr:district' v='西屯區' />
    <tag k='addr:full' v='臺中市西屯區逢福里29鄰逢甲路19巷17之20號' />
    <tag k='addr:hamlet' v='逢福里' />
    <tag k='addr:housenumber' v='17之20號' />
    <tag k='addr:neighbourhood' v='29鄰' />
    <tag k='addr:street' v='逢甲路19巷' />
  </node>
  <node id='8535216086' timestamp='2026-03-13T00:07:22Z' uid='274857' user='Supaplex' visible='true' version='3' changeset='179781274' lat='24.1781259' lon='120.6462055'>
    <tag k='addr:TW:dataset' v='137998' />
    <tag k='addr:city' v='臺中市' />
    <tag k='addr:country' v='TW' />
    <tag k='addr:district' v='西屯區' />
    <tag k='addr:full' v='臺中市西屯區逢福里29鄰逢甲路19巷19之16號' />
    <tag k='addr:hamlet' v='逢福里' />
    <tag k='addr:housenumber' v='19之16號' />
    <tag k='addr:neighbourhood' v='29鄰' />
    <tag k='addr:street' v='逢甲路19巷' />
  </node>
  <node id='8535216087' timestamp='2026-03-13T00:07:22Z' uid='274857' user='Supaplex' visible='true' version='3' changeset='179781274' lat='24.1781444' lon='120.6462241'>
    <tag k='addr:TW:dataset' v='137998' />
    <tag k='addr:city' v='臺中市' />
    <tag k='addr:country' v='TW' />
    <tag k='addr:district' v='西屯區' />
    <tag k='addr:full' v='臺中市西屯區逢福里29鄰逢甲路19巷19之17號' />
    <tag k='addr:hamlet' v='逢福里' />
    <tag k='addr:housenumber' v='19之17號' />
    <tag k='addr:neighbourhood' v='29鄰' />
    <tag k='addr:street' v='逢甲路19巷' />
  </node>
  <node id='8535216088' timestamp='2026-03-13T00:07:22Z' uid='274857' user='Supaplex' visible='true' version='3' changeset='179781274' lat='24.1781787' lon='120.6462517'>
    <tag k='addr:TW:dataset' v='137998' />
    <tag k='addr:city' v='臺中市' />
    <tag k='addr:country' v='TW' />
    <tag k='addr:district' v='西屯區' />
    <tag k='addr:full' v='臺中市西屯區逢福里29鄰逢甲路19巷19之18號' />
    <tag k='addr:hamlet' v='逢福里' />
    <tag k='addr:housenumber' v='19之18號' />
    <tag k='addr:neighbourhood' v='29鄰' />
    <tag k='addr:street' v='逢甲路19巷' />
  </node>
  <node id='8535216089' timestamp='2026-03-13T00:07:22Z' uid='274857' user='Supaplex' visible='true' version='3' changeset='179781274' lat='24.1782107' lon='120.6461926'>
    <tag k='addr:TW:dataset' v='137998' />
    <tag k='addr:city' v='臺中市' />
    <tag k='addr:country' v='TW' />
    <tag k='addr:district' v='西屯區' />
    <tag k='addr:full' v='臺中市西屯區逢福里29鄰逢甲路19巷19之19號' />
    <tag k='addr:hamlet' v='逢福里' />
    <tag k='addr:housenumber' v='19之19號' />
    <tag k='addr:neighbourhood' v='29鄰' />
    <tag k='addr:street' v='逢甲路19巷' />
  </node>
  <node id='8535216093' timestamp='2026-03-13T00:07:22Z' uid='274857' user='Supaplex' visible='true' version='3' changeset='179781274' lat='24.1782477' lon='120.6462045'>
    <tag k='addr:TW:dataset' v='137998' />
    <tag k='addr:city' v='臺中市' />
    <tag k='addr:country' v='TW' />
    <tag k='addr:district' v='西屯區' />
    <tag k='addr:full' v='臺中市西屯區逢福里29鄰逢甲路19巷19之23號' />
    <tag k='addr:hamlet' v='逢福里' />
    <tag k='addr:housenumber' v='19之23號' />
    <tag k='addr:neighbourhood' v='29鄰' />
    <tag k='addr:street' v='逢甲路19巷' />
  </node>
  <node id='8535265547' timestamp='2026-03-13T00:08:13Z' uid='274857' user='Supaplex' visible='true' version='3' changeset='179781296' lat='24.1793096' lon='120.6499907'>
    <tag k='addr:TW:dataset' v='137998' />
    <tag k='addr:city' v='臺中市' />
    <tag k='addr:country' v='TW' />
    <tag k='addr:district' v='西屯區' />
    <tag k='addr:full' v='臺中市西屯區鵬程里12鄰文華路100號' />
    <tag k='addr:hamlet' v='鵬程里' />
    <tag k='addr:housenumber' v='100號' />
    <tag k='addr:neighbourhood' v='12鄰' />
    <tag k='addr:street' v='文華路' />
  </node>
  <node id='8535564761' timestamp='2026-03-13T00:11:51Z' uid='274857' user='Supaplex' visible='true' version='3' changeset='179781367' lat='24.1781619' lon='120.6509172'>
    <tag k='addr:TW:dataset' v='137998' />
    <tag k='addr:city' v='臺中市' />
    <tag k='addr:country' v='TW' />
    <tag k='addr:district' v='西屯區' />
    <tag k='addr:full' v='臺中市西屯區鵬程里12鄰逢大路98號' />
    <tag k='addr:hamlet' v='鵬程里' />
    <tag k='addr:housenumber' v='98號' />
    <tag k='addr:neighbourhood' v='12鄰' />
    <tag k='addr:street' v='逢大路' />
  </node>
  <node id='8535564869' timestamp='2026-03-13T00:11:51Z' uid='274857' user='Supaplex' visible='true' version='4' changeset='179781367' lat='24.1783379' lon='120.6496653'>
    <tag k='addr:TW:dataset' v='137998' />
    <tag k='addr:city' v='臺中市' />
    <tag k='addr:country' v='TW' />
    <tag k='addr:district' v='西屯區' />
    <tag k='addr:full' v='臺中市西屯區鵬程里12鄰逢大路127號' />
    <tag k='addr:hamlet' v='鵬程里' />
    <tag k='addr:housenumber' v='127號' />
    <tag k='addr:neighbourhood' v='12鄰' />
    <tag k='addr:street' v='逢大路' />
  </node>
  <node id='8792201293' timestamp='2021-06-02T14:30:57Z' uid='1439333' user='Littlebtc' visible='true' version='1' changeset='105725831' lat='24.1884696' lon='120.6519237' />
  <node id='8792220777' timestamp='2021-06-02T14:30:57Z' uid='1439333' user='Littlebtc' visible='true' version='1' changeset='105725831' lat='24.1922742' lon='120.6542104' />
  <node id='8804423808' timestamp='2021-06-04T14:04:44Z' uid='1439333' user='Littlebtc' visible='true' version='1' changeset='105843895' lat='24.1935934' lon='120.6533154' />
  <node id='8804423809' timestamp='2021-06-04T14:04:44Z' uid='1439333' user='Littlebtc' visible='true' version='1' changeset='105843895' lat='24.1929854' lon='120.6517155' />
  <node id='8806937646' timestamp='2025-01-08T11:01:41Z' uid='4292387' user='Jaller' visible='true' version='2' changeset='161128835' lat='24.1804698' lon='120.6450854'>
    <tag k='highway' v='traffic_signals' />
    <tag k='traffic_signals:direction' v='both' />
  </node>
  <node id='8806937653' timestamp='2026-07-08T16:17:26Z' uid='12620959' user='twF6wdEYwL' visible='true' version='3' changeset='185352361' lat='24.1774235' lon='120.6466141'>
    <tag k='highway' v='crossing' />
  </node>
  <node id='8806973384' timestamp='2021-06-05T13:55:51Z' uid='1439333' user='Littlebtc' visible='true' version='1' changeset='105883489' lat='24.1788831' lon='120.6466457' />
  <node id='8806973385' timestamp='2021-06-05T13:55:51Z' uid='1439333' user='Littlebtc' visible='true' version='1' changeset='105883489' lat='24.1787253' lon='120.6466613' />
  <node id='8806973386' timestamp='2021-06-05T13:55:51Z' uid='1439333' user='Littlebtc' visible='true' version='1' changeset='105883489' lat='24.1789008' lon='120.6452261' />
  <node id='8806973390' timestamp='2021-06-05T13:55:51Z' uid='1439333' user='Littlebtc' visible='true' version='1' changeset='105883489' lat='24.1788976' lon='120.6457261' />
  <node id='8806973395' timestamp='2025-06-21T01:50:58Z' uid='18325668' user='EMU800' visible='true' version='2' changeset='167895697' lat='24.1788258' lon='120.6464841'>
    <tag k='highway' v='traffic_signals' />
    <tag k='traffic_signals' v='signal' />
  </node>
  <node id='8806973396' timestamp='2021-06-05T13:55:51Z' uid='1439333' user='Littlebtc' visible='true' version='1' changeset='105883489' lat='24.1788268' lon='120.6463945'>
    <tag k='highway' v='crossing' />
  </node>
  <node id='8806973397' timestamp='2021-06-05T13:55:51Z' uid='1439333' user='Littlebtc' visible='true' version='1' changeset='105883489' lat='24.1787516' lon='120.6463965' />
  <node id='8806973398' timestamp='2021-06-05T13:55:51Z' uid='1439333' user='Littlebtc' visible='true' version='1' changeset='105883489' lat='24.1787483' lon='120.645732' />
  <node id='8806973399' timestamp='2021-06-05T13:55:51Z' uid='1439333' user='Littlebtc' visible='true' version='1' changeset='105883489' lat='24.1787509' lon='120.6461145' />
  <node id='8806973400' timestamp='2024-08-26T18:56:03Z' uid='12620959' user='twF6wdEYwL' visible='true' version='2' changeset='155798037' lat='24.1787532' lon='120.6464834'>
    <tag k='highway' v='crossing' />
  </node>
  <node id='8806973402' timestamp='2021-06-05T13:55:51Z' uid='1439333' user='Littlebtc' visible='true' version='1' changeset='105883489' lat='24.1780951' lon='120.6461323' />
  <node id='8806973403' timestamp='2021-06-05T13:55:51Z' uid='1439333' user='Littlebtc' visible='true' version='1' changeset='105883489' lat='24.1782279' lon='120.6462617' />
  <node id='8806973404' timestamp='2021-06-05T13:55:51Z' uid='1439333' user='Littlebtc' visible='true' version='1' changeset='105883489' lat='24.178278' lon='120.6462134' />
  <node id='8806973405' timestamp='2024-08-26T18:56:03Z' uid='12620959' user='twF6wdEYwL' visible='true' version='2' changeset='155798037' lat='24.1782852' lon='120.6465055' />
  <node id='8806973408' timestamp='2021-06-05T13:55:51Z' uid='1439333' user='Littlebtc' visible='true' version='1' changeset='105883489' lat='24.1788202' lon='120.6457324' />
  <node id='8806973409' timestamp='2021-06-05T13:55:51Z' uid='1439333' user='Littlebtc' visible='true' version='1' changeset='105883489' lat='24.1788611' lon='120.646058' />
  <node id='8806973411' timestamp='2021-06-05T13:55:51Z' uid='1439333' user='Littlebtc' visible='true' version='1' changeset='105883489' lat='24.1780345' lon='120.64579' />
  <node id='8806973412' timestamp='2021-06-05T13:55:51Z' uid='1439333' user='Littlebtc' visible='true' version='1' changeset='105883489' lat='24.1783251' lon='120.6462282' />
  <node id='8806973413' timestamp='2021-06-05T13:55:51Z' uid='1439333' user='Littlebtc' visible='true' version='1' changeset='105883489' lat='24.1783184' lon='120.6462604' />
  <node id='8807148800' timestamp='2021-06-05T15:30:51Z' uid='1439333' user='Littlebtc' visible='true' version='1' changeset='105887120' lat='24.1814246' lon='120.6461267' />
  <node id='8807148801' timestamp='2021-06-05T15:30:51Z' uid='1439333' user='Littlebtc' visible='true' version='1' changeset='105887120' lat='24.1814268' lon='120.6462946' />
  <node id='8807148802' timestamp='2021-06-05T15:30:51Z' uid='1439333' user='Littlebtc' visible='true' version='1' changeset='105887120' lat='24.1812205' lon='120.6462978' />
  <node id='8807148803' timestamp='2021-06-05T15:30:51Z' uid='1439333' user='Littlebtc' visible='true' version='1' changeset='105887120' lat='24.1812183' lon='120.64613' />
  <node id='8807148804' timestamp='2023-12-16T10:36:36Z' uid='274857' user='Supaplex' visible='true' version='2' changeset='145179258' lat='24.1809347' lon='120.6462832'>
    <tag k='amenity' v='cafe' />
    <tag k='brand' v='50嵐' />
    <tag k='brand:en' v='50 Lan' />
    <tag k='brand:wikidata' v='Q106926258' />
    <tag k='brand:zh' v='50嵐' />
    <tag k='cuisine' v='bubble_tea' />
    <tag k='name' v='50嵐' />
    <tag k='name:en' v='50 Lan' />
    <tag k='name:zh' v='50嵐' />
    <tag k='shop' v='beverages' />
    <tag k='takeaway' v='yes' />
  </node>
  <node id='8807148805' timestamp='2021-06-05T15:30:51Z' uid='1439333' user='Littlebtc' visible='true' version='1' changeset='105887120' lat='24.1810475' lon='120.6461286' />
  <node id='8807148806' timestamp='2021-06-05T15:30:51Z' uid='1439333' user='Littlebtc' visible='true' version='1' changeset='105887120' lat='24.1810477' lon='120.6461563' />
  <node id='8807148807' timestamp='2021-06-05T15:30:51Z' uid='1439333' user='Littlebtc' visible='true' version='1' changeset='105887120' lat='24.181093' lon='120.6461283' />
  <node id='8807148808' timestamp='2021-06-05T15:30:51Z' uid='1439333' user='Littlebtc' visible='true' version='1' changeset='105887120' lat='24.1810937' lon='120.6462654' />
  <node id='8807148809' timestamp='2021-06-05T15:30:51Z' uid='1439333' user='Littlebtc' visible='true' version='1' changeset='105887120' lat='24.1809987' lon='120.6463043' />
  <node id='8807148810' timestamp='2021-06-05T15:30:51Z' uid='1439333' user='Littlebtc' visible='true' version='1' changeset='105887120' lat='24.1810592' lon='120.6463039' />
  <node id='8807164259' timestamp='2021-06-05T15:30:51Z' uid='1439333' user='Littlebtc' visible='true' version='1' changeset='105887120' lat='24.1789579' lon='120.6462289'>
    <tag k='name' v='Good Old Days' />
    <tag k='shop' v='variety_store' />
  </node>
  <node id='8807164260' timestamp='2021-06-05T15:30:51Z' uid='1439333' user='Littlebtc' visible='true' version='1' changeset='105887120' lat='24.1790739' lon='120.6458513' />
  <node id='8807164261' timestamp='2021-06-05T15:30:51Z' uid='1439333' user='Littlebtc' visible='true' version='1' changeset='105887120' lat='24.1791155' lon='120.6458513' />
  <node id='8807164262' timestamp='2021-06-05T15:30:51Z' uid='1439333' user='Littlebtc' visible='true' version='1' changeset='105887120' lat='24.1791173' lon='120.6457856' />
  <node id='8807164263' timestamp='2021-06-05T15:30:51Z' uid='1439333' user='Littlebtc' visible='true' version='1' changeset='105887120' lat='24.1790763' lon='120.6457863' />
  <node id='8807164264' timestamp='2021-06-05T15:30:51Z' uid='1439333' user='Littlebtc' visible='true' version='1' changeset='105887120' lat='24.179072' lon='120.6457481' />
  <node id='8807164265' timestamp='2021-06-05T15:30:51Z' uid='1439333' user='Littlebtc' visible='true' version='1' changeset='105887120' lat='24.1789344' lon='120.6457461' />
  <node id='8807164266' timestamp='2021-06-05T15:30:51Z' uid='1439333' user='Littlebtc' visible='true' version='1' changeset='105887120' lat='24.1796121' lon='120.6461962' />
  <node id='8807164267' timestamp='2021-06-05T15:30:51Z' uid='1439333' user='Littlebtc' visible='true' version='1' changeset='105887120' lat='24.1796141' lon='120.6463991' />
  <node id='8807164268' timestamp='2021-06-05T15:30:51Z' uid='1439333' user='Littlebtc' visible='true' version='1' changeset='105887120' lat='24.1792418' lon='120.6464033' />
  <node id='8807164269' timestamp='2021-06-05T15:30:51Z' uid='1439333' user='Littlebtc' visible='true' version='1' changeset='105887120' lat='24.1792399' lon='120.6462005' />
  <node id='8862669363' timestamp='2021-06-24T09:37:42Z' uid='274857' user='Supaplex' visible='true' version='1' changeset='106889075' lat='24.1814067' lon='120.6465709'>
    <tag k='name' v='逢甲大學台灣智慧製造創新營運中心' />
    <tag k='office' v='research' />
    <tag k='short_name' v='TIMS' />
  </node>
  <node id='8932470490' timestamp='2021-07-19T09:16:05Z' uid='10696964' user='Tzchung' visible='true' version='2' changeset='108236469' lat='24.1788002' lon='120.6483461'>
    <tag k='artist_name' v='漢翔工業公司' />
    <tag k='artwork_type' v='sculpture' />
    <tag k='name' v='特技型飛機' />
    <tag k='tourism' v='artwork' />
  </node>
  <node id='9123368408' timestamp='2021-09-26T03:15:22Z' uid='1439333' user='Littlebtc' visible='true' version='1' changeset='111705836' lat='24.1777066' lon='120.650252' />
  <node id='9344083052' timestamp='2021-12-16T15:47:52Z' uid='12424494' user='lovelyfurball88' visible='true' version='1' changeset='115015162' lat='24.1801124' lon='120.64945' />
  <node id='9344083053' timestamp='2021-12-16T15:47:52Z' uid='12424494' user='lovelyfurball88' visible='true' version='1' changeset='115015162' lat='24.180245' lon='120.6494472' />
  <node id='9344083054' timestamp='2021-12-16T15:47:52Z' uid='12424494' user='lovelyfurball88' visible='true' version='1' changeset='115015162' lat='24.1802497' lon='120.6497206' />
  <node id='9344089938' timestamp='2021-12-16T15:47:06Z' uid='12424494' user='lovelyfurball88' visible='true' version='1' changeset='115015143' lat='24.1800943' lon='120.6491243' />
  <node id='9344089939' timestamp='2021-12-16T15:47:06Z' uid='12424494' user='lovelyfurball88' visible='true' version='1' changeset='115015143' lat='24.1799634' lon='120.6491268' />
  <node id='9344089940' timestamp='2021-12-16T15:47:06Z' uid='12424494' user='lovelyfurball88' visible='true' version='1' changeset='115015143' lat='24.179968' lon='120.6494181' />
  <node id='9344090762' timestamp='2021-12-16T15:46:10Z' uid='12424494' user='lovelyfurball88' visible='true' version='1' changeset='115015113' lat='24.1799603' lon='120.649098' />
  <node id='9344090763' timestamp='2021-12-16T15:46:10Z' uid='12424494' user='lovelyfurball88' visible='true' version='1' changeset='115015113' lat='24.1799586' lon='120.648824' />
  <node id='9344090764' timestamp='2021-12-16T15:46:10Z' uid='12424494' user='lovelyfurball88' visible='true' version='1' changeset='115015113' lat='24.1800897' lon='120.6488231' />
  <node id='9453528481' timestamp='2024-10-10T14:46:36Z' uid='9560399' user='Lepuse' visible='true' version='4' changeset='157719216' lat='24.17843' lon='120.65047'>
    <tag k='alt_name' v='YouBike2.0_逢大大鵬路口' />
    <tag k='alt_name:en' v='YouBike2.0_Fongda Rd. / Dapeng Rd.' />
    <tag k='alt_name:zh' v='YouBike2.0_逢大大鵬路口' />
    <tag k='alt_name:zh-Bopo' v='YouBike2.0_ㄈㄥˊㄉㄚˋㄉㄚˋㄆㄥˊㄌㄨˋㄎㄡˇ' />
    <tag k='alt_name:zh-Hans' v='YouBike2.0_逢大大鹏路口' />
    <tag k='alt_name:zh-Hant' v='YouBike2.0_逢大大鵬路口' />
    <tag k='alt_name:zh-Latn-pinyin' v='YouBike2.0_féngdàdàpénglùkǒu' />
    <tag k='amenity' v='bicycle_rental' />
    <tag k='authentication:app' v='yes' />
    <tag k='authentication:contactless' v='yes' />
    <tag k='authentication:membership_card' v='yes' />
    <tag k='bicycle_rental' v='docking_station' />
    <tag k='brand' v='YouBike 2.0' />
    <tag k='capacity' v='28' />
    <tag k='description' v='逢大路98號前' />
    <tag k='description:en' v='No.98, Fengda Rd.' />
    <tag k='description:zh' v='逢大路98號前' />
    <tag k='description:zh-Hans' v='逢大路98号前' />
    <tag k='description:zh-Hant' v='逢大路98號前' />
    <tag k='fee' v='yes' />
    <tag k='name' v='逢大大鵬路口' />
    <tag k='name:en' v='Fongda Rd. / Dapeng Rd.' />
    <tag k='name:zh' v='逢大大鵬路口' />
    <tag k='name:zh-Bopo' v='ㄈㄥˊㄉㄚˋㄉㄚˋㄆㄥˊㄌㄨˋㄎㄡˇ' />
    <tag k='name:zh-Hans' v='逢大大鹏路口' />
    <tag k='name:zh-Hant' v='逢大大鵬路口' />
    <tag k='name:zh-Latn-pinyin' v='féngdàdàpénglùkǒu' />
    <tag k='nat_ref' v='TXG500606054' />
    <tag k='network' v='YouBike微笑單車' />
    <tag k='network:en' v='YouBike' />
    <tag k='network:zh' v='微笑單車' />
    <tag k='opening_hours' v='24/7' />
    <tag k='payment:credit_cards' v='yes' />
    <tag k='payment:ep_easycard' v='yes' />
    <tag k='payment:ep_ipass' v='yes' />
    <tag k='payment:jcb' v='yes' />
    <tag k='payment:mastercard' v='yes' />
    <tag k='payment:visa' v='yes' />
    <tag k='ref' v='500606054' />
    <tag k='rental' v='city_bike' />
    <tag k='source' v='PTX' />
    <tag k='source:date' v='2022-01-27T16:44:04+08:00' />
  </node>
  <node id='9559452452' timestamp='2024-03-15T07:31:31Z' uid='12620959' user='twF6wdEYwL' visible='true' version='3' changeset='148673581' lat='24.1779682' lon='120.6517188' />
  <node id='9625810551' timestamp='2024-10-10T11:46:15Z' uid='274857' user='Supaplex' visible='true' version='5' changeset='157711703' lat='24.181397' lon='120.646448'>
    <tag k='amenity' v='parcel_locker' />
    <tag k='brand' v='i郵箱' />
    <tag k='brand:en' v='iBox' />
    <tag k='brand:nan' v='i-iû-siuⁿ' />
    <tag k='brand:nan-Hant' v='i郵箱' />
    <tag k='brand:nan-Latn-pehoeji' v='i-iû-siuⁿ' />
    <tag k='brand:nan-Latn-tailo' v='i-iû-siunn' />
    <tag k='brand:wikidata' v='Q4375439' />
    <tag k='brand:zh' v='i郵箱' />
    <tag k='brand:zh-Hans' v='i邮箱' />
    <tag k='brand:zh-Hant' v='i郵箱' />
    <tag k='capacity' v='40' />
    <tag k='description' v='40700臺中市西屯區文華路100號，文創中心樓梯下方半拱型通道處' />
    <tag k='description:payment' v='郵政金融卡/悠遊卡/一卡通/愛金卡' />
    <tag k='name' v='逢甲大學文創中心i郵箱' />
    <tag k='note' v='四代櫃(智慧郵筒)' />
    <tag k='opening_hours' v='Mo-Su 07:00-19:30' />
    <tag k='operator' v='中華郵政' />
    <tag k='operator:en' v='Chunghwa Post' />
    <tag k='operator:nan' v='Tiong-hôa Iû-chèng' />
    <tag k='operator:nan-Hant' v='中華郵政' />
    <tag k='operator:nan-Latn-pehoeji' v='Tiong-hôa Iû-chèng' />
    <tag k='operator:nan-Latn-tailo' v='Tiong-huâ Iû-tsìng' />
    <tag k='operator:wikidata' v='Q709259' />
    <tag k='operator:wikipedia' v='zh:中華郵政' />
    <tag k='operator:zh' v='中華郵政' />
    <tag k='operator:zh-Hans' v='中华邮政' />
    <tag k='operator:zh-Hant' v='中華郵政' />
    <tag k='parcel_mail_in' v='yes' />
    <tag k='parcel_pickup' v='yes' />
    <tag k='payment:ep_easycard' v='yes' />
    <tag k='payment:ep_icash' v='yes' />
    <tag k='payment:ep_ipass' v='yes' />
    <tag k='refrigerated' v='no' />
    <tag k='source' v='中華郵政' />
    <tag k='source:date' v='2021-10-05 16:58' />
    <tag k='source:url' v='https://data.gov.tw/dataset/52779' />
  </node>
  <node id='10023498330' timestamp='2022-09-14T07:09:27Z' uid='7674327' user='nfx2851' visible='true' version='1' changeset='126165151' lat='24.1787959' lon='120.6517064' />
  <node id='10023498331' timestamp='2022-09-14T07:09:27Z' uid='7674327' user='nfx2851' visible='true' version='1' changeset='126165151' lat='24.1787786' lon='120.6503097' />
  <node id='10023498332' timestamp='2022-09-14T07:09:27Z' uid='7674327' user='nfx2851' visible='true' version='1' changeset='126165151' lat='24.1818719' lon='120.6502633' />
  <node id='10023498333' timestamp='2022-09-14T07:09:27Z' uid='7674327' user='nfx2851' visible='true' version='1' changeset='126165151' lat='24.1818892' lon='120.6516605' />
  <node id='10177146573' timestamp='2022-11-11T21:28:55Z' uid='17643127' user='JimmyChung' visible='true' version='1' changeset='128793940' lat='24.1782401' lon='120.6516202' />
  <node id='10177146618' timestamp='2022-11-11T21:30:07Z' uid='17643127' user='JimmyChung' visible='true' version='1' changeset='128793972' lat='24.1787551' lon='120.6516104' />
  <node id='10177146619' timestamp='2022-11-11T21:30:07Z' uid='17643127' user='JimmyChung' visible='true' version='1' changeset='128793972' lat='24.1787531' lon='120.6514773' />
  <node id='10177146620' timestamp='2022-11-11T21:30:07Z' uid='17643127' user='JimmyChung' visible='true' version='1' changeset='128793972' lat='24.1782305' lon='120.6514807' />
  <node id='10314156677' timestamp='2023-01-08T06:15:28Z' uid='18208213' user='JoeChou' visible='true' version='1' changeset='131003439' lat='24.1816965' lon='120.6509176'>
    <tag k='access' v='yes' />
    <tag k='amenity' v='parking' />
    <tag k='capacity' v='100' />
    <tag k='capacity:disabled' v='5' />
    <tag k='operator' v='逢甲大學' />
    <tag k='operator:type' v='公立' />
    <tag k='parking' v='surface' />
    <tag k='surface' v='asphalt' />
  </node>
  <node id='10753125196' timestamp='2023-03-22T12:40:35Z' uid='10566241' user='vegetablenglish' visible='true' version='1' changeset='133976734' lat='24.1785215' lon='120.646818'>
    <tag k='amenity' v='restaurant' />
    <tag k='name' v='起家雞台中逢甲店' />
  </node>
  <node id='10753180284' timestamp='2023-03-22T12:44:37Z' uid='10566241' user='vegetablenglish' visible='true' version='1' changeset='133976874' lat='24.1785403' lon='120.6471954'>
    <tag k='amenity' v='restaurant' />
    <tag k='cuisine' v='taiwanese' />
    <tag k='name' v='六堆伙房台中逢甲店' />
  </node>
  <node id='11421733953' timestamp='2023-12-16T00:14:50Z' uid='123189' user='jidanni' visible='true' version='1' changeset='145170345' lat='24.1818767' lon='120.6458525' />
  <node id='11733360636' timestamp='2024-03-15T07:31:31Z' uid='12620959' user='twF6wdEYwL' visible='true' version='1' changeset='148673581' lat='24.1788022' lon='120.6514554' />
  <node id='11733360637' timestamp='2024-03-15T07:31:31Z' uid='12620959' user='twF6wdEYwL' visible='true' version='1' changeset='148673581' lat='24.1788051' lon='120.6517087' />
  <node id='11733360638' timestamp='2024-03-15T07:31:31Z' uid='12620959' user='twF6wdEYwL' visible='true' version='1' changeset='148673581' lat='24.1781948' lon='120.6517169' />
  <node id='11733360639' timestamp='2024-03-15T07:31:31Z' uid='12620959' user='twF6wdEYwL' visible='true' version='1' changeset='148673581' lat='24.1781919' lon='120.6514636' />
  <node id='11733360661' timestamp='2024-03-15T07:31:31Z' uid='12620959' user='twF6wdEYwL' visible='true' version='1' changeset='148673581' lat='24.1779138' lon='120.6510376' />
  <node id='11733360662' timestamp='2024-03-15T07:31:31Z' uid='12620959' user='twF6wdEYwL' visible='true' version='1' changeset='148673581' lat='24.1779177' lon='120.6508443' />
  <node id='11733360663' timestamp='2024-03-15T07:31:31Z' uid='12620959' user='twF6wdEYwL' visible='true' version='1' changeset='148673581' lat='24.1779024' lon='120.6516013' />
  <node id='11733360664' timestamp='2024-03-15T07:31:31Z' uid='12620959' user='twF6wdEYwL' visible='true' version='1' changeset='148673581' lat='24.1780399' lon='120.6517477' />
  <node id='12117284943' timestamp='2024-10-10T08:44:48Z' uid='274857' user='Supaplex' visible='true' version='2' changeset='157703970' lat='24.1786422' lon='120.6520501'>
    <tag k='bus' v='yes' />
    <tag k='highway' v='bus_stop' />
    <tag k='name' v='凱旋大鵬路口' />
    <tag k='name:en' v='Kaixuan-Dapeng Intersection' />
    <tag k='name:zh' v='凱旋大鵬路口' />
    <tag k='network' v='臺中市市區公車' />
    <tag k='network:en' v='Taichung City Bus' />
    <tag k='network:nan' v='Tâi-tiong-chhī Chhī-khu Kong-chhia' />
    <tag k='network:nan-Hant' v='臺中市市區公車' />
    <tag k='network:nan-Latn-pehoeji' v='Tâi-tiong-chhī Chhī-khu Kong-chhia' />
    <tag k='network:nan-Latn-tailo' v='Tâi-tiong-tshī Tshī-khu Kong-tshia' />
    <tag k='network:wikidata' v='Q3462238' />
    <tag k='network:zh' v='臺中市市區公車' />
    <tag k='operator' v='臺中公車聯營管理委員會' />
    <tag k='public_transport' v='platform' />
    <tag k='ref' v='7120' />
  </node>
  <node id='12117284944' timestamp='2024-10-10T08:44:48Z' uid='274857' user='Supaplex' visible='true' version='2' changeset='157703970' lat='24.1786523' lon='120.6517521'>
    <tag k='bus' v='yes' />
    <tag k='highway' v='bus_stop' />
    <tag k='name' v='凱旋大鵬路口' />
    <tag k='name:en' v='Kaixuan-Dapeng Intersection' />
    <tag k='name:zh' v='凱旋大鵬路口' />
    <tag k='network' v='臺中市市區公車' />
    <tag k='network:en' v='Taichung City Bus' />
    <tag k='network:nan' v='Tâi-tiong-chhī Chhī-khu Kong-chhia' />
    <tag k='network:nan-Hant' v='臺中市市區公車' />
    <tag k='network:nan-Latn-pehoeji' v='Tâi-tiong-chhī Chhī-khu Kong-chhia' />
    <tag k='network:nan-Latn-tailo' v='Tâi-tiong-tshī Tshī-khu Kong-tshia' />
    <tag k='network:wikidata' v='Q3462238' />
    <tag k='network:zh' v='臺中市市區公車' />
    <tag k='operator' v='臺中公車聯營管理委員會' />
    <tag k='public_transport' v='platform' />
    <tag k='ref' v='7120' />
  </node>
  <node id='12138496534' timestamp='2024-08-26T18:55:52Z' uid='12620959' user='twF6wdEYwL' visible='true' version='1' changeset='155798037' lat='24.1761474' lon='120.6458124' />
  <node id='12138497447' timestamp='2024-08-26T18:55:55Z' uid='12620959' user='twF6wdEYwL' visible='true' version='1' changeset='155798037' lat='24.176601' lon='120.6465722' />
  <node id='12306838321' timestamp='2024-11-02T10:00:13Z' uid='22132211' user='CChsiang' visible='true' version='1' changeset='158650998' lat='24.1883265' lon='120.6539687' />
  <node id='12306838322' timestamp='2024-11-02T10:00:13Z' uid='22132211' user='CChsiang' visible='true' version='1' changeset='158650998' lat='24.1869693' lon='120.6539783' />
  <node id='12306838323' timestamp='2024-11-02T10:00:13Z' uid='22132211' user='CChsiang' visible='true' version='1' changeset='158650998' lat='24.1854522' lon='120.65446' />
  <node id='12880178963' timestamp='2025-06-02T06:27:44Z' uid='1439333' user='Littlebtc' visible='true' version='1' changeset='167076607' lat='24.1810571' lon='120.6520472' />
  <node id='12880178964' timestamp='2026-06-26T11:30:11Z' uid='1439333' user='Littlebtc' visible='true' version='2' changeset='184640633' lat='24.1821465' lon='120.652056' />
  <node id='12880178965' timestamp='2025-06-02T06:27:44Z' uid='1439333' user='Littlebtc' visible='true' version='1' changeset='167076607' lat='24.1819266' lon='120.6546845' />
  <node id='12880178966' timestamp='2025-06-02T06:27:44Z' uid='1439333' user='Littlebtc' visible='true' version='1' changeset='167076607' lat='24.1808448' lon='120.6549749' />
  <node id='12880178967' timestamp='2025-06-02T06:27:44Z' uid='1439333' user='Littlebtc' visible='true' version='1' changeset='167076607' lat='24.1806937' lon='120.6549957' />
  <node id='12880178968' timestamp='2025-06-02T06:33:55Z' uid='1439333' user='Littlebtc' visible='true' version='2' changeset='167076807' lat='24.1803811' lon='120.655018' />
  <node id='12880178972' timestamp='2025-06-02T06:27:44Z' uid='1439333' user='Littlebtc' visible='true' version='1' changeset='167076607' lat='24.1784805' lon='120.6546631' />
  <node id='12880178973' timestamp='2025-06-02T06:27:44Z' uid='1439333' user='Littlebtc' visible='true' version='1' changeset='167076607' lat='24.1781963' lon='120.6545316' />
  <node id='12880178974' timestamp='2025-06-02T06:27:44Z' uid='1439333' user='Littlebtc' visible='true' version='1' changeset='167076607' lat='24.1781979' lon='120.6520707' />
  <node id='12880178975' timestamp='2025-06-02T06:27:44Z' uid='1439333' user='Littlebtc' visible='true' version='1' changeset='167076607' lat='24.1782364' lon='120.6520291' />
  <node id='12880362382' timestamp='2025-06-02T06:33:55Z' uid='1439333' user='Littlebtc' visible='true' version='1' changeset='167076807' lat='24.1803768' lon='120.6521103' />
  <node id='12880362383' timestamp='2025-06-02T06:33:55Z' uid='1439333' user='Littlebtc' visible='true' version='1' changeset='167076807' lat='24.1798453' lon='120.6538926' />
  <node id='12880362384' timestamp='2025-06-02T06:33:55Z' uid='1439333' user='Littlebtc' visible='true' version='1' changeset='167076807' lat='24.1798367' lon='120.6537357' />
  <node id='12880362385' timestamp='2025-06-02T06:33:55Z' uid='1439333' user='Littlebtc' visible='true' version='1' changeset='167076807' lat='24.179833' lon='120.652107' />
  <node id='12880362386' timestamp='2025-06-02T06:33:55Z' uid='1439333' user='Littlebtc' visible='true' version='1' changeset='167076807' lat='24.1797719' lon='120.652039' />
  <node id='12880362387' timestamp='2025-06-02T06:33:55Z' uid='1439333' user='Littlebtc' visible='true' version='1' changeset='167076807' lat='24.1804398' lon='120.6520433' />
  <node id='12941761839' timestamp='2025-06-21T01:50:58Z' uid='18325668' user='EMU800' visible='true' version='1' changeset='167895697' lat='24.178437' lon='120.6466144' />
  <node id='12941761840' timestamp='2025-06-21T01:50:58Z' uid='18325668' user='EMU800' visible='true' version='1' changeset='167895697' lat='24.1785235' lon='120.6466496' />
  <node id='12941761841' timestamp='2025-06-21T01:50:58Z' uid='18325668' user='EMU800' visible='true' version='1' changeset='167895697' lat='24.1782197' lon='120.6474191' />
  <node id='12941761842' timestamp='2025-06-21T01:50:58Z' uid='18325668' user='EMU800' visible='true' version='1' changeset='167895697' lat='24.1782075' lon='120.6466202' />
  <node id='12941761843' timestamp='2025-06-21T01:50:58Z' uid='18325668' user='EMU800' visible='true' version='1' changeset='167895697' lat='24.1782194' lon='120.6467417' />
  <node id='12941761844' timestamp='2025-06-21T01:50:58Z' uid='18325668' user='EMU800' visible='true' version='1' changeset='167895697' lat='24.1784265' lon='120.6467391' />
  <node id='12941761845' timestamp='2025-06-21T01:50:58Z' uid='18325668' user='EMU800' visible='true' version='1' changeset='167895697' lat='24.1784434' lon='120.647415' />
  <node id='12941761846' timestamp='2025-06-21T01:50:58Z' uid='18325668' user='EMU800' visible='true' version='1' changeset='167895697' lat='24.1784082' lon='120.6466486' />
  <node id='12941761847' timestamp='2025-06-21T01:50:58Z' uid='18325668' user='EMU800' visible='true' version='1' changeset='167895697' lat='24.1784092' lon='120.6467226' />
  <node id='12941761848' timestamp='2025-06-21T01:50:58Z' uid='18325668' user='EMU800' visible='true' version='1' changeset='167895697' lat='24.1782375' lon='120.6467254' />
  <node id='12941761849' timestamp='2025-06-21T01:50:58Z' uid='18325668' user='EMU800' visible='true' version='1' changeset='167895697' lat='24.1782365' lon='120.6466515' />
  <node id='12941761850' timestamp='2025-06-21T01:50:58Z' uid='18325668' user='EMU800' visible='true' version='1' changeset='167895697' lat='24.1784131' lon='120.6469148' />
  <node id='12941761851' timestamp='2025-06-21T01:50:58Z' uid='18325668' user='EMU800' visible='true' version='1' changeset='167895697' lat='24.1784148' lon='120.6470242' />
  <node id='12941761852' timestamp='2025-06-21T01:50:58Z' uid='18325668' user='EMU800' visible='true' version='1' changeset='167895697' lat='24.178243' lon='120.6470273' />
  <node id='12941761853' timestamp='2025-06-21T01:50:58Z' uid='18325668' user='EMU800' visible='true' version='1' changeset='167895697' lat='24.1782414' lon='120.6469179' />
  <node id='12941761854' timestamp='2025-06-21T01:50:58Z' uid='18325668' user='EMU800' visible='true' version='1' changeset='167895697' lat='24.1784148' lon='120.6470652' />
  <node id='12941761855' timestamp='2025-06-21T01:50:58Z' uid='18325668' user='EMU800' visible='true' version='1' changeset='167895697' lat='24.1784164' lon='120.6471746' />
  <node id='12941761856' timestamp='2025-06-21T01:50:58Z' uid='18325668' user='EMU800' visible='true' version='1' changeset='167895697' lat='24.1782447' lon='120.6471777' />
  <node id='12941761857' timestamp='2025-06-21T01:50:58Z' uid='18325668' user='EMU800' visible='true' version='1' changeset='167895697' lat='24.178243' lon='120.6470683' />
  <node id='12941761858' timestamp='2025-06-21T01:50:58Z' uid='18325668' user='EMU800' visible='true' version='1' changeset='167895697' lat='24.1784172' lon='120.6472209' />
  <node id='12941761859' timestamp='2025-06-21T01:50:58Z' uid='18325668' user='EMU800' visible='true' version='1' changeset='167895697' lat='24.1784188' lon='120.6473303' />
  <node id='12941761860' timestamp='2025-06-21T01:50:58Z' uid='18325668' user='EMU800' visible='true' version='1' changeset='167895697' lat='24.1782471' lon='120.6473334' />
  <node id='12941761861' timestamp='2025-06-21T01:50:58Z' uid='18325668' user='EMU800' visible='true' version='1' changeset='167895697' lat='24.1782454' lon='120.647224' />
  <node id='12941761862' timestamp='2025-06-21T01:50:58Z' uid='18325668' user='EMU800' visible='true' version='1' changeset='167895697' lat='24.178418' lon='120.647377' />
  <node id='12941761863' timestamp='2025-06-21T01:50:58Z' uid='18325668' user='EMU800' visible='true' version='1' changeset='167895697' lat='24.1784187' lon='120.6474085' />
  <node id='12941761864' timestamp='2025-06-21T01:50:58Z' uid='18325668' user='EMU800' visible='true' version='1' changeset='167895697' lat='24.1782486' lon='120.6474127' />
  <node id='12941761865' timestamp='2025-06-21T01:50:58Z' uid='18325668' user='EMU800' visible='true' version='1' changeset='167895697' lat='24.178248' lon='120.6473812' />
  <node id='12941761866' timestamp='2025-06-21T01:50:58Z' uid='18325668' user='EMU800' visible='true' version='1' changeset='167895697' lat='24.17808' lon='120.6468663' />
  <node id='12941761867' timestamp='2025-06-21T01:50:58Z' uid='18325668' user='EMU800' visible='true' version='1' changeset='167895697' lat='24.1781642' lon='120.6468638' />
  <node id='12941761868' timestamp='2025-06-21T01:50:58Z' uid='18325668' user='EMU800' visible='true' version='1' changeset='167895697' lat='24.1781736' lon='120.6472373' />
  <node id='12941761869' timestamp='2025-06-21T01:50:58Z' uid='18325668' user='EMU800' visible='true' version='1' changeset='167895697' lat='24.1787552' lon='120.6502781' />
  <node id='12941761870' timestamp='2025-06-21T01:50:58Z' uid='18325668' user='EMU800' visible='true' version='1' changeset='167895697' lat='24.1781656' lon='120.6472376' />
  <node id='12941761871' timestamp='2025-06-21T01:50:58Z' uid='18325668' user='EMU800' visible='true' version='1' changeset='167895697' lat='24.1785428' lon='120.6473596'>
    <tag k='highway' v='elevator' />
    <tag k='name' v='電梯' />
  </node>
  <node id='13184032165' timestamp='2025-09-30T13:41:20Z' uid='22996375' user='Prasanna Msamy' visible='true' version='1' changeset='172661515' lat='24.1823202' lon='120.6463046' />
  <node id='13184032167' timestamp='2025-09-30T13:41:20Z' uid='22996375' user='Prasanna Msamy' visible='true' version='1' changeset='172661515' lat='24.1824541' lon='120.6482181' />
  <node id='13353672109' timestamp='2025-12-24T10:33:37Z' uid='23513014' user='聽見AED' visible='true' version='2' changeset='176351125' lat='24.1785984' lon='120.651207'>
    <tag k='access' v='yes' />
    <tag k='defibrillator:location:zh' v='共善樓一樓櫃台旁' />
    <tag k='emergency' v='defibrillator' />
    <tag k='hear_aed:defibrillator:location' v='共善樓一樓櫃台旁' />
    <tag k='hear_aed:id' v='06b425dc191ff092e6177ef7af69c470' />
    <tag k='hear_aed:site:description' v='逢甲大學共善樓一樓EMBA櫃台旁' />
    <tag k='hear_aed:site:name' v='逢甲大學' />
    <tag k='hear_aed:site_type1' v='學校、大型集會場所' />
    <tag k='object:addr:city' v='臺中市' />
    <tag k='object:addr:district' v='西屯區' />
    <tag k='object:addr:full' v='臺中市西屯區文華路100號(共善樓)' />
    <tag k='opening_hours' v='Mo-Sa 08:00-24:00' />
    <tag k='opening_hours:description' v='逢甲大學共善樓一樓EMBA櫃台旁' />
    <tag k='ref:TW:AED' v='63585' />
    <tag k='ref:TW:AED:site' v='24110' />
    <tag k='source' v='hear_aed' />
  </node>
  <node id='13353698702' timestamp='2025-12-24T10:35:34Z' uid='23513014' user='聽見AED' visible='true' version='2' changeset='176351301' lat='24.181445' lon='120.648808'>
    <tag k='access' v='yes' />
    <tag k='defibrillator:location:zh' v='逢甲大學北門(西安街)體育館1樓中廊' />
    <tag k='emergency' v='defibrillator' />
    <tag k='hear_aed:defibrillator:location' v='逢甲大學體育館' />
    <tag k='hear_aed:id' v='1e38233640eb57853f762bdbefb00d5f' />
    <tag k='hear_aed:site:description' v='24時開放' />
    <tag k='hear_aed:site:name' v='逢甲大學' />
    <tag k='hear_aed:site_type1' v='學校、大型集會場所' />
    <tag k='object:addr:city' v='臺中市' />
    <tag k='object:addr:district' v='西屯區' />
    <tag k='object:addr:full' v='臺中市西屯區文華路100號' />
    <tag k='opening_hours' v='Mo-Fr 07:00-22:00; Sa 08:00-22:00; Su 08:00-17:00' />
    <tag k='opening_hours:description' v='春節清明節端午節中秋節閉館' />
    <tag k='ref:TW:AED' v='1588' />
    <tag k='ref:TW:AED:site' v='8351' />
    <tag k='source' v='hear_aed' />
  </node>
  <node id='13353813707' timestamp='2025-12-19T09:04:50Z' uid='274857' user='Supaplex' visible='true' version='2' changeset='176130352' lat='24.178843' lon='120.646538'>
    <tag k='access' v='yes' />
    <tag k='defibrillator:location:zh' v='逢甲大學西側正門警衛室(逢甲路與文華路口)' />
    <tag k='emergency' v='defibrillator' />
    <tag k='hear_aed:defibrillator:location' v='文華路100號' />
    <tag k='hear_aed:id' v='a6a8681e96f76c47d075b1b3c66bdd8f' />
    <tag k='hear_aed:site:description' v='24時開放' />
    <tag k='hear_aed:site:name' v='逢甲大學' />
    <tag k='hear_aed:site_type1' v='學校、大型集會場所' />
    <tag k='object:addr:city' v='臺中市' />
    <tag k='object:addr:district' v='西屯區' />
    <tag k='object:addr:full' v='臺中市西屯區文華路100號' />
    <tag k='opening_hours' v='24/7' />
    <tag k='opening_hours:description' v='24時開放' />
    <tag k='ref:TW:AED' v='9401' />
    <tag k='ref:TW:AED:site' v='8351' />
    <tag k='source' v='hear_aed' />
  </node>
  <node id='13353853506' timestamp='2025-12-24T10:47:59Z' uid='23513014' user='聽見AED' visible='true' version='2' changeset='176352405' lat='24.1796065' lon='120.6485238'>
    <tag k='access' v='yes' />
    <tag k='defibrillator:location:zh' v='人言大樓一樓中間門口進來後靠中間電梯處' />
    <tag k='emergency' v='defibrillator' />
    <tag k='hear_aed:defibrillator:location' v='逢甲大學人言大樓一樓' />
    <tag k='hear_aed:id' v='cc537440ce96884b1eb70c5a9c1b4d92' />
    <tag k='hear_aed:site:description' v='null' />
    <tag k='hear_aed:site:name' v='逢甲大學' />
    <tag k='hear_aed:site_type1' v='學校、大型集會場所' />
    <tag k='object:addr:city' v='臺中市' />
    <tag k='object:addr:district' v='西屯區' />
    <tag k='object:addr:full' v='臺中市西屯區文華路100號(人言大樓及共善樓)' />
    <tag k='opening_hours' v='Mo-Su 08:00-24:00' />
    <tag k='opening_hours:description' v='特殊連假期間開放時段依公告為主' />
    <tag k='ref:TW:AED' v='77545' />
    <tag k='ref:TW:AED:site' v='24087' />
    <tag k='source' v='hear_aed' />
  </node>
  <node id='13353864004' timestamp='2025-12-24T10:49:09Z' uid='23513014' user='聽見AED' visible='true' version='2' changeset='176352488' lat='24.178318' lon='120.649782'>
    <tag k='access' v='yes' />
    <tag k='defibrillator:location:zh' v='逢甲大學商學大樓6樓' />
    <tag k='emergency' v='defibrillator' />
    <tag k='hear_aed:defibrillator:location' v='逢甲大學商學大樓6樓' />
    <tag k='hear_aed:id' v='df5217301b792cc830c4c8db24f4da76' />
    <tag k='hear_aed:site:description' v='24時開放' />
    <tag k='hear_aed:site:name' v='逢甲大學' />
    <tag k='hear_aed:site_type1' v='學校、大型集會場所' />
    <tag k='object:addr:city' v='臺中市' />
    <tag k='object:addr:district' v='西屯區' />
    <tag k='object:addr:full' v='臺中市西屯區文華路100號' />
    <tag k='opening_hours' v='Mo-Su 08:00-22:00' />
    <tag k='ref:TW:AED' v='8546' />
    <tag k='ref:TW:AED:site' v='8351' />
    <tag k='source' v='hear_aed' />
  </node>
  <node id='13406911446' timestamp='2025-12-26T02:45:49Z' uid='123189' user='jidanni' visible='true' version='1' changeset='176415736' lat='24.1935182' lon='120.6535345' />
  <node id='13425575743' timestamp='2026-01-02T05:30:49Z' uid='123189' user='jidanni' visible='true' version='1' changeset='176728532' lat='24.1932402' lon='120.6523861' />
  <node id='13516158802' timestamp='2026-02-01T05:30:00Z' uid='7674327' user='nfx2851' visible='true' version='1' changeset='177951463' lat='24.1818244' lon='120.6504736' />
  <node id='13516158803' timestamp='2026-02-01T05:30:00Z' uid='7674327' user='nfx2851' visible='true' version='1' changeset='177951463' lat='24.1818272' lon='120.6513187' />
  <node id='13516158804' timestamp='2026-02-01T05:30:00Z' uid='7674327' user='nfx2851' visible='true' version='1' changeset='177951463' lat='24.1813502' lon='120.6513205' />
  <node id='13516158805' timestamp='2026-02-01T05:30:00Z' uid='7674327' user='nfx2851' visible='true' version='1' changeset='177951463' lat='24.1813476' lon='120.6504754' />
  <node id='13516158806' timestamp='2026-02-01T05:30:00Z' uid='7674327' user='nfx2851' visible='true' version='1' changeset='177951463' lat='24.1817524' lon='120.6505819' />
  <node id='13516158807' timestamp='2026-02-01T05:30:00Z' uid='7674327' user='nfx2851' visible='true' version='1' changeset='177951463' lat='24.1814303' lon='120.6505819' />
  <node id='13516158808' timestamp='2026-02-01T05:30:00Z' uid='7674327' user='nfx2851' visible='true' version='1' changeset='177951463' lat='24.1814303' lon='120.6512358' />
  <node id='13516158809' timestamp='2026-02-01T05:30:00Z' uid='7674327' user='nfx2851' visible='true' version='1' changeset='177951463' lat='24.1817508' lon='120.6512322' />
  <node id='13516158810' timestamp='2026-02-01T05:30:00Z' uid='7674327' user='nfx2851' visible='true' version='1' changeset='177951463' lat='24.181591' lon='120.6505819' />
  <node id='13516158811' timestamp='2026-02-01T05:30:00Z' uid='7674327' user='nfx2851' visible='true' version='1' changeset='177951463' lat='24.1815853' lon='120.6512341' />
  <node id='13516158812' timestamp='2026-02-01T05:30:00Z' uid='7674327' user='nfx2851' visible='true' version='1' changeset='177951463' lat='24.1820065' lon='120.650788' />
  <node id='13516158813' timestamp='2026-02-01T05:30:00Z' uid='7674327' user='nfx2851' visible='true' version='1' changeset='177951463' lat='24.1817519' lon='120.6507934' />
  <node id='13516158814' timestamp='2026-02-01T05:30:00Z' uid='7674327' user='nfx2851' visible='true' version='1' changeset='177951463' lat='24.1813415' lon='120.6500981' />
  <node id='13516158815' timestamp='2026-02-01T05:30:00Z' uid='7674327' user='nfx2851' visible='true' version='1' changeset='177951463' lat='24.181341' lon='120.6501662' />
  <node id='13516158816' timestamp='2026-02-01T05:30:00Z' uid='7674327' user='nfx2851' visible='true' version='1' changeset='177951463' lat='24.1795201' lon='120.6515902' />
  <node id='13516158817' timestamp='2026-02-01T05:30:00Z' uid='7674327' user='nfx2851' visible='true' version='1' changeset='177951463' lat='24.1799532' lon='120.6516545' />
  <node id='13516158818' timestamp='2026-02-01T05:30:00Z' uid='7674327' user='nfx2851' visible='true' version='1' changeset='177951463' lat='24.1799483' lon='120.6512482' />
  <node id='13516158819' timestamp='2026-02-01T05:30:00Z' uid='7674327' user='nfx2851' visible='true' version='1' changeset='177951463' lat='24.1796939' lon='120.6510725' />
  <node id='13516158820' timestamp='2026-02-01T05:30:00Z' uid='7674327' user='nfx2851' visible='true' version='1' changeset='177951463' lat='24.179943' lon='120.6502575' />
  <node id='13516158821' timestamp='2026-02-01T05:30:00Z' uid='7674327' user='nfx2851' visible='true' version='1' changeset='177951463' lat='24.1797785' lon='120.6502534' />
  <node id='13516158822' timestamp='2026-02-01T05:30:00Z' uid='7674327' user='nfx2851' visible='true' version='1' changeset='177951463' lat='24.1795026' lon='120.6508622' />
  <node id='13516158823' timestamp='2026-02-01T05:30:00Z' uid='7674327' user='nfx2851' visible='true' version='1' changeset='177951463' lat='24.1791586' lon='120.6502306' />
  <node id='13516158824' timestamp='2026-02-01T05:30:00Z' uid='7674327' user='nfx2851' visible='true' version='1' changeset='177951463' lat='24.1792347' lon='120.6509031' />
  <node id='13516158825' timestamp='2026-02-01T05:30:00Z' uid='7674327' user='nfx2851' visible='true' version='1' changeset='177951463' lat='24.1791363' lon='120.6506626' />
  <node id='13516158826' timestamp='2026-02-01T05:30:00Z' uid='7674327' user='nfx2851' visible='true' version='1' changeset='177951463' lat='24.179153' lon='120.6506961' />
  <node id='13516158827' timestamp='2026-02-01T05:30:00Z' uid='7674327' user='nfx2851' visible='true' version='1' changeset='177951463' lat='24.1790923' lon='120.6515975' />
  <node id='13516158828' timestamp='2026-02-01T05:30:00Z' uid='7674327' user='nfx2851' visible='true' version='1' changeset='177951463' lat='24.1788513' lon='120.6515914' />
  <node id='13516158829' timestamp='2026-02-01T05:30:00Z' uid='7674327' user='nfx2851' visible='true' version='1' changeset='177951463' lat='24.178984' lon='120.650825' />
  <node id='13516158830' timestamp='2026-02-01T05:30:00Z' uid='7674327' user='nfx2851' visible='true' version='1' changeset='177951463' lat='24.179118' lon='120.6506621' />
  <node id='13516158831' timestamp='2026-02-01T05:30:00Z' uid='7674327' user='nfx2851' visible='true' version='1' changeset='177951463' lat='24.1791394' lon='120.6502496' />
  <node id='13516158832' timestamp='2026-02-01T05:30:00Z' uid='7674327' user='nfx2851' visible='true' version='1' changeset='177951463' lat='24.1790583' lon='120.6505408' />
  <node id='13516158833' timestamp='2026-02-01T05:30:00Z' uid='7674327' user='nfx2851' visible='true' version='1' changeset='177951463' lat='24.178928' lon='120.6507135' />
  <node id='13516158834' timestamp='2026-02-01T05:30:00Z' uid='7674327' user='nfx2851' visible='true' version='1' changeset='177951463' lat='24.1789646' lon='120.6502414' />
  <node id='13516158835' timestamp='2026-02-01T05:30:00Z' uid='7674327' user='nfx2851' visible='true' version='1' changeset='177951463' lat='24.1818403' lon='120.6504668' />
  <node id='13516158836' timestamp='2026-02-01T05:30:00Z' uid='7674327' user='nfx2851' visible='true' version='1' changeset='177951463' lat='24.1818396' lon='120.6501992' />
  <node id='13516158837' timestamp='2026-02-01T05:30:00Z' uid='7674327' user='nfx2851' visible='true' version='1' changeset='177951463' lat='24.1810958' lon='120.6502012' />
  <node id='13516158838' timestamp='2026-02-01T05:30:00Z' uid='7674327' user='nfx2851' visible='true' version='1' changeset='177951463' lat='24.1810964' lon='120.650469' />
  <node id='13516158839' timestamp='2026-02-01T05:30:00Z' uid='7674327' user='nfx2851' visible='true' version='1' changeset='177951463' lat='24.1819967' lon='120.6501664' />
  <node id='13516158840' timestamp='2026-02-01T05:30:00Z' uid='7674327' user='nfx2851' visible='true' version='1' changeset='177951463' lat='24.1814133' lon='120.6501774' />
  <node id='13516158841' timestamp='2026-02-01T05:30:00Z' uid='7674327' user='nfx2851' visible='true' version='1' changeset='177951463' lat='24.1814144' lon='120.6502521' />
  <node id='13516158842' timestamp='2026-02-01T05:30:00Z' uid='7674327' user='nfx2851' visible='true' version='1' changeset='177951463' lat='24.1819989' lon='120.6501861' />
  <node id='13516158843' timestamp='2026-02-01T05:30:00Z' uid='7674327' user='nfx2851' visible='true' version='1' changeset='177951463' lat='24.1816301' lon='120.6501928' />
  <node id='13516158844' timestamp='2026-02-01T05:30:00Z' uid='7674327' user='nfx2851' visible='true' version='1' changeset='177951463' lat='24.1816309' lon='120.6502503' />
  <node id='13516158845' timestamp='2026-02-01T05:30:00Z' uid='7674327' user='nfx2851' visible='true' version='1' changeset='177951463' lat='24.1818285' lon='120.6502486' />
  <node id='13516158846' timestamp='2026-02-01T05:30:00Z' uid='7674327' user='nfx2851' visible='true' version='1' changeset='177951463' lat='24.1818298' lon='120.6504302' />
  <node id='13516158847' timestamp='2026-02-01T05:30:00Z' uid='7674327' user='nfx2851' visible='true' version='1' changeset='177951463' lat='24.1811553' lon='120.6504358' />
  <node id='13516158848' timestamp='2026-02-01T05:30:00Z' uid='7674327' user='nfx2851' visible='true' version='1' changeset='177951463' lat='24.181154' lon='120.6502543' />
  <node id='13516158849' timestamp='2026-02-01T05:30:00Z' uid='7674327' user='nfx2851' visible='true' version='1' changeset='177951463' lat='24.1818289' lon='120.6503063' />
  <node id='13516158850' timestamp='2026-02-01T05:30:00Z' uid='7674327' user='nfx2851' visible='true' version='1' changeset='177951463' lat='24.1811544' lon='120.6503104' />
  <node id='13516158851' timestamp='2026-02-01T05:30:00Z' uid='7674327' user='nfx2851' visible='true' version='1' changeset='177951463' lat='24.1811548' lon='120.6503708' />
  <node id='13516158852' timestamp='2026-02-01T05:30:00Z' uid='7674327' user='nfx2851' visible='true' version='1' changeset='177951463' lat='24.1818293' lon='120.6503688' />
  <node id='13516158853' timestamp='2026-02-01T05:30:00Z' uid='7674327' user='nfx2851' visible='true' version='1' changeset='177951463' lat='24.18163' lon='120.6504319' />
  <node id='13516158854' timestamp='2026-02-01T05:30:00Z' uid='7674327' user='nfx2851' visible='true' version='1' changeset='177951463' lat='24.1816306' lon='120.6503075' />
  <node id='13516158855' timestamp='2026-02-01T05:30:00Z' uid='7674327' user='nfx2851' visible='true' version='1' changeset='177951463' lat='24.1816303' lon='120.6503694' />
  <node id='13516158856' timestamp='2026-02-01T05:30:00Z' uid='7674327' user='nfx2851' visible='true' version='1' changeset='177951463' lat='24.1814153' lon='120.6504336' />
  <node id='13516158857' timestamp='2026-02-01T05:30:00Z' uid='7674327' user='nfx2851' visible='true' version='1' changeset='177951463' lat='24.1814147' lon='120.6503088' />
  <node id='13516158858' timestamp='2026-02-01T05:30:00Z' uid='7674327' user='nfx2851' visible='true' version='1' changeset='177951463' lat='24.181415' lon='120.65037' />
  <node id='13937832347' timestamp='2026-06-14T07:06:46Z' uid='1439333' user='Littlebtc' visible='true' version='1' changeset='184081927' lat='24.183526' lon='120.6481715' />
  <node id='13968097193' timestamp='2026-06-26T11:30:11Z' uid='1439333' user='Littlebtc' visible='true' version='1' changeset='184640633' lat='24.1821055' lon='120.6520982' />
  <node id='13968097194' timestamp='2026-06-26T11:30:11Z' uid='1439333' user='Littlebtc' visible='true' version='1' changeset='184640633' lat='24.1821059' lon='120.6546075' />
  <way id='60025759' timestamp='2024-08-18T16:56:26Z' uid='15399252' user='mokasaki' visible='true' version='15' changeset='155425056'>
    <nd ref='3481462304' />
    <nd ref='8174032271' />
    <nd ref='8175809063' />
    <nd ref='9123368408' />
    <nd ref='1184149154' />
    <nd ref='8175809065' />
    <nd ref='8174032288' />
    <nd ref='4195127648' />
    <nd ref='8174032285' />
    <nd ref='8175809066' />
    <nd ref='1184149171' />
    <tag k='highway' v='residential' />
    <tag k='name' v='逢大路' />
    <tag k='name:en' v='Fengda Road' />
    <tag k='name:zh' v='逢大路' />
    <tag k='oneway' v='no' />
  </way>
  <way id='102535540' timestamp='2016-03-23T05:04:12Z' uid='3694290' user='康大文' visible='true' version='3' changeset='38012850'>
    <nd ref='1184155657' />
    <nd ref='4045358073' />
    <nd ref='4045358074' />
    <nd ref='4045358075' />
    <nd ref='1184155652' />
    <nd ref='1184155674' />
    <nd ref='4045358076' />
    <nd ref='4045358078' />
    <nd ref='4045358079' />
    <nd ref='4045358077' />
    <nd ref='1184155680' />
    <nd ref='1184155657' />
    <tag k='amenity' v='fountain' />
    <tag k='name' v='噴水池' />
  </way>
  <way id='102535541' timestamp='2017-12-28T12:36:39Z' uid='1439333' user='Littlebtc' visible='true' version='7' changeset='54981971'>
    <nd ref='1167824712' />
    <nd ref='5308361390' />
    <nd ref='4101969187' />
    <tag k='highway' v='service' />
    <tag k='name' v='文華路155巷' />
    <tag k='source' v='Taichung City' />
  </way>
  <way id='117611263' timestamp='2011-06-14T08:04:15Z' uid='269097' user='user_269097' visible='true' version='1' changeset='8434596'>
    <nd ref='1324619120' />
    <nd ref='1324619103' />
    <tag k='highway' v='service' />
    <tag k='oneway' v='yes' />
    <tag k='service' v='parking_aisle' />
    <tag k='surface' v='asphalt' />
  </way>
  <way id='117611265' timestamp='2016-03-28T18:32:13Z' uid='3754968' user='Huang sy 0324' visible='true' version='4' changeset='38126955'>
    <nd ref='1324619007' />
    <nd ref='1324619036' />
    <nd ref='4045358064' />
    <nd ref='1324619060' />
    <nd ref='4045358063' />
    <nd ref='1324619107' />
    <nd ref='4045358062' />
    <nd ref='4045358061' />
    <nd ref='1324619046' />
    <nd ref='1324618965' />
    <nd ref='4045358060' />
    <nd ref='1324619028' />
    <nd ref='1324618974' />
    <nd ref='1324619007' />
    <tag k='landuse' v='recreation_ground' />
    <tag k='wheelchair' v='yes' />
  </way>
  <way id='117611266' timestamp='2011-06-14T08:04:16Z' uid='269097' user='user_269097' visible='true' version='1' changeset='8434596'>
    <nd ref='1324619004' />
    <nd ref='1324618993' />
    <tag k='highway' v='service' />
    <tag k='oneway' v='yes' />
    <tag k='service' v='parking_aisle' />
    <tag k='surface' v='asphalt' />
  </way>
  <way id='117611271' timestamp='2020-02-16T15:52:05Z' uid='6421436' user='SXCKH' visible='true' version='4' changeset='81074577'>
    <nd ref='1324619024' />
    <nd ref='1324619012' />
    <tag k='access' v='permit' />
    <tag k='highway' v='service' />
  </way>
  <way id='117611272' timestamp='2025-06-21T01:50:58Z' uid='18325668' user='EMU800' visible='true' version='3' changeset='167895697'>
    <nd ref='1324619019' />
    <nd ref='1324619112' />
    <nd ref='1324619095' />
    <nd ref='1324619077' />
    <nd ref='1324619019' />
    <tag k='amenity' v='parking_space' />
    <tag k='capacity' v='14' />
    <tag k='parking' v='surface' />
    <tag k='wheelchair' v='yes' />
  </way>
  <way id='117611273' timestamp='2020-03-05T07:40:33Z' uid='6421436' user='SXCKH' visible='true' version='6' changeset='81809849'>
    <nd ref='1324618957' />
    <nd ref='1324619051' />
    <nd ref='1324619038' />
    <nd ref='1324618995' />
    <nd ref='1324619040' />
    <nd ref='1184155691' />
    <nd ref='7265639305' />
    <nd ref='7265639306' />
    <tag k='foot' v='yes' />
    <tag k='highway' v='pedestrian' />
  </way>
  <way id='117611274' timestamp='2020-03-05T07:40:33Z' uid='6421436' user='SXCKH' visible='true' version='5' changeset='81809849'>
    <nd ref='7265639304' />
    <nd ref='1324618965' />
    <nd ref='4075303830' />
    <nd ref='7265639301' />
    <nd ref='7265639300' />
    <tag k='bicycle' v='no' />
    <tag k='highway' v='pedestrian' />
    <tag k='name' v='二一步道' />
  </way>
  <way id='117611276' timestamp='2026-02-01T05:30:00Z' uid='7674327' user='nfx2851' visible='true' version='25' changeset='177951463'>
    <nd ref='1324619062' />
    <nd ref='1184155676' />
    <nd ref='1184155670' />
    <nd ref='1184155713' />
    <nd ref='1184155685' />
    <nd ref='1184155678' />
    <nd ref='746174275' />
    <nd ref='1184155673' />
    <nd ref='4084441897' />
    <nd ref='1184155703' />
    <nd ref='4084441898' />
    <nd ref='1184155692' />
    <nd ref='1324619091' />
    <nd ref='5479454026' />
    <nd ref='1324619055' />
    <nd ref='2869586796' />
    <nd ref='1324619062' />
    <tag k='addr:city' v='臺中市' />
    <tag k='addr:country' v='TW' />
    <tag k='addr:district' v='西屯區' />
    <tag k='addr:full' v='40724臺中市西屯區文華路100號' />
    <tag k='addr:housenumber' v='100' />
    <tag k='addr:postcode' v='40724' />
    <tag k='addr:street' v='文華路' />
    <tag k='amenity' v='university' />
    <tag k='education' v='university' />
    <tag k='name' v='逢甲大學' />
    <tag k='name:en' v='Feng Chia University' />
    <tag k='name:zh' v='逢甲大學' />
    <tag k='phone' v='+886 4 2451 7250#2258' />
    <tag k='toilets:wheelchair' v='yes' />
    <tag k='website' v='http://www.fcu.edu.tw/' />
    <tag k='wheelchair' v='limited' />
    <tag k='wikidata' v='Q696672' />
    <tag k='wikipedia' v='zh:逢甲大學' />
  </way>
  <way id='117611277' timestamp='2025-06-21T01:50:58Z' uid='18325668' user='EMU800' visible='true' version='6' changeset='167895697'>
    <nd ref='1324619114' />
    <nd ref='4076723877' />
    <nd ref='1324619103' />
    <nd ref='1324619029' />
    <nd ref='1324618993' />
    <nd ref='12941761844' />
    <nd ref='1324619075' />
    <nd ref='1324619025' />
    <nd ref='12941761843' />
    <nd ref='1324619004' />
    <nd ref='1324619118' />
    <nd ref='1324619120' />
    <nd ref='1324619114' />
    <tag k='bicycle' v='yes' />
    <tag k='foot' v='yes' />
    <tag k='highway' v='service' />
    <tag k='horse' v='yes' />
    <tag k='motor_vehicle' v='yes' />
    <tag k='oneway' v='yes' />
    <tag k='service' v='parking_aisle' />
    <tag k='surface' v='asphalt' />
  </way>
  <way id='117611279' timestamp='2020-02-16T15:52:05Z' uid='6421436' user='SXCKH' visible='true' version='6' changeset='81074577'>
    <nd ref='1324619021' />
    <nd ref='7216723000' />
    <nd ref='1324619024' />
    <nd ref='7216671755' />
    <nd ref='1324619076' />
    <tag k='access' v='permit' />
    <tag k='highway' v='service' />
  </way>
  <way id='117611280' timestamp='2015-06-22T07:46:01Z' uid='1215520' user='bananatw' visible='true' version='2' changeset='32132409'>
    <nd ref='1324619066' />
    <nd ref='1324618997' />
    <nd ref='1324618978' />
    <nd ref='1324618953' />
    <nd ref='1324619066' />
    <tag k='landuse' v='recreation_ground' />
  </way>
  <way id='117611282' timestamp='2016-03-24T13:39:14Z' uid='3694277' user='王奕舜' visible='true' version='2' changeset='38041627'>
    <nd ref='1324619118' />
    <nd ref='1324619029' />
    <tag k='highway' v='service' />
    <tag k='oneway' v='yes' />
    <tag k='service' v='parking_aisle' />
    <tag k='surface' v='asphalt' />
  </way>
  <way id='117611283' timestamp='2020-03-05T07:40:33Z' uid='6421436' user='SXCKH' visible='true' version='13' changeset='81809849'>
    <nd ref='746174415' />
    <nd ref='4076254205' />
    <nd ref='1324619033' />
    <nd ref='5479454028' />
    <nd ref='1324619012' />
    <nd ref='4075277725' />
    <nd ref='4045358035' />
    <nd ref='1324619094' />
    <nd ref='1324619021' />
    <nd ref='1324618956' />
    <nd ref='1324618982' />
    <nd ref='1324618999' />
    <nd ref='1324619010' />
    <nd ref='7216671760' />
    <nd ref='1324619022' />
    <nd ref='7216722993' />
    <nd ref='5295711732' />
    <nd ref='1324619053' />
    <nd ref='7216722996' />
    <nd ref='7216671763' />
    <nd ref='1324619073' />
    <nd ref='7216671766' />
    <nd ref='1324619090' />
    <tag k='access' v='permit' />
    <tag k='highway' v='service' />
    <tag k='surface' v='asphalt' />
  </way>
  <way id='117611284' timestamp='2020-03-05T07:40:33Z' uid='6421436' user='SXCKH' visible='true' version='7' changeset='81809849'>
    <nd ref='7265639303' />
    <nd ref='1324618974' />
    <nd ref='4075303830' />
    <nd ref='1324619107' />
    <nd ref='7265639299' />
    <tag k='bicycle' v='no' />
    <tag k='highway' v='footway' />
    <tag k='motor_vehicle' v='no' />
    <tag k='name' v='二一步道' />
  </way>
  <way id='117611285' timestamp='2017-12-20T13:41:52Z' uid='6802110' user='Bigmorr' visible='true' version='8' changeset='54787161'>
    <nd ref='1324619078' />
    <nd ref='1324619026' />
    <nd ref='1324618986' />
    <nd ref='1324619008' />
    <nd ref='5295711735' />
    <nd ref='1324619078' />
    <tag k='landuse' v='recreation_ground' />
    <tag k='name' v='大草坪' />
    <tag k='name:en' v='Green space' />
    <tag k='name:zh' v='大草坪' />
  </way>
  <way id='117611286' timestamp='2020-03-05T00:35:33Z' uid='6421436' user='SXCKH' visible='true' version='5' changeset='81796221'>
    <nd ref='1324619017' />
    <nd ref='1324619086' />
    <nd ref='7216671756' />
    <nd ref='4084441913' />
    <nd ref='1324619070' />
    <nd ref='1324619076' />
    <nd ref='7265044048' />
    <nd ref='4074597006' />
    <nd ref='1324619052' />
    <nd ref='7216723008' />
    <nd ref='1324619033' />
    <tag k='highway' v='pedestrian' />
  </way>
  <way id='117611287' timestamp='2016-03-07T08:51:46Z' uid='1215520' user='bananatw' visible='true' version='2' changeset='37661037'>
    <nd ref='1324619054' />
    <nd ref='1324619038' />
    <nd ref='1324619050' />
    <tag k='highway' v='pedestrian' />
  </way>
  <way id='170932132' timestamp='2023-12-16T00:14:50Z' uid='123189' user='jidanni' visible='true' version='30' changeset='145170345'>
    <nd ref='1820406462' />
    <nd ref='1820406458' />
    <nd ref='1820406459' />
    <nd ref='2894081045' />
    <nd ref='7933601496' />
    <nd ref='2138606396' />
    <nd ref='2138606452' />
    <nd ref='2138606393' />
    <nd ref='2138606448' />
    <nd ref='2138606444' />
    <nd ref='2138606460' />
    <nd ref='2138606453' />
    <nd ref='1820406466' />
    <nd ref='2138606428' />
    <nd ref='5308361393' />
    <nd ref='2138606414' />
    <nd ref='8175902136' />
    <nd ref='8175902130' />
    <nd ref='2386180264' />
    <nd ref='8175902133' />
    <nd ref='8175902135' />
    <nd ref='4101969188' />
    <nd ref='11421733953' />
    <nd ref='1167824027' />
    <nd ref='1820406473' />
    <nd ref='8174032256' />
    <nd ref='3438945551' />
    <nd ref='7265639307' />
    <nd ref='8175901838' />
    <nd ref='7024724915' />
    <nd ref='4195127670' />
    <tag k='highway' v='residential' />
    <tag k='name' v='西安街' />
    <tag k='name:en' v='Xi-an Street' />
    <tag k='name:zh' v='西安街' />
    <tag k='oneway' v='no' />
    <tag k='surface' v='asphalt' />
  </way>
  <way id='203686610' timestamp='2021-06-05T13:33:41Z' uid='1439333' user='Littlebtc' visible='true' version='6' changeset='105882658'>
    <nd ref='2136851132' />
    <nd ref='2136851127' />
    <nd ref='8806937646' />
    <tag k='highway' v='service' />
    <tag k='name' v='文華路127巷' />
  </way>
  <way id='203686615' timestamp='2013-02-01T05:16:15Z' uid='1215520' user='bananatw' visible='true' version='1' changeset='14867057'>
    <nd ref='2136851151' />
    <nd ref='1167824636' />
    <tag k='highway' v='service' />
    <tag k='name' v='逢甲路20巷28弄' />
  </way>
  <way id='254446750' timestamp='2016-03-28T09:34:37Z' uid='3715415' user='洪靖嵐' visible='true' version='8' changeset='38115943'>
    <nd ref='2602423176' />
    <nd ref='4075306037' />
    <nd ref='4075277716' />
    <nd ref='2602423177' />
    <nd ref='4045358052' />
    <nd ref='4045358053' />
    <nd ref='2602423178' />
    <nd ref='2602423179' />
    <nd ref='4045358055' />
    <nd ref='4045358054' />
    <nd ref='2602423176' />
    <tag k='building' v='university' />
    <tag k='name' v='商學大樓' />
    <tag k='name:en' v='Business Building' />
    <tag k='name:zh' v='商學大樓' />
  </way>
  <way id='258738818' timestamp='2025-09-30T13:41:20Z' uid='22996375' user='Prasanna Msamy' visible='true' version='7' changeset='172661515'>
    <nd ref='4397426118' />
    <nd ref='8175901977' />
    <nd ref='8175901980' />
    <nd ref='2135710445' />
    <nd ref='3438945552' />
    <nd ref='3438945547' />
    <nd ref='2135710476' />
    <nd ref='13184032165' />
    <nd ref='1167824027' />
    <tag k='addr:city' v='臺中市' />
    <tag k='addr:district' v='西屯區' />
    <tag k='addr:postcode' v='407' />
    <tag k='highway' v='residential' />
    <tag k='name' v='文華路' />
  </way>
  <way id='260864150' timestamp='2020-03-05T17:45:45Z' uid='274857' user='Supaplex' visible='true' version='6' changeset='81833375'>
    <nd ref='2664395935' />
    <nd ref='4045358037' />
    <nd ref='4045358040' />
    <nd ref='4045358041' />
    <nd ref='4045358042' />
    <nd ref='4045358043' />
    <nd ref='4045358044' />
    <nd ref='4045358045' />
    <nd ref='4045358046' />
    <nd ref='4045358048' />
    <nd ref='4045358047' />
    <nd ref='4045358051' />
    <nd ref='4045358049' />
    <nd ref='4045358050' />
    <nd ref='2664395936' />
    <nd ref='2664395937' />
    <nd ref='2664395938' />
    <nd ref='4045358038' />
    <nd ref='4045358039' />
    <nd ref='4076240706' />
    <nd ref='2664395935' />
    <tag k='building' v='university' />
    <tag k='building:levels' v='5' />
    <tag k='name' v='資訊電機館' />
    <tag k='name:en' v='Information/Electrical Engineering Building' />
    <tag k='name:zh' v='資訊電機館' />
    <tag k='short_name' v='資電館' />
  </way>
  <way id='262625994' timestamp='2020-03-05T07:40:33Z' uid='6421436' user='SXCKH' visible='true' version='7' changeset='81809849'>
    <nd ref='2683006382' />
    <nd ref='2683006387' />
    <nd ref='7265639294' />
    <nd ref='4076240713' />
    <nd ref='2683006388' />
    <nd ref='7265639295' />
    <nd ref='2683006389' />
    <nd ref='2683006382' />
    <tag k='building' v='university' />
    <tag k='building:levels' v='3' />
    <tag k='name' v='育樂館' />
    <tag k='name:en' v='Recreation Building' />
    <tag k='name:zh' v='育樂館' />
  </way>
  <way id='262625997' timestamp='2026-03-16T02:28:00Z' uid='274857' user='Supaplex' visible='true' version='9' changeset='179923827'>
    <nd ref='2683007171' />
    <nd ref='2683007173' />
    <nd ref='2683007174' />
    <nd ref='2683007176' />
    <nd ref='4076387463' />
    <nd ref='4076171200' />
    <nd ref='2683007171' />
    <tag k='addr:city' v='臺中市' />
    <tag k='addr:country' v='TW' />
    <tag k='addr:district' v='西屯區' />
    <tag k='addr:full' v='臺中市西屯區100號' />
    <tag k='addr:housenumber' v='100' />
    <tag k='building' v='university' />
    <tag k='building:levels' v='7' />
    <tag k='name' v='逢甲大學圖書館' />
    <tag k='name:en' v='Library' />
    <tag k='name:zh' v='圖書館' />
  </way>
  <way id='273423114' timestamp='2020-03-05T00:35:33Z' uid='6421436' user='SXCKH' visible='true' version='6' changeset='81796221'>
    <nd ref='2782782694' />
    <nd ref='2782782696' />
    <nd ref='3444462157' />
    <nd ref='2782782699' />
    <nd ref='2782782691' />
    <nd ref='7265044046' />
    <nd ref='2782782694' />
    <tag k='landuse' v='recreation_ground' />
    <tag k='name' v='春雨塘' />
  </way>
  <way id='282515269' timestamp='2021-06-05T13:55:51Z' uid='1439333' user='Littlebtc' visible='true' version='6' changeset='105883489'>
    <nd ref='2864657109' />
    <nd ref='2864657112' />
    <nd ref='2864657113' />
    <nd ref='2864657114' />
    <nd ref='2864657115' />
    <nd ref='2864657117' />
    <nd ref='8806973409' />
    <nd ref='7216723007' />
    <nd ref='8175902164' />
    <nd ref='8175902161' />
    <nd ref='2139800982' />
    <tag k='admin_level' v='9' />
    <tag k='boundary' v='administrative' />
  </way>
  <way id='282515271' timestamp='2020-03-05T07:40:33Z' uid='6421436' user='SXCKH' visible='true' version='3' changeset='81809849'>
    <nd ref='2864657125' />
    <nd ref='7265639335' />
    <nd ref='2864657126' />
    <nd ref='2864657127' />
    <nd ref='2864657128' />
    <nd ref='2864657135' />
    <nd ref='2864657134' />
    <nd ref='2864657132' />
    <nd ref='2864657133' />
    <tag k='admin_level' v='9' />
    <tag k='boundary' v='administrative' />
  </way>
  <way id='282515273' timestamp='2021-06-05T13:55:51Z' uid='1439333' user='Littlebtc' visible='true' version='4' changeset='105883489'>
    <nd ref='2139800982' />
    <nd ref='2864657119' />
    <nd ref='2864657120' />
    <nd ref='2864657121' />
    <nd ref='2864657122' />
    <nd ref='2864657123' />
    <nd ref='2864657124' />
    <nd ref='3438945551' />
    <nd ref='2864657125' />
    <tag k='admin_level' v='9' />
    <tag k='boundary' v='administrative' />
  </way>
  <way id='282569309' timestamp='2021-06-05T13:55:51Z' uid='1439333' user='Littlebtc' visible='true' version='3' changeset='105883489'>
    <nd ref='2139800982' />
    <nd ref='2865073552' />
    <nd ref='2865073551' />
    <nd ref='2865073549' />
    <nd ref='2865073543' />
    <nd ref='2865073544' />
    <nd ref='2865073547' />
    <nd ref='2865073546' />
    <nd ref='2865073527' />
    <nd ref='2865073528' />
    <nd ref='2865073531' />
    <nd ref='2865073529' />
    <tag k='admin_level' v='9' />
    <tag k='boundary' v='administrative' />
  </way>
  <way id='282569311' timestamp='2020-03-05T07:40:33Z' uid='6421436' user='SXCKH' visible='true' version='3' changeset='81809849'>
    <nd ref='2864657125' />
    <nd ref='7265639328' />
    <nd ref='2865073554' />
    <tag k='admin_level' v='9' />
    <tag k='boundary' v='administrative' />
  </way>
  <way id='283040764' timestamp='2020-02-16T15:52:05Z' uid='6421436' user='SXCKH' visible='true' version='5' changeset='81074577'>
    <nd ref='2869586747' />
    <nd ref='2869586748' />
    <nd ref='7216723002' />
    <nd ref='7216723003' />
    <nd ref='7216723005' />
    <nd ref='7216723001' />
    <nd ref='2869586749' />
    <nd ref='2869586752' />
    <nd ref='2869586747' />
    <tag k='building' v='university' />
    <tag k='building:levels' v='10' />
    <tag k='layer' v='1' />
    <tag k='name' v='人言大樓' />
    <tag k='name:en' v='Renyan Building' />
    <tag k='name:zh' v='人言大樓' />
  </way>
  <way id='283040765' timestamp='2019-12-02T13:44:20Z' uid='6421436' user='SXCKH' visible='true' version='7' changeset='77824759'>
    <nd ref='4076736488' />
    <nd ref='4045358026' />
    <nd ref='2869586757' />
    <nd ref='2869586759' />
    <nd ref='4076736488' />
    <tag k='building' v='university' />
    <tag k='building:levels' v='3' />
    <tag k='name' v='語文大樓' />
    <tag k='name:en' v='Language Building' />
    <tag k='name:zh' v='語文大樓' />
  </way>
  <way id='283040766' timestamp='2020-03-05T07:40:33Z' uid='6421436' user='SXCKH' visible='true' version='5' changeset='81809849'>
    <nd ref='2869586760' />
    <nd ref='2869586761' />
    <nd ref='2869586762' />
    <nd ref='2869586763' />
    <nd ref='2869586764' />
    <nd ref='2869586766' />
    <nd ref='2869586767' />
    <nd ref='2869586768' />
    <nd ref='2869586769' />
    <nd ref='2869586770' />
    <nd ref='2869586771' />
    <nd ref='2869586772' />
    <nd ref='2869586773' />
    <nd ref='2869586760' />
    <tag k='building' v='university' />
    <tag k='building:levels' v='4' />
    <tag k='name' v='理學大樓' />
    <tag k='name:en' v='Sciences Building' />
    <tag k='name:zh' v='理學大樓' />
  </way>
  <way id='283040767' timestamp='2020-08-27T14:23:14Z' uid='151425' user='cmi3j89d9o' visible='true' version='8' changeset='90013922'>
    <nd ref='2869586774' />
    <nd ref='2869586775' />
    <nd ref='2869586776' />
    <nd ref='2869586777' />
    <nd ref='2869586778' />
    <nd ref='4076435545' />
    <nd ref='2869586774' />
    <tag k='amenity' v='place_of_worship' />
    <tag k='building' v='church' />
    <tag k='building:levels' v='1' />
    <tag k='denomination' v='catholic' />
    <tag k='name' v='天主教立德中心' />
    <tag k='phone' v='+886 04 2452-8842' />
    <tag k='religion' v='christian' />
  </way>
  <way id='283040768' timestamp='2016-03-28T18:12:09Z' uid='3754968' user='Huang sy 0324' visible='true' version='4' changeset='38126502'>
    <nd ref='2869586779' />
    <nd ref='2869586780' />
    <nd ref='2869586781' />
    <nd ref='2869586782' />
    <nd ref='2869586783' />
    <nd ref='2869586784' />
    <nd ref='2869586785' />
    <nd ref='2869586786' />
    <nd ref='2869586787' />
    <nd ref='2869586788' />
    <nd ref='2869586789' />
    <nd ref='2869586779' />
    <tag k='building' v='university' />
    <tag k='building:levels' v='6' />
    <tag k='name' v='土木水利館' />
    <tag k='name:en' v='Civil/Hydraulic Engineering Building' />
    <tag k='name:zh' v='土木水利館' />
  </way>
  <way id='283040769' timestamp='2019-05-17T11:43:32Z' uid='665748' user='sebastic' visible='true' version='11' changeset='70353329'>
    <nd ref='4076439726' />
    <nd ref='2869586793' />
    <nd ref='2869586794' />
    <nd ref='4076439719' />
    <nd ref='4076439720' />
    <nd ref='4076439721' />
    <nd ref='4082489660' />
    <nd ref='4076439722' />
    <nd ref='4076439723' />
    <nd ref='4076439724' />
    <nd ref='4076171191' />
    <nd ref='2869589023' />
    <nd ref='4076439725' />
    <nd ref='4075097859' />
    <nd ref='2869589035' />
    <nd ref='4076439726' />
    <tag k='building' v='university' />
    <tag k='building:levels' v='9' />
    <tag k='level' v='地下1層' />
    <tag k='name' v='學思樓' />
    <tag k='name:en' v='Xuesi Building' />
    <tag k='name:zh' v='學思樓' />
  </way>
  <way id='283040771' timestamp='2016-03-28T18:22:41Z' uid='3754968' user='Huang sy 0324' visible='true' version='5' changeset='38126752'>
    <nd ref='2869588819' />
    <nd ref='2869588820' />
    <nd ref='4082469925' />
    <nd ref='2869588821' />
    <nd ref='4045358033' />
    <nd ref='4045358034' />
    <nd ref='4045358032' />
    <nd ref='4045358031' />
    <nd ref='2869588822' />
    <nd ref='2869588819' />
    <tag k='building' v='university' />
    <tag k='building:levels' v='4' />
    <tag k='name' v='人文社會館' />
    <tag k='name:en' v='Humanities/Social Sciences Building' />
    <tag k='name:zh' v='人文社會館' />
  </way>
  <way id='283040772' timestamp='2016-03-28T18:23:36Z' uid='3754968' user='Huang sy 0324' visible='true' version='4' changeset='38126771'>
    <nd ref='2869588823' />
    <nd ref='4045358032' />
    <nd ref='4045358034' />
    <nd ref='2869588824' />
    <nd ref='2869588825' />
    <nd ref='2869588826' />
    <nd ref='2869588827' />
    <nd ref='2869588828' />
    <nd ref='2869588829' />
    <nd ref='2869588830' />
    <nd ref='2869588823' />
    <tag k='building' v='university' />
    <tag k='building:levels' v='5' />
    <tag k='name' v='電子通訊館' />
    <tag k='name:en' v='Electronic/Communications Engineering Building' />
    <tag k='name:zh' v='電子通訊館' />
  </way>
  <way id='283040773' timestamp='2016-03-28T13:14:48Z' uid='3755144' user='江志展' visible='true' version='4' changeset='38120288'>
    <nd ref='2869588831' />
    <nd ref='4082522091' />
    <nd ref='4079576781' />
    <nd ref='2869588832' />
    <nd ref='2869588833' />
    <nd ref='2869588834' />
    <nd ref='2869588831' />
    <tag k='leisure' v='pitch' />
    <tag k='name' v='排球場' />
    <tag k='sport' v='volleyball' />
  </way>
  <way id='283040774' timestamp='2020-12-06T18:46:46Z' uid='12294502' user='mapalangeo' visible='true' version='5' changeset='95377197'>
    <nd ref='4082954001' />
    <nd ref='2869588836' />
    <nd ref='2869588837' />
    <nd ref='2869588838' />
    <nd ref='4082954001' />
    <tag k='hoops' v='12;2' />
    <tag k='leisure' v='pitch' />
    <tag k='name' v='籃球場;籃3' />
    <tag k='sport' v='basketball' />
    <tag k='surface' v='paved' />
    <tag k='wheelchair' v='yes' />
  </way>
  <way id='283040775' timestamp='2020-11-26T05:30:43Z' uid='274857' user='Supaplex' visible='true' version='6' changeset='94813488'>
    <nd ref='2869588839' />
    <nd ref='2869588840' />
    <nd ref='2869588841' />
    <nd ref='2869588842' />
    <nd ref='2869588839' />
    <tag k='leisure' v='pitch' />
    <tag k='lit' v='yes' />
    <tag k='name' v='網球場' />
    <tag k='name:en' v='Tennis Court' />
    <tag k='name:zh' v='網球場' />
    <tag k='sport' v='tennis' />
    <tag k='wheelchair' v='yes' />
  </way>
  <way id='283040777' timestamp='2016-03-15T07:40:56Z' uid='3715452' user='3333333333333333333333333' visible='true' version='3' changeset='37836020'>
    <nd ref='2869588874' />
    <nd ref='2869588875' />
    <nd ref='2869588876' />
    <nd ref='2869588877' />
    <nd ref='2869588878' />
    <nd ref='2869588879' />
    <nd ref='2869588880' />
    <nd ref='2869588881' />
    <nd ref='2869588874' />
    <tag k='leisure' v='pitch' />
    <tag k='name' v='運動場看台' />
    <tag k='toilets:wheelchair' v='yes' />
  </way>
  <way id='283040778' timestamp='2026-03-16T02:28:00Z' uid='274857' user='Supaplex' visible='true' version='15' changeset='179923827'>
    <nd ref='4076178807' />
    <nd ref='4077644521' />
    <nd ref='4076178805' />
    <nd ref='2869588886' />
    <nd ref='4077644520' />
    <nd ref='4076178801' />
    <nd ref='2869588888' />
    <nd ref='4076178798' />
    <nd ref='4828403242' />
    <nd ref='4076178791' />
    <nd ref='2869588896' />
    <nd ref='4076178790' />
    <nd ref='4076178792' />
    <nd ref='2869588898' />
    <nd ref='2869588899' />
    <nd ref='2869588900' />
    <nd ref='4077644519' />
    <nd ref='4076178793' />
    <nd ref='2869589002' />
    <nd ref='4077644518' />
    <nd ref='2869589004' />
    <nd ref='4077644517' />
    <nd ref='4077644516' />
    <nd ref='2869589005' />
    <nd ref='2869589006' />
    <nd ref='2869589007' />
    <nd ref='4076178810' />
    <nd ref='4076178809' />
    <nd ref='4076178811' />
    <nd ref='3315882143' />
    <nd ref='4077644515' />
    <nd ref='4076178789' />
    <nd ref='3315882142' />
    <nd ref='4077644514' />
    <nd ref='3315882144' />
    <nd ref='4076178808' />
    <nd ref='4076178807' />
    <tag k='addr:city' v='臺中市' />
    <tag k='addr:country' v='TW' />
    <tag k='addr:district' v='西屯區' />
    <tag k='addr:floor' v='1' />
    <tag k='addr:full' v='407臺中市西屯區文華路100號一樓' />
    <tag k='addr:housenumber' v='100' />
    <tag k='addr:postcode' v='407' />
    <tag k='addr:street' v='文華路' />
    <tag k='building' v='university' />
    <tag k='leisure' v='sports_centre' />
    <tag k='level' v='6' />
    <tag k='name' v='體育館' />
    <tag k='name:en' v='Sports Center' />
    <tag k='name:zh' v='體育館' />
    <tag k='sport' v='multi' />
    <tag k='wheelchair' v='limited' />
  </way>
  <way id='283040779' timestamp='2020-11-26T05:30:43Z' uid='274857' user='Supaplex' visible='true' version='5' changeset='94813488'>
    <nd ref='2869589013' />
    <nd ref='2869589014' />
    <nd ref='2869589015' />
    <nd ref='2869589016' />
    <nd ref='2869589013' />
    <tag k='access' v='permit' />
    <tag k='leisure' v='swimming_pool' />
    <tag k='name' v='逢甲大學游泳池' />
    <tag k='name:en' v='Swimming Pool, FCU' />
    <tag k='name:zh' v='逢甲大學游泳池' />
  </way>
  <way id='283040780' timestamp='2022-12-11T07:35:50Z' uid='7674327' user='nfx2851' visible='true' version='4' changeset='129954127'>
    <nd ref='2869589017' />
    <nd ref='2869589018' />
    <nd ref='2869589019' />
    <nd ref='2869589020' />
    <nd ref='2869589021' />
    <nd ref='2869589022' />
    <nd ref='2869589017' />
    <tag k='building' v='university' />
    <tag k='disused:name' v='逢甲校友會館' />
    <tag k='disused:name:en' v='Alumni House' />
    <tag k='disused:name:zh' v='逢甲校友會館' />
    <tag k='name' v='逢甲智慧創新港' />
    <tag k='name:en' v='I-HUB' />
    <tag k='name:zh' v='逢甲智慧創新港' />
  </way>
  <way id='283040781' timestamp='2016-03-24T09:55:21Z' uid='3694277' user='王奕舜' visible='true' version='5' changeset='38037467'>
    <nd ref='2869589023' />
    <nd ref='2869589024' />
    <nd ref='2869589025' />
    <nd ref='2869589026' />
    <nd ref='2869589027' />
    <nd ref='2869589028' />
    <nd ref='2869589029' />
    <nd ref='2869589030' />
    <nd ref='2869589031' />
    <nd ref='2869589032' />
    <nd ref='2869589033' />
    <nd ref='2869589034' />
    <nd ref='2869589035' />
    <nd ref='4075097859' />
    <nd ref='4076439725' />
    <nd ref='2869589023' />
    <tag k='leisure' v='park' />
    <tag k='name' v='學思園' />
    <tag k='name:en' v='Xusei Chinese Garden' />
    <tag k='name:zh' v='學思園' />
  </way>
  <way id='283040782' timestamp='2017-10-26T11:12:02Z' uid='5443326' user='Miller Liu' visible='true' version='7' changeset='53260387'>
    <nd ref='2869589038' />
    <nd ref='4082445875' />
    <nd ref='2869589039' />
    <nd ref='2869589040' />
    <nd ref='2869589041' />
    <nd ref='2869589038' />
    <tag k='name:en' v='Engineering Building' />
  </way>
  <way id='283040783' timestamp='2016-03-25T06:05:57Z' uid='3692942' user='Jia Chian' visible='true' version='3' changeset='38055595'>
    <nd ref='2869589043' />
    <nd ref='2869589044' />
    <nd ref='2869589045' />
    <nd ref='4076170739' />
    <nd ref='2869589046' />
    <nd ref='2869589043' />
    <tag k='amenity' v='fountain' />
  </way>
  <way id='283040784' timestamp='2016-03-07T08:51:49Z' uid='1215520' user='bananatw' visible='true' version='3' changeset='37661037'>
    <nd ref='2869589047' />
    <nd ref='2869589050' />
    <nd ref='2869589051' />
    <nd ref='2869589054' />
    <nd ref='2869589047' />
    <tag k='building' v='university' />
    <tag k='name' v='第一招待所' />
    <tag k='name:en' v='History House' />
    <tag k='name:zh' v='第一招待所' />
  </way>
  <way id='283040785' timestamp='2024-08-27T10:50:26Z' uid='20432891' user='Murrumbidgee' visible='true' version='5' changeset='155825020'>
    <nd ref='2869589056' />
    <nd ref='2869589057' />
    <nd ref='2869589058' />
    <nd ref='2869589059' />
    <nd ref='2869589056' />
    <tag k='building' v='university' />
    <tag k='name' v='丘逢甲紀念館' />
    <tag k='name:en' v='Chiu Feng-Chia Memorial Hall' />
    <tag k='name:zh' v='丘逢甲紀念館' />
  </way>
  <way id='283040786' timestamp='2016-03-07T08:51:48Z' uid='1215520' user='bananatw' visible='true' version='3' changeset='37661037'>
    <nd ref='2869589060' />
    <nd ref='2869589061' />
    <nd ref='2869589062' />
    <nd ref='2869589063' />
    <nd ref='4045358057' />
    <nd ref='4045358059' />
    <nd ref='4045358058' />
    <nd ref='4045358056' />
    <nd ref='2869589060' />
    <tag k='building' v='university' />
    <tag k='name' v='科學與航太館' />
    <tag k='name:en' v='Science and Aeronautical Engineering Building' />
    <tag k='name:zh' v='科學與航太館' />
  </way>
  <way id='283040787' timestamp='2016-03-07T08:51:48Z' uid='1215520' user='bananatw' visible='true' version='3' changeset='37661037'>
    <nd ref='2869589064' />
    <nd ref='2869589065' />
    <nd ref='4045358066' />
    <nd ref='4045358065' />
    <nd ref='4045358067' />
    <nd ref='4045358068' />
    <nd ref='2869589066' />
    <nd ref='2869589067' />
    <nd ref='2869589064' />
  </way>
  <way id='283040788' timestamp='2016-03-28T17:38:48Z' uid='3755744' user='林文揚' visible='true' version='5' changeset='38125751'>
    <nd ref='2869589068' />
    <nd ref='2869589069' />
    <nd ref='2869589070' />
    <nd ref='2869589071' />
    <nd ref='4076402202' />
    <nd ref='2869589068' />
    <tag k='building' v='university' />
    <tag k='building:levels' v='1' />
    <tag k='name' v='行政大樓' />
    <tag k='name:en' v='Administration Building' />
    <tag k='name:zh' v='行政大樓' />
  </way>
  <way id='314203283' timestamp='2025-10-02T14:21:08Z' uid='23354762' user='xu3' visible='true' version='10' changeset='172751782'>
    <nd ref='8806973395' />
    <nd ref='8175902162' />
    <nd ref='8175902163' />
    <nd ref='1167824636' />
    <nd ref='2136851132' />
    <nd ref='8175902169' />
    <nd ref='5308358641' />
    <nd ref='1167824712' />
    <nd ref='7216671768' />
    <nd ref='7216671774' />
    <nd ref='1167824027' />
    <tag k='alt_name' v='便當街' />
    <tag k='highway' v='service' />
    <tag k='maxspeed' v='30' />
    <tag k='name' v='文華路' />
    <tag k='name:en' v='Wenhua Road' />
    <tag k='name:zh' v='文華路' />
    <tag k='oneway' v='no' />
  </way>
  <way id='314203284' timestamp='2024-08-26T18:56:03Z' uid='12620959' user='twF6wdEYwL' visible='true' version='14' changeset='155798037'>
    <nd ref='1167823662' />
    <nd ref='1167824237' />
    <nd ref='12138496534' />
    <nd ref='2402570825' />
    <nd ref='3202497932' />
    <nd ref='1167823882' />
    <nd ref='5479454023' />
    <nd ref='12138497447' />
    <nd ref='746174423' />
    <nd ref='746174332' />
    <nd ref='746174393' />
    <nd ref='746174435' />
    <nd ref='8806937653' />
    <nd ref='5342518980' />
    <nd ref='8175902172' />
    <nd ref='8175902171' />
    <nd ref='8175902170' />
    <nd ref='8806973405' />
    <nd ref='8175902168' />
    <nd ref='8806973400' />
    <nd ref='8806973395' />
    <tag k='highway' v='residential' />
    <tag k='name' v='文華路' />
    <tag k='name:en' v='Wenhua Road' />
    <tag k='name:zh' v='文華路' />
    <tag k='oneway' v='no' />
    <tag k='service' v='alley' />
    <tag k='width' v='4' />
  </way>
  <way id='314203286' timestamp='2021-06-05T13:55:51Z' uid='1439333' user='Littlebtc' visible='true' version='2' changeset='105883489'>
    <nd ref='3202498445' />
    <nd ref='3202498449' />
    <nd ref='3202498440' />
    <nd ref='3202498431' />
    <nd ref='3202498426' />
    <nd ref='8806973412' />
    <nd ref='8806973413' />
    <nd ref='3202498425' />
    <nd ref='3202498422' />
    <nd ref='3202498418' />
    <nd ref='3202498410' />
    <nd ref='3202498411' />
    <nd ref='3202498405' />
    <nd ref='3202498407' />
    <nd ref='8806973411' />
    <nd ref='3202498414' />
    <nd ref='3202498413' />
    <nd ref='3202498420' />
    <nd ref='3202498427' />
    <nd ref='3202498428' />
    <nd ref='3202498445' />
    <tag k='building' v='commercial' />
    <tag k='name' v='碧根廣場' />
    <tag k='shop' v='mall' />
  </way>
  <way id='314203288' timestamp='2025-10-02T14:21:08Z' uid='23354762' user='xu3' visible='true' version='9' changeset='172751782'>
    <nd ref='2386180175' />
    <nd ref='8175902145' />
    <nd ref='8175902147' />
    <nd ref='8806973408' />
    <nd ref='8806973396' />
    <nd ref='8806973395' />
    <tag k='bicycle' v='yes' />
    <tag k='highway' v='residential' />
    <tag k='maxspeed' v='25' />
    <tag k='name' v='逢甲路' />
    <tag k='name:en' v='Fengjia Road' />
    <tag k='name:zh' v='逢甲路' />
    <tag k='oneway' v='no' />
    <tag k='width' v='8' />
  </way>
  <way id='336804636' timestamp='2026-06-14T07:06:46Z' uid='1439333' user='Littlebtc' visible='true' version='8' changeset='184081927'>
    <nd ref='3438945549' />
    <nd ref='7025023171' />
    <nd ref='13937832347' />
    <nd ref='3438945553' />
    <nd ref='3438945550' />
    <nd ref='13184032167' />
    <nd ref='8174032254' />
    <nd ref='3438945551' />
    <tag k='highway' v='service' />
    <tag k='name' v='西安街277巷' />
    <tag k='name:en' v='Lane 277, Xi-an Street' />
    <tag k='name:zh' v='西安街277巷' />
    <tag k='source' v='Taichung City' />
  </way>
  <way id='337349411' timestamp='2020-03-05T00:35:33Z' uid='6421436' user='SXCKH' visible='true' version='10' changeset='81796221'>
    <nd ref='7216723008' />
    <nd ref='3444462149' />
    <nd ref='3444462154' />
    <tag k='highway' v='pedestrian' />
    <tag k='name' v='分手步道' />
    <tag k='surface' v='concrete:lanes' />
  </way>
  <way id='340922571' timestamp='2020-08-12T08:38:19Z' uid='10696964' user='Tzchung' visible='true' version='4' changeset='89290662'>
    <nd ref='3481462304' />
    <nd ref='7216671744' />
    <nd ref='7216723034' />
    <tag k='highway' v='pedestrian' />
    <tag k='name' v='文華路96巷' />
  </way>
  <way id='340922575' timestamp='2021-07-23T13:18:57Z' uid='12620959' user='twF6wdEYwL' visible='true' version='2' changeset='108496116'>
    <nd ref='3481462038' />
    <nd ref='3481462039' />
    <nd ref='3481462053' />
    <nd ref='3481462303' />
    <nd ref='3481462297' />
    <nd ref='3481462156' />
    <nd ref='3481462155' />
    <nd ref='3481462285' />
    <nd ref='3481462277' />
    <nd ref='3481462273' />
    <nd ref='3481462047' />
    <nd ref='3481462038' />
    <tag k='landuse' v='residential' />
    <tag k='name' v='大鵬新城' />
    <tag k='residential' v='apartments' />
  </way>
  <way id='397387971' timestamp='2016-03-28T18:35:21Z' uid='3754968' user='Huang sy 0324' visible='true' version='3' changeset='38127034'>
    <nd ref='4001842784' />
    <nd ref='4001842785' />
    <nd ref='4001842786' />
    <nd ref='4001842787' />
    <nd ref='4001842784' />
    <tag k='building' v='university' />
    <tag k='building:levels' v='2' />
    <tag k='name' v='文華創意中心' />
    <tag k='name:en' v='Wenhwa Innovation Center' />
    <tag k='name:zh' v='文華創意中心' />
  </way>
  <way id='402105180' timestamp='2026-03-16T02:28:00Z' uid='274857' user='Supaplex' visible='true' version='8' changeset='179923827'>
    <nd ref='2616878097' />
    <nd ref='4075303899' />
    <nd ref='4045358026' />
    <nd ref='4076736488' />
    <nd ref='4045358025' />
    <nd ref='4077644522' />
    <nd ref='2616878097' />
    <tag k='addr:city' v='臺中市' />
    <tag k='addr:country' v='TW' />
    <tag k='addr:district' v='西屯區' />
    <tag k='addr:full' v='臺中市西屯區文華路100號' />
    <tag k='addr:housenumber' v='100' />
    <tag k='addr:street' v='文華路' />
    <tag k='building' v='university' />
    <tag k='building:levels' v='4' />
    <tag k='name' v='建築館' />
    <tag k='name:en' v='Architecture Building' />
    <tag k='name:zh' v='建築館' />
  </way>
  <way id='402105181' timestamp='2016-03-07T08:51:42Z' uid='1215520' user='bananatw' visible='true' version='1' changeset='37661037'>
    <nd ref='4045358027' />
    <nd ref='4045358028' />
    <nd ref='4045358029' />
    <nd ref='4045358030' />
    <nd ref='4045358027' />
  </way>
  <way id='402105182' timestamp='2016-03-07T08:51:42Z' uid='1215520' user='bananatw' visible='true' version='1' changeset='37661037'>
    <nd ref='4045358069' />
    <nd ref='4045358070' />
    <nd ref='4045358071' />
    <nd ref='4045358072' />
    <nd ref='4045358069' />
  </way>
  <way id='402105183' timestamp='2017-04-29T11:21:10Z' uid='3277230' user='Polarbear-repair' visible='true' version='3' changeset='48253227'>
    <nd ref='4045358081' />
    <nd ref='4045358082' />
    <nd ref='4045358083' />
    <nd ref='4045358084' />
    <nd ref='4045358081' />
    <tag k='leisure' v='sports_centre' />
    <tag k='name' v='攀岩場' />
    <tag k='sport' v='climbing' />
  </way>
  <way id='402105184' timestamp='2020-02-16T15:52:05Z' uid='6421436' user='SXCKH' visible='true' version='3' changeset='81074577'>
    <nd ref='4045358085' />
    <nd ref='4045358086' />
    <nd ref='4045358087' />
    <nd ref='4045358088' />
    <nd ref='4045358089' />
    <nd ref='4045358090' />
    <nd ref='4045358091' />
    <nd ref='4045358092' />
    <nd ref='4045358093' />
    <nd ref='4045358094' />
    <nd ref='4045358095' />
    <nd ref='4045358096' />
    <nd ref='4045358097' />
    <nd ref='4045358098' />
    <nd ref='4045358099' />
    <nd ref='4045358100' />
    <nd ref='4045358101' />
    <nd ref='4045358102' />
    <nd ref='4045358103' />
    <nd ref='4045358104' />
    <nd ref='4045358105' />
    <nd ref='4045358106' />
    <nd ref='4045358107' />
    <nd ref='4045358108' />
    <nd ref='4045358109' />
    <nd ref='4045358110' />
    <nd ref='4045358111' />
    <nd ref='4045358112' />
    <nd ref='4045358113' />
    <nd ref='4045358114' />
    <nd ref='4045358115' />
    <nd ref='4045358116' />
    <nd ref='4045358117' />
    <nd ref='4045358118' />
    <nd ref='7216722989' />
    <nd ref='4075098809' />
    <nd ref='4045358085' />
  </way>
  <way id='402105185' timestamp='2020-03-05T07:40:33Z' uid='6421436' user='SXCKH' visible='true' version='3' changeset='81809849'>
    <nd ref='4045358119' />
    <nd ref='4045358120' />
    <nd ref='4077644509' />
    <nd ref='4077644507' />
    <nd ref='4045358122' />
    <nd ref='4045358123' />
    <nd ref='4045358124' />
    <nd ref='4077644505' />
    <nd ref='4045358126' />
    <nd ref='4077644508' />
    <nd ref='4045358128' />
    <nd ref='4045358129' />
    <nd ref='4045358130' />
    <nd ref='4045358131' />
    <nd ref='4045358132' />
    <nd ref='4077644510' />
    <nd ref='4045358134' />
    <nd ref='4077644504' />
    <nd ref='4045358136' />
    <nd ref='4045358137' />
    <nd ref='4045358138' />
    <nd ref='4077644511' />
    <nd ref='4045358139' />
    <nd ref='4045358140' />
    <nd ref='4077644501' />
    <nd ref='4045358141' />
    <nd ref='4077644502' />
    <nd ref='4045358142' />
    <nd ref='4045358143' />
    <nd ref='4045358144' />
    <nd ref='4045358145' />
    <nd ref='4045358119' />
  </way>
  <way id='405035046' timestamp='2020-02-16T15:52:05Z' uid='6421436' user='SXCKH' visible='true' version='4' changeset='81074577'>
    <nd ref='2869586749' />
    <nd ref='4072620304' />
    <nd ref='4072620305' />
    <nd ref='2869586748' />
    <nd ref='7216723002' />
    <nd ref='7216723003' />
    <nd ref='7216723005' />
    <nd ref='7216723001' />
    <nd ref='2869586749' />
    <tag k='area' v='yes' />
    <tag k='highway' v='pedestrian' />
    <tag k='name' v='人言大樓廣場' />
  </way>
  <way id='405071374' timestamp='2021-06-05T13:55:51Z' uid='1439333' user='Littlebtc' visible='true' version='2' changeset='105883489'>
    <nd ref='4072937099' />
    <nd ref='4072937100' />
    <nd ref='4072937101' />
    <nd ref='4072937102' />
    <nd ref='4072937103' />
    <nd ref='4072937104' />
    <nd ref='4072937099' />
    <tag k='building' v='yes' />
    <tag k='building:levels' v='1' />
    <tag k='name' v='逢甲大學大門警衛室' />
  </way>
  <way id='405072911' timestamp='2016-03-24T13:51:00Z' uid='3694277' user='王奕舜' visible='true' version='4' changeset='38041905'>
    <nd ref='4072948983' />
    <nd ref='4072948984' />
    <nd ref='4076712232' />
    <nd ref='4076726218' />
    <nd ref='4072948983' />
    <tag k='building' v='yes' />
    <tag k='building:levels' v='3' />
    <tag k='name' v='第一停車場(一棚)' />
  </way>
  <way id='405246747' timestamp='2020-12-02T09:44:16Z' uid='274857' user='Supaplex' visible='true' version='4' changeset='95145395'>
    <nd ref='4074596991' />
    <nd ref='4074596992' />
    <nd ref='4074596993' />
    <nd ref='4074596994' />
    <nd ref='4074596991' />
    <tag k='building' v='yes' />
    <tag k='building:levels' v='1' />
    <tag k='name' v='學思園' />
    <tag k='name:en' v='Xuesi Chinese Garden' />
    <tag k='name:zh' v='學思園' />
  </way>
  <way id='405246749' timestamp='2020-03-05T00:35:33Z' uid='6421436' user='SXCKH' visible='true' version='5' changeset='81796221'>
    <nd ref='4074597003' />
    <nd ref='7265044049' />
    <nd ref='4074597004' />
    <nd ref='7216723012' />
    <nd ref='7265044047' />
    <nd ref='4074597005' />
    <nd ref='4074597006' />
    <tag k='highway' v='pedestrian' />
    <tag k='surface' v='亮面磁磚' />
  </way>
  <way id='405246750' timestamp='2017-05-01T10:03:36Z' uid='1293194' user='nevw' visible='true' version='4' changeset='48302557'>
    <nd ref='4828403240' />
    <nd ref='4074597007' />
    <nd ref='4828403243' />
    <nd ref='4828403239' />
    <nd ref='4828403240' />
    <tag k='leisure' v='track' />
    <tag k='name' v='室內跑道' />
    <tag k='sport' v='running' />
  </way>
  <way id='405247669' timestamp='2024-08-12T11:33:04Z' uid='12620959' user='twF6wdEYwL' visible='true' version='2' changeset='155142942'>
    <nd ref='4074606401' />
    <nd ref='4074606402' />
    <nd ref='4074606403' />
    <nd ref='4074606404' />
    <nd ref='4074606401' />
    <tag k='amenity' v='parking' />
    <tag k='name' v='停車場' />
    <tag k='parking' v='surface' />
  </way>
  <way id='405302428' timestamp='2020-12-05T22:46:15Z' uid='274857' user='Supaplex' visible='true' version='9' changeset='95350870'>
    <nd ref='4075097856' />
    <nd ref='4075097857' />
    <nd ref='4075097858' />
    <nd ref='4079599830' />
    <nd ref='4079565743' />
    <nd ref='4079557905' />
    <nd ref='4075097864' />
    <nd ref='4075097865' />
    <nd ref='4075097866' />
    <nd ref='4075097867' />
    <nd ref='4079565744' />
    <nd ref='4075097869' />
    <nd ref='4075097870' />
    <nd ref='4075097871' />
    <nd ref='4075097872' />
    <nd ref='4075097873' />
    <nd ref='4075097874' />
    <nd ref='4075097875' />
    <nd ref='4075097876' />
    <nd ref='4075097877' />
    <nd ref='4079565597' />
    <nd ref='4075097856' />
    <tag k='name' v='學思湖' />
    <tag k='name:en' v='Xuesi Lake' />
    <tag k='name:zh' v='學思湖' />
    <tag k='natural' v='water' />
    <tag k='water' v='basin' />
  </way>
  <way id='405302430' timestamp='2020-03-05T07:40:33Z' uid='6421436' user='SXCKH' visible='true' version='2' changeset='81809849'>
    <nd ref='4075097879' />
    <nd ref='4075097880' />
    <nd ref='7265639327' />
    <nd ref='7265639326' />
    <nd ref='4075097881' />
    <nd ref='4075097882' />
    <nd ref='4075097879' />
    <tag k='name' v='學思湖' />
    <tag k='natural' v='water' />
    <tag k='water' v='pond' />
  </way>
  <way id='405302431' timestamp='2024-04-17T22:44:38Z' uid='12620959' user='twF6wdEYwL' visible='true' version='4' changeset='150149396'>
    <nd ref='4075098795' />
    <nd ref='4075098796' />
    <nd ref='4077644490' />
    <nd ref='4075098797' />
    <nd ref='4075098798' />
    <nd ref='4079557906' />
    <nd ref='4075098795' />
    <tag k='amenity' v='parking' />
    <tag k='name' v='汽車停車場' />
    <tag k='parking' v='surface' />
  </way>
  <way id='405302432' timestamp='2024-04-17T22:44:38Z' uid='12620959' user='twF6wdEYwL' visible='true' version='6' changeset='150149396'>
    <nd ref='4075098799' />
    <nd ref='4075098800' />
    <nd ref='4077644489' />
    <nd ref='7265639296' />
    <nd ref='4075098801' />
    <nd ref='4075098802' />
    <nd ref='4083456858' />
    <nd ref='4075098799' />
    <tag k='amenity' v='parking' />
    <tag k='name' v='汽車停車場' />
    <tag k='parking' v='surface' />
  </way>
  <way id='405302434' timestamp='2024-04-17T22:44:38Z' uid='12620959' user='twF6wdEYwL' visible='true' version='3' changeset='150149396'>
    <nd ref='4075098804' />
    <nd ref='4075098805' />
    <nd ref='4075098806' />
    <nd ref='4075098807' />
    <nd ref='4074659827' />
    <nd ref='4075098804' />
    <tag k='amenity' v='parking' />
    <tag k='name' v='汽車停車場' />
    <tag k='parking' v='surface' />
  </way>
  <way id='405302435' timestamp='2020-08-12T08:40:04Z' uid='10696964' user='Tzchung' visible='true' version='3' changeset='89290662'>
    <nd ref='4075098811' />
    <nd ref='4075098817' />
    <nd ref='4075098812' />
    <nd ref='7216671784' />
    <nd ref='4075098813' />
    <nd ref='7216722990' />
    <nd ref='7216722985' />
    <nd ref='7216722986' />
    <nd ref='7216722987' />
    <nd ref='7216722988' />
    <nd ref='7216722989' />
    <tag k='highway' v='pedestrian' />
    <tag k='layer' v='-1' />
    <tag k='noname' v='yes' />
  </way>
  <way id='405302439' timestamp='2020-02-16T15:52:05Z' uid='6421436' user='SXCKH' visible='true' version='2' changeset='81074577'>
    <nd ref='4075098817' />
    <nd ref='7216671771' />
    <nd ref='4075098818' />
    <nd ref='7216671778' />
    <nd ref='7216671779' />
    <nd ref='7216671780' />
    <nd ref='7216671777' />
    <tag k='highway' v='pedestrian' />
  </way>
  <way id='405321662' timestamp='2020-02-16T15:52:05Z' uid='6421436' user='SXCKH' visible='true' version='3' changeset='81074577'>
    <nd ref='4075277720' />
    <nd ref='4080168040' />
    <nd ref='1324618984' />
    <tag k='highway' v='pedestrian' />
  </way>
  <way id='405321663' timestamp='2016-03-29T07:55:28Z' uid='3755834' user='薛禹康' visible='true' version='6' changeset='38138072'>
    <nd ref='4075277721' />
    <nd ref='1324618995' />
    <nd ref='4075277722' />
    <nd ref='4075277723' />
    <nd ref='4076403378' />
    <nd ref='4076712233' />
    <nd ref='4075277721' />
    <tag k='area' v='yes' />
    <tag k='foot' v='yes' />
    <tag k='highway' v='footway' />
    <tag k='motor_vehicle' v='no' />
    <tag k='name' v='榕榕大道' />
  </way>
  <way id='405323119' timestamp='2016-03-24T15:45:44Z' uid='274857' user='Supaplex' visible='true' version='2' changeset='38043990'>
    <nd ref='4075283600' />
    <nd ref='4075283601' />
    <nd ref='4075283602' />
    <nd ref='4075283603' />
    <nd ref='4075283600' />
    <tag k='leisure' v='pitch' />
    <tag k='name' v='手球場' />
    <tag k='sport' v='handball' />
  </way>
  <way id='405419759' timestamp='2016-03-24T15:45:44Z' uid='274857' user='Supaplex' visible='true' version='2' changeset='38043990'>
    <nd ref='4076879085' />
    <nd ref='4076879086' />
    <nd ref='4076882289' />
    <nd ref='4076879088' />
    <nd ref='4076879087' />
    <nd ref='4076879085' />
    <tag k='building' v='yes' />
  </way>
  <way id='405419760' timestamp='2020-03-05T07:40:33Z' uid='6421436' user='SXCKH' visible='true' version='4' changeset='81809849'>
    <nd ref='4045358130' />
    <nd ref='4045358129' />
    <nd ref='4045358128' />
    <nd ref='4077644508' />
    <nd ref='4045358126' />
    <nd ref='4077644505' />
    <nd ref='4045358124' />
    <nd ref='4045358123' />
    <nd ref='4045358122' />
    <nd ref='4077644507' />
    <nd ref='4045358120' />
    <nd ref='4045358119' />
    <nd ref='4045358145' />
    <nd ref='4045358144' />
    <nd ref='4045358143' />
    <nd ref='4045358142' />
    <nd ref='4077644502' />
    <nd ref='4045358141' />
    <nd ref='4077644501' />
    <nd ref='4045358140' />
    <nd ref='4045358139' />
    <nd ref='4077644511' />
    <nd ref='4045358138' />
    <nd ref='4045358137' />
    <nd ref='4045358136' />
    <nd ref='4077644504' />
    <nd ref='4045358134' />
    <nd ref='4077644510' />
    <tag k='name' v='400m跑道' />
  </way>
  <way id='405420942' timestamp='2020-03-05T07:40:33Z' uid='6421436' user='SXCKH' visible='true' version='3' changeset='81809849'>
    <nd ref='4077644509' />
    <nd ref='4077644510' />
    <nd ref='4045358134' />
    <nd ref='4076256963' />
    <nd ref='4045358119' />
    <nd ref='4045358120' />
    <nd ref='4077644509' />
    <tag k='landuse' v='grass' />
    <tag k='name' v='草坪' />
  </way>
  <way id='405420943' timestamp='2016-03-28T18:07:04Z' uid='3755930' user='imDadiao' visible='true' version='2' changeset='38126395'>
    <nd ref='4076256982' />
    <nd ref='4076417406' />
    <nd ref='4076256983' />
    <nd ref='4076256984' />
    <nd ref='4076256985' />
    <nd ref='4076256982' />
    <tag k='area' v='yes' />
    <tag k='name' v='休息區' />
  </way>
  <way id='405433818' timestamp='2016-03-24T15:45:46Z' uid='274857' user='Supaplex' visible='true' version='2' changeset='38043990'>
    <nd ref='4076368860' />
    <nd ref='4076368863' />
    <tag k='name' v='龍柏樹區' />
    <tag k='natural' v='tree_row' />
  </way>
  <way id='405437251' timestamp='2016-03-24T09:18:10Z' uid='3715399' user='羅詔謙' visible='true' version='1' changeset='38036813'>
    <nd ref='4076402196' />
    <nd ref='4076402197' />
    <nd ref='4076402198' />
    <nd ref='4076402199' />
    <tag k='highway' v='pedestrian' />
    <tag k='name' v='無障礙坡道' />
  </way>
  <way id='405437252' timestamp='2016-03-27T09:11:48Z' uid='3751987' user='吕天天' visible='true' version='3' changeset='38096342'>
    <nd ref='1324619093' />
    <nd ref='4081020618' />
    <nd ref='4076402201' />
    <nd ref='4076402202' />
    <tag k='highway' v='footway' />
    <tag k='name' v='導盲磚線' />
  </way>
  <way id='405494567' timestamp='2025-06-21T01:50:58Z' uid='18325668' user='EMU800' visible='true' version='5' changeset='167895697'>
    <nd ref='1324619025' />
    <nd ref='1184155703' />
    <nd ref='5479454024' />
    <nd ref='8175902172' />
    <tag k='highway' v='footway' />
  </way>
  <way id='405592867' timestamp='2020-03-05T07:40:33Z' uid='6421436' user='SXCKH' visible='true' version='2' changeset='81809849'>
    <nd ref='4077644509' />
    <nd ref='4077644510' />
    <nd ref='4045358132' />
    <nd ref='4045358131' />
    <nd ref='4045358130' />
    <nd ref='4045358129' />
    <nd ref='4045358128' />
    <nd ref='4077644508' />
    <nd ref='4045358126' />
    <nd ref='4077644505' />
    <nd ref='4045358124' />
    <nd ref='4045358123' />
    <nd ref='4045358122' />
    <nd ref='4077644507' />
    <nd ref='4077644509' />
    <tag k='leisure' v='pitch' />
  </way>
  <way id='405592868' timestamp='2020-03-05T07:40:33Z' uid='6421436' user='SXCKH' visible='true' version='2' changeset='81809849'>
    <nd ref='4045358119' />
    <nd ref='4076256963' />
    <nd ref='4045358134' />
    <nd ref='4077644504' />
    <nd ref='4045358136' />
    <nd ref='4045358137' />
    <nd ref='4077644511' />
    <nd ref='4045358139' />
    <nd ref='4045358140' />
    <nd ref='4077644501' />
    <nd ref='4045358141' />
    <nd ref='4045358142' />
    <nd ref='4045358143' />
    <nd ref='4045358144' />
    <nd ref='4045358145' />
    <nd ref='4045358119' />
    <tag k='leisure' v='pitch' />
  </way>
  <way id='405675216' timestamp='2020-03-05T07:40:33Z' uid='6421436' user='SXCKH' visible='true' version='2' changeset='81809849'>
    <nd ref='4078340035' />
    <nd ref='4078340036' />
    <nd ref='4078340037' />
    <nd ref='4078340038' />
    <nd ref='4078340039' />
    <nd ref='4078340040' />
    <nd ref='4078340041' />
    <nd ref='4078340042' />
    <nd ref='4078340043' />
    <nd ref='4078340035' />
    <tag k='amenity' v='recycling' />
    <tag k='name' v='資源回收場' />
    <tag k='recycling_type' v='centre' />
  </way>
  <way id='405803299' timestamp='2020-02-16T15:52:05Z' uid='6421436' user='SXCKH' visible='true' version='2' changeset='81074577'>
    <nd ref='7216671764' />
    <nd ref='4079566413' />
    <nd ref='7216671759' />
    <nd ref='7216671763' />
    <tag k='highway' v='pedestrian' />
  </way>
  <way id='405805242' timestamp='2020-08-12T08:40:28Z' uid='10696964' user='Tzchung' visible='true' version='3' changeset='89290893'>
    <nd ref='4074597011' />
    <nd ref='4074597008' />
    <nd ref='4828403238' />
    <nd ref='4828403241' />
    <nd ref='4074597010' />
    <nd ref='4074597011' />
    <tag k='leisure' v='stadium' />
    <tag k='name' v='逢甲大學體育館' />
  </way>
  <way id='405974258' timestamp='2025-06-21T01:50:58Z' uid='18325668' user='EMU800' visible='true' version='3' changeset='167895697'>
    <nd ref='12941761841' />
    <nd ref='12941761842' />
    <nd ref='12941761839' />
    <nd ref='12941761845' />
    <nd ref='12941761841' />
    <tag k='amenity' v='parking' />
    <tag k='name' v='停車場' />
    <tag k='parking' v='surface' />
  </way>
  <way id='405974391' timestamp='2016-03-28T07:34:38Z' uid='3672350' user='jou tzu' visible='true' version='2' changeset='38113595'>
    <nd ref='2869589039' />
    <nd ref='4082445875' />
    <nd ref='2869589038' />
    <nd ref='2869589041' />
    <nd ref='2869589040' />
    <nd ref='2869589039' />
    <tag k='area' v='yes' />
    <tag k='name' v='工學館' />
  </way>
  <way id='405975117' timestamp='2020-02-16T15:52:05Z' uid='6421436' user='SXCKH' visible='true' version='4' changeset='81074577'>
    <nd ref='5479454022' />
    <nd ref='7216671758' />
    <nd ref='5479454021' />
    <nd ref='4081052494' />
    <nd ref='4081052495' />
    <nd ref='5479454022' />
    <tag k='amenity' v='motorcycle_parking' />
    <tag k='foot' v='yes' />
    <tag k='name' v='機車&amp;腳踏車停車場' />
  </way>
  <way id='405976559' timestamp='2016-03-27T09:51:17Z' uid='3700780' user='吳兆鴻' visible='true' version='1' changeset='38096843'>
    <nd ref='4081067146' />
    <nd ref='4081067147' />
    <nd ref='4081067148' />
    <nd ref='4081067149' />
    <nd ref='4081067150' />
    <nd ref='4081067151' />
    <nd ref='4081067152' />
    <nd ref='4081067153' />
    <nd ref='4081067146' />
    <tag k='amenity' v='shelter' />
    <tag k='name' v='理學大樓中央休息區' />
  </way>
  <way id='405978446' timestamp='2020-02-16T15:52:05Z' uid='6421436' user='SXCKH' visible='true' version='3' changeset='81074577'>
    <nd ref='4001842784' />
    <nd ref='4081081411' />
    <nd ref='7216671765' />
    <nd ref='4081081412' />
    <nd ref='4001842785' />
    <nd ref='4001842784' />
    <tag k='amenity' v='parking' />
    <tag k='fee' v='no' />
    <tag k='maxstay' v='1 day' />
    <tag k='name' v='地下停車場入口' />
    <tag k='parking' v='underground' />
    <tag k='supervised' v='no' />
  </way>
  <way id='406140592' timestamp='2016-03-28T07:45:18Z' uid='3672350' user='jou tzu' visible='true' version='1' changeset='38113774'>
    <nd ref='4082466710' />
    <nd ref='4082466711' />
    <nd ref='4082466712' />
    <nd ref='4082466713' />
    <nd ref='4082466710' />
    <tag k='area' v='yes' />
    <tag k='name' v='下水前沖洗區' />
  </way>
  <way id='406143321' timestamp='2020-02-16T15:52:05Z' uid='6421436' user='SXCKH' visible='true' version='2' changeset='81074577'>
    <nd ref='4082489660' />
    <nd ref='4082489661' />
    <nd ref='4082489662' />
    <nd ref='4082489663' />
    <nd ref='4082489664' />
    <nd ref='4082489665' />
    <nd ref='4082489666' />
    <nd ref='4082489667' />
    <nd ref='4082489660' />
    <tag k='highway' v='steps' />
    <tag k='name' v='學思樓室外梯' />
  </way>
  <way id='406144419' timestamp='2016-03-28T08:09:04Z' uid='3672350' user='jou tzu' visible='true' version='1' changeset='38114133'>
    <nd ref='4082505993' />
    <nd ref='4082505994' />
    <nd ref='4082505995' />
    <nd ref='4082505996' />
    <nd ref='4082505993' />
    <tag k='area' v='yes' />
    <tag k='name' v='座椅區' />
  </way>
  <way id='406144778' timestamp='2016-03-28T18:39:33Z' uid='3754968' user='Huang sy 0324' visible='true' version='2' changeset='38127136'>
    <nd ref='4082506033' />
    <nd ref='4083507512' />
    <nd ref='4082506034' />
    <nd ref='4082506035' />
    <nd ref='4082506036' />
    <nd ref='4082506033' />
    <tag k='area' v='yes' />
    <tag k='name' v='行人通道' />
  </way>
  <way id='406147107' timestamp='2016-03-28T08:24:24Z' uid='3754505' user='jianlu' visible='true' version='1' changeset='38114425'>
    <nd ref='4082530316' />
    <nd ref='4082530317' />
    <nd ref='4082530318' />
    <tag k='name' v='無障礙坡道' />
  </way>
  <way id='406151656' timestamp='2020-03-05T07:40:33Z' uid='6421436' user='SXCKH' visible='true' version='2' changeset='81809849'>
    <nd ref='4082583735' />
    <nd ref='4082583736' />
    <tag k='highway' v='path' />
    <tag k='name' v='跳遠跑道' />
  </way>
  <way id='406220011' timestamp='2016-03-28T15:56:34Z' uid='3755469' user='davidlucaswu' visible='true' version='1' changeset='38123552'>
    <nd ref='4083223751' />
    <nd ref='4083223752' />
    <nd ref='4083223753' />
    <nd ref='4083223754' />
    <nd ref='4083223751' />
    <tag k='area' v='yes' />
    <tag k='name' v='周三市集' />
  </way>
  <way id='406231867' timestamp='2020-03-05T07:40:33Z' uid='6421436' user='SXCKH' visible='true' version='2' changeset='81809849'>
    <nd ref='4045358119' />
    <nd ref='4045358120' />
    <nd ref='4077644507' />
    <nd ref='4045358122' />
    <nd ref='4045358123' />
    <nd ref='4045358124' />
    <nd ref='4077644505' />
    <nd ref='4045358126' />
    <nd ref='4077644508' />
    <nd ref='4045358128' />
    <nd ref='4045358129' />
    <nd ref='4045358130' />
    <nd ref='4045358131' />
    <nd ref='4045358132' />
    <nd ref='4077644510' />
    <nd ref='4045358134' />
    <nd ref='4077644504' />
    <nd ref='4045358136' />
    <nd ref='4045358137' />
    <nd ref='4045358138' />
    <nd ref='4045358139' />
    <nd ref='4045358140' />
    <nd ref='4077644501' />
    <nd ref='4045358141' />
    <nd ref='4077644502' />
    <nd ref='4045358142' />
    <nd ref='4045358143' />
    <nd ref='4045358144' />
    <nd ref='4045358145' />
    <nd ref='4045358119' />
    <tag k='aeroway' v='runway' />
    <tag k='area' v='yes' />
  </way>
  <way id='406234519' timestamp='2016-03-28T16:59:20Z' uid='3715460' user='Soulwind' visible='true' version='1' changeset='38124887'>
    <nd ref='4083338613' />
    <nd ref='4083338614' />
    <nd ref='4083338615' />
    <nd ref='4083338616' />
    <nd ref='4083338613' />
    <tag k='area' v='yes' />
    <tag k='name' v='工學館一樓休息區' />
  </way>
  <way id='406257136' timestamp='2016-03-28T18:39:33Z' uid='3754968' user='Huang sy 0324' visible='true' version='1' changeset='38127136'>
    <nd ref='4083507509' />
    <nd ref='4083507510' />
    <nd ref='4083507511' />
    <nd ref='4083507512' />
    <tag k='bicycle' v='no' />
    <tag k='foot' v='yes' />
    <tag k='highway' v='path' />
    <tag k='motor_vehicle' v='no' />
  </way>
  <way id='406369357' timestamp='2021-10-03T12:17:59Z' uid='1983103' user='Jorisbo' visible='true' version='2' changeset='112031413'>
    <nd ref='4084440788' />
    <nd ref='4084441889' />
    <nd ref='4084441890' />
    <tag k='barrier' v='gate' />
    <tag k='foot' v='yes' />
    <tag k='horse' v='yes' />
    <tag k='note' v='平常未開放' />
  </way>
  <way id='406369358' timestamp='2021-09-19T08:12:03Z' uid='1983103' user='Jorisbo' visible='true' version='2' changeset='111398031'>
    <nd ref='4084441891' />
    <nd ref='4084441892' />
    <tag k='barrier' v='gate' />
    <tag k='bicycle' v='no' />
    <tag k='foot' v='yes' />
    <tag k='horse' v='yes' />
    <tag k='motor_vehicle' v='no' />
    <tag k='note' v='平常不開放' />
  </way>
  <way id='406369359' timestamp='2021-10-03T12:17:32Z' uid='1983103' user='Jorisbo' visible='true' version='2' changeset='112031402'>
    <nd ref='4084441893' />
    <nd ref='4084441894' />
    <tag k='barrier' v='gate' />
    <tag k='foot' v='yes' />
    <tag k='horse' v='yes' />
    <tag k='note' v='平常未開放' />
  </way>
  <way id='406369360' timestamp='2021-10-03T12:17:45Z' uid='1983103' user='Jorisbo' visible='true' version='2' changeset='112031408'>
    <nd ref='4084441895' />
    <nd ref='4084441896' />
    <tag k='barrier' v='gate' />
    <tag k='foot' v='yes' />
    <tag k='horse' v='yes' />
    <tag k='note' v='平常未開放' />
  </way>
  <way id='406369361' timestamp='2025-06-21T01:50:58Z' uid='18325668' user='EMU800' visible='true' version='3' changeset='167895697'>
    <nd ref='4084441897' />
    <nd ref='1184155703' />
    <nd ref='4084441898' />
    <tag k='access' v='no' />
    <tag k='barrier' v='gate' />
    <tag k='bicycle' v='yes' />
    <tag k='foot' v='yes' />
    <tag k='horse' v='yes' />
    <tag k='motor_vehicle' v='no' />
    <tag k='name' v='逢甲大學舊大門' />
  </way>
  <way id='406369362' timestamp='2025-06-21T01:50:58Z' uid='18325668' user='EMU800' visible='true' version='2' changeset='167895697'>
    <nd ref='4084441900' />
    <nd ref='1184155692' />
    <tag k='barrier' v='gate' />
  </way>
  <way id='406369363' timestamp='2016-03-29T05:52:09Z' uid='3736878' user='黃莉涵' visible='true' version='1' changeset='38135879'>
    <nd ref='4084441902' />
    <nd ref='4084441903' />
    <tag k='barrier' v='gate' />
    <tag k='bicycle' v='no' />
    <tag k='foot' v='yes' />
    <tag k='horse' v='no' />
    <tag k='motor_vehicle' v='no' />
  </way>
  <way id='406369364' timestamp='2016-03-29T05:52:09Z' uid='3736878' user='黃莉涵' visible='true' version='1' changeset='38135879'>
    <nd ref='4084441904' />
    <nd ref='4084441905' />
    <tag k='barrier' v='gate' />
    <tag k='bicycle' v='no' />
    <tag k='foot' v='yes' />
    <tag k='horse' v='no' />
    <tag k='motor_vehicle' v='no' />
  </way>
  <way id='406369365' timestamp='2016-03-29T05:52:09Z' uid='3736878' user='黃莉涵' visible='true' version='1' changeset='38135879'>
    <nd ref='4084441910' />
    <nd ref='4084441911' />
    <tag k='access' v='no' />
    <tag k='barrier' v='gate' />
    <tag k='bicycle' v='yes' />
    <tag k='foot' v='yes' />
  </way>
  <way id='406369366' timestamp='2016-03-29T05:52:09Z' uid='3736878' user='黃莉涵' visible='true' version='1' changeset='38135879'>
    <nd ref='4084441912' />
    <nd ref='4084441913' />
    <tag k='highway' v='steps' />
  </way>
  <way id='406369367' timestamp='2016-03-29T05:52:09Z' uid='3736878' user='黃莉涵' visible='true' version='1' changeset='38135879'>
    <nd ref='4084441914' />
    <nd ref='4084441915' />
    <tag k='highway' v='steps' />
  </way>
  <way id='406369368' timestamp='2016-03-29T05:52:09Z' uid='3736878' user='黃莉涵' visible='true' version='1' changeset='38135879'>
    <nd ref='4084441916' />
    <nd ref='4084441917' />
    <tag k='highway' v='steps' />
  </way>
  <way id='406369369' timestamp='2016-03-29T05:52:09Z' uid='3736878' user='黃莉涵' visible='true' version='1' changeset='38135879'>
    <nd ref='4084441918' />
    <nd ref='4084441919' />
    <tag k='highway' v='steps' />
  </way>
  <way id='406369370' timestamp='2016-03-29T05:52:09Z' uid='3736878' user='黃莉涵' visible='true' version='1' changeset='38135879'>
    <nd ref='4084441920' />
    <nd ref='4084441921' />
    <tag k='highway' v='steps' />
  </way>
  <way id='406370377' timestamp='2026-03-16T02:28:00Z' uid='274857' user='Supaplex' visible='true' version='6' changeset='179923827'>
    <nd ref='4084447534' />
    <nd ref='4075303899' />
    <nd ref='2616878097' />
    <nd ref='4084447535' />
    <nd ref='4084447536' />
    <nd ref='4084447534' />
    <tag k='addr:city' v='臺中市' />
    <tag k='addr:country' v='TW' />
    <tag k='addr:district' v='西屯區' />
    <tag k='addr:full' v='臺中市西屯區文華路100號' />
    <tag k='addr:housenumber' v='100' />
    <tag k='addr:street' v='文華路' />
    <tag k='building' v='university' />
    <tag k='building:levels' v='8' />
    <tag k='name' v='忠勤樓' />
    <tag k='name:en' v='Jong-Chin Building' />
    <tag k='name:zh' v='忠勤樓' />
  </way>
  <way id='406385789' timestamp='2016-03-29T07:55:27Z' uid='3755834' user='薛禹康' visible='true' version='1' changeset='38138072'>
    <nd ref='4084568023' />
    <nd ref='4084568024' />
    <nd ref='4084568025' />
    <nd ref='4084568026' />
    <nd ref='4084568023' />
    <tag k='area' v='yes' />
    <tag k='name' v='松鼠出沒區' />
  </way>
  <way id='406419334' timestamp='2020-03-05T07:40:33Z' uid='6421436' user='SXCKH' visible='true' version='4' changeset='81809849'>
    <nd ref='1324619071' />
    <nd ref='4076402199' />
    <nd ref='4076184610' />
    <nd ref='1324618995' />
    <nd ref='1324619088' />
    <nd ref='7265639297' />
    <nd ref='7265639303' />
    <nd ref='1324619017' />
    <nd ref='1324619054' />
    <nd ref='7216722997' />
    <nd ref='1324618956' />
    <nd ref='7216722998' />
    <nd ref='7216671764' />
    <nd ref='1324619051' />
    <nd ref='4084440782' />
    <nd ref='7216671754' />
    <tag k='foot' v='yes' />
    <tag k='highway' v='pedestrian' />
    <tag k='oneway' v='no' />
  </way>
  <way id='406419335' timestamp='2021-06-05T13:55:51Z' uid='1439333' user='Littlebtc' visible='true' version='5' changeset='105883489'>
    <nd ref='8806973385' />
    <nd ref='1324619034' />
    <nd ref='1324619040' />
    <nd ref='1324618958' />
    <nd ref='4075277720' />
    <nd ref='1324619116' />
    <nd ref='1324619099' />
    <nd ref='1324618959' />
    <tag k='highway' v='pedestrian' />
  </way>
  <way id='406419336' timestamp='2020-11-28T16:39:00Z' uid='6421436' user='SXCKH' visible='true' version='4' changeset='94951974'>
    <nd ref='1324619022' />
    <nd ref='4084849709' />
    <nd ref='7216722985' />
    <nd ref='4084849710' />
    <nd ref='7216671753' />
    <nd ref='4084849711' />
    <nd ref='7216671773' />
    <nd ref='8174032267' />
    <nd ref='2869586796' />
    <nd ref='3438945551' />
    <tag k='highway' v='service' />
  </way>
  <way id='419455607' timestamp='2026-02-01T05:30:00Z' uid='7674327' user='nfx2851' visible='true' version='12' changeset='177951463'>
    <nd ref='4195127670' />
    <nd ref='13516158839' />
    <nd ref='13516158842' />
    <nd ref='8175901840' />
    <nd ref='8175901837' />
    <nd ref='13516158812' />
    <nd ref='5652867653' />
    <nd ref='5652867655' />
    <nd ref='8174172774' />
    <nd ref='5652867654' />
    <nd ref='4195127672' />
    <nd ref='8174172768' />
    <nd ref='8175809028' />
    <nd ref='8308061656' />
    <nd ref='4195127671' />
    <nd ref='8308061658' />
    <nd ref='4195127669' />
    <tag k='highway' v='residential' />
    <tag k='name' v='凱旋七路' />
    <tag k='name:en' v='Kaixuan 7th Road' />
    <tag k='name:zh' v='凱旋七路' />
  </way>
  <way id='419455608' timestamp='2025-06-02T06:27:44Z' uid='1439333' user='Littlebtc' visible='true' version='7' changeset='167076607'>
    <nd ref='4195127661' />
    <nd ref='4195127662' />
    <nd ref='8174172716' />
    <nd ref='8175809043' />
    <nd ref='8174172750' />
    <nd ref='4195127660' />
    <tag k='highway' v='residential' />
    <tag k='name' v='凱旋三街' />
    <tag k='name:en' v='Kaixuan 3rd Street' />
    <tag k='name:zh' v='凱旋三街' />
    <tag k='oneway' v='yes' />
  </way>
  <way id='419455609' timestamp='2025-06-02T06:27:44Z' uid='1439333' user='Littlebtc' visible='true' version='7' changeset='167076607'>
    <nd ref='4195127657' />
    <nd ref='4195127658' />
    <nd ref='8174172701' />
    <nd ref='8175809048' />
    <nd ref='8174172757' />
    <nd ref='4195127659' />
    <tag k='highway' v='residential' />
    <tag k='name' v='凱旋二街' />
    <tag k='name:en' v='Kaixuan 2nd Street' />
    <tag k='name:zh' v='凱旋二街' />
  </way>
  <way id='419455610' timestamp='2025-06-02T06:27:44Z' uid='1439333' user='Littlebtc' visible='true' version='7' changeset='167076607'>
    <nd ref='4195127663' />
    <nd ref='8174172747' />
    <nd ref='8175809038' />
    <nd ref='8174172722' />
    <nd ref='4195127665' />
    <nd ref='4195127664' />
    <tag k='highway' v='residential' />
    <tag k='name' v='凱旋五街' />
    <tag k='name:en' v='Kaixuan 5th Street' />
    <tag k='name:zh' v='凱旋五街' />
    <tag k='oneway' v='yes' />
  </way>
  <way id='419455611' timestamp='2020-11-29T08:16:15Z' uid='6421436' user='SXCKH' visible='true' version='6' changeset='94974737'>
    <nd ref='4195127676' />
    <nd ref='4195127675' />
    <nd ref='7265639311' />
    <nd ref='7265639314' />
    <nd ref='4195127674' />
    <nd ref='3438945548' />
    <nd ref='7265639330' />
    <nd ref='7265639333' />
    <nd ref='4195127670' />
    <tag k='construction' v='residential' />
    <tag k='highway' v='residential' />
    <tag k='name' v='凱旋八街' />
    <tag k='name:en' v='Kaixuan 8th Street' />
    <tag k='name:zh' v='凱旋八街' />
  </way>
  <way id='419455612' timestamp='2025-06-02T06:27:44Z' uid='1439333' user='Littlebtc' visible='true' version='7' changeset='167076607'>
    <nd ref='4195127667' />
    <nd ref='4195127668' />
    <nd ref='8174172732' />
    <nd ref='8175809031' />
    <nd ref='8174172742' />
    <nd ref='4195127666' />
    <tag k='highway' v='residential' />
    <tag k='name' v='凱旋六街' />
    <tag k='name:en' v='Kaixuan 6th Street' />
    <tag k='name:zh' v='凱旋六街' />
  </way>
  <way id='419455614' timestamp='2024-08-18T16:56:26Z' uid='15399252' user='mokasaki' visible='true' version='12' changeset='155425056'>
    <nd ref='3481462304' />
    <nd ref='8174032269' />
    <nd ref='8175809061' />
    <nd ref='8175809053' />
    <nd ref='8174032279' />
    <nd ref='4195127653' />
    <nd ref='4195127654' />
    <nd ref='8174172685' />
    <nd ref='8175809051' />
    <nd ref='8174172762' />
    <nd ref='4195127656' />
    <nd ref='8174172759' />
    <nd ref='8174032356' />
    <nd ref='8174032390' />
    <nd ref='8174032389' />
    <nd ref='8174032753' />
    <nd ref='8174172650' />
    <nd ref='4778950409' />
    <nd ref='7505036250' />
    <nd ref='8175809207' />
    <nd ref='8175710282' />
    <nd ref='2640718964' />
    <tag k='highway' v='residential' />
    <tag k='name' v='大鵬路' />
    <tag k='name:en' v='Dapeng Road' />
    <tag k='name:zh' v='大鵬路' />
    <tag k='oneway' v='no' />
  </way>
  <way id='442048703' timestamp='2025-01-07T17:23:07Z' uid='4292387' user='Jaller' visible='true' version='15' changeset='161104469'>
    <nd ref='3914035515' />
    <nd ref='7026162091' />
    <nd ref='8175809074' />
    <nd ref='8174032333' />
    <nd ref='5836717542' />
    <nd ref='8174032282' />
    <nd ref='8175809055' />
    <nd ref='8174172683' />
    <nd ref='4195127654' />
    <nd ref='8174172681' />
    <nd ref='8175809049' />
    <nd ref='8174172699' />
    <nd ref='4195127658' />
    <nd ref='8174172695' />
    <nd ref='8175809044' />
    <nd ref='8174172711' />
    <nd ref='4195127662' />
    <nd ref='8174172715' />
    <nd ref='8175809040' />
    <nd ref='8175750778' />
    <nd ref='4195127665' />
    <nd ref='8175750775' />
    <nd ref='8175809034' />
    <nd ref='8174172738' />
    <nd ref='4195127668' />
    <nd ref='8174172735' />
    <nd ref='8175809029' />
    <nd ref='8174172777' />
    <nd ref='4195127672' />
    <nd ref='8174172771' />
    <nd ref='7265639315' />
    <nd ref='7265639310' />
    <nd ref='4195127676' />
    <tag k='highway' v='tertiary' />
    <tag k='lanes' v='2' />
    <tag k='maxspeed' v='50' />
    <tag k='name' v='凱旋路' />
    <tag k='name:en' v='Kaixuan Road' />
    <tag k='name:zh' v='凱旋路' />
    <tag k='oneway' v='yes' />
  </way>
  <way id='450771065' timestamp='2019-09-08T01:46:02Z' uid='274857' user='Supaplex' visible='true' version='6' changeset='74217300'>
    <nd ref='4476731641' />
    <nd ref='4476731643' />
    <nd ref='4476731644' />
    <nd ref='4476731646' />
    <nd ref='4476731648' />
    <nd ref='4476731653' />
    <nd ref='4476731655' />
    <nd ref='4476731658' />
    <nd ref='6176067685' />
    <nd ref='4476731659' />
    <nd ref='4476731660' />
    <nd ref='4476732831' />
    <nd ref='4476732833' />
    <nd ref='4476732832' />
    <nd ref='4476732835' />
    <nd ref='4476732837' />
    <nd ref='4476732839' />
    <nd ref='4476732838' />
    <nd ref='4476732834' />
    <nd ref='4476732836' />
    <nd ref='4476731651' />
    <nd ref='4476731652' />
    <nd ref='4476731657' />
    <nd ref='4476731656' />
    <nd ref='4476731654' />
    <nd ref='4476731650' />
    <nd ref='4476731649' />
    <nd ref='4476731647' />
    <nd ref='4476731645' />
    <nd ref='4476731642' />
    <nd ref='6780010553' />
    <nd ref='4476731641' />
    <tag k='amenity' v='marketplace' />
    <tag k='landuse' v='retail' />
    <tag k='name' v='逢甲夜市' />
    <tag k='name:en' v='Fengjia Night Market' />
    <tag k='name:zh' v='逢甲夜市' />
    <tag k='tourism' v='attraction' />
    <tag k='wikidata' v='Q848911' />
    <tag k='wikipedia' v='en:Fengjia Night Market' />
  </way>
  <way id='479358942' timestamp='2021-06-05T15:30:51Z' uid='1439333' user='Littlebtc' visible='true' version='4' changeset='105887120'>
    <nd ref='4724765536' />
    <nd ref='4724765537' />
    <nd ref='4724765538' />
    <nd ref='4724765539' />
    <nd ref='4724765536' />
    <tag k='building' v='yes' />
    <tag k='building:levels' v='3' />
  </way>
  <way id='479358943' timestamp='2026-03-16T02:28:00Z' uid='274857' user='Supaplex' visible='true' version='5' changeset='179923827'>
    <nd ref='4724765540' />
    <nd ref='4724765541' />
    <nd ref='4724765542' />
    <nd ref='5308359034' />
    <nd ref='4724765543' />
    <nd ref='4724765540' />
    <tag k='addr:city' v='台中市' />
    <tag k='addr:country' v='TW' />
    <tag k='addr:district' v='西屯區' />
    <tag k='addr:full' v='台中市西屯區文華路133-2號' />
    <tag k='addr:housenumber' v='133-2' />
    <tag k='addr:street' v='文華路' />
    <tag k='amenity' v='restaurant' />
    <tag k='building' v='yes' />
    <tag k='cuisine' v='international' />
    <tag k='name' v='Bessie&apos;s Kitchen' />
    <tag k='opening_hours' v='Sa-Th 11:00-20:40; Fr off' />
    <tag k='outdoor_seating' v='yes' />
    <tag k='phone' v='+886 4 2451 2275' />
  </way>
  <way id='479358944' timestamp='2021-06-05T15:30:51Z' uid='1439333' user='Littlebtc' visible='true' version='6' changeset='105887120'>
    <nd ref='4724765544' />
    <nd ref='4724765545' />
    <nd ref='4724765546' />
    <nd ref='4724765547' />
    <nd ref='8807148809' />
    <nd ref='8807148810' />
    <nd ref='8807148808' />
    <nd ref='8807148807' />
    <nd ref='8807148805' />
    <nd ref='8807148806' />
    <nd ref='4724765544' />
    <tag k='building' v='yes' />
    <tag k='building:levels' v='6' />
  </way>
  <way id='485125547' timestamp='2026-06-26T11:30:11Z' uid='1439333' user='Littlebtc' visible='true' version='10' changeset='184640633'>
    <nd ref='4778939517' />
    <nd ref='4778939516' />
    <nd ref='4778939515' />
    <nd ref='4778939514' />
    <nd ref='4778939513' />
    <nd ref='4778939512' />
    <nd ref='4778939511' />
    <nd ref='4778939510' />
    <nd ref='4778939509' />
    <nd ref='4778939508' />
    <nd ref='4778939507' />
    <nd ref='4778939506' />
    <nd ref='4778939505' />
    <nd ref='4778939504' />
    <nd ref='4778939503' />
    <nd ref='4778939502' />
    <nd ref='4778939501' />
    <nd ref='4778939500' />
    <nd ref='4778939499' />
    <nd ref='4778939498' />
    <nd ref='12880178972' />
    <nd ref='4778939497' />
    <nd ref='4778939496' />
    <nd ref='4778939495' />
    <nd ref='4778950321' />
    <nd ref='4778939520' />
    <nd ref='4778939519' />
    <nd ref='8308061660' />
    <nd ref='4778939518' />
    <nd ref='4778950325' />
    <nd ref='8308061661' />
    <nd ref='4778950324' />
    <nd ref='4778950323' />
    <nd ref='4778950322' />
    <nd ref='4778939494' />
    <nd ref='12880178967' />
    <nd ref='12880178966' />
    <nd ref='4778939493' />
    <nd ref='4778939492' />
    <nd ref='12880178965' />
    <nd ref='4778939491' />
    <nd ref='13968097194' />
    <nd ref='4778939490' />
    <nd ref='4778939489' />
    <nd ref='4778939488' />
    <nd ref='4778939487' />
    <nd ref='4778939486' />
    <nd ref='4778939485' />
    <nd ref='4778939484' />
    <nd ref='4778939483' />
    <nd ref='4778939482' />
    <nd ref='7505036225' />
    <nd ref='7505036223' />
    <nd ref='7505036224' />
    <nd ref='7505036226' />
    <nd ref='4778939481' />
    <nd ref='8792201293' />
    <nd ref='4778939480' />
    <nd ref='4778939479' />
    <nd ref='4778939478' />
    <nd ref='4778939476' />
    <nd ref='4778939475' />
    <nd ref='7505036193' />
    <nd ref='7505036190' />
    <nd ref='7505036191' />
    <nd ref='7505036192' />
    <nd ref='4778939474' />
    <nd ref='4778939473' />
    <nd ref='4778939472' />
    <nd ref='8804423809' />
    <nd ref='13425575743' />
    <nd ref='8804423808' />
    <nd ref='4778950378' />
    <nd ref='13406911446' />
    <nd ref='4778950377' />
    <nd ref='8792220777' />
    <nd ref='4778950380' />
    <nd ref='4778950379' />
    <nd ref='4778939470' />
    <nd ref='4778939469' />
    <nd ref='4778939468' />
    <nd ref='4778939467' />
    <nd ref='4778939466' />
    <nd ref='4778939465' />
    <nd ref='4778939464' />
    <nd ref='4778939463' />
    <nd ref='12306838321' />
    <nd ref='4778939462' />
    <nd ref='4778939461' />
    <nd ref='4778939460' />
    <nd ref='4778939459' />
    <nd ref='4778939458' />
    <nd ref='12306838322' />
    <nd ref='4778939457' />
    <nd ref='4778939456' />
    <nd ref='12306838323' />
    <nd ref='4778939455' />
    <nd ref='4778939454' />
    <nd ref='4778939453' />
    <nd ref='4778939452' />
    <nd ref='4778939451' />
    <nd ref='4778939450' />
    <nd ref='4778939449' />
    <nd ref='4778939448' />
    <nd ref='4778939447' />
    <nd ref='4778939446' />
    <nd ref='4778939445' />
    <nd ref='4778939444' />
    <nd ref='4778939443' />
    <nd ref='4778939442' />
    <nd ref='4778939517' />
  </way>
  <way id='521721220' timestamp='2021-06-05T15:30:51Z' uid='1439333' user='Littlebtc' visible='true' version='2' changeset='105887120'>
    <nd ref='5083086689' />
    <nd ref='5083086690' />
    <nd ref='5083086691' />
    <nd ref='5083086692' />
    <nd ref='8807164265' />
    <nd ref='8807164264' />
    <nd ref='8807164263' />
    <nd ref='8807164262' />
    <nd ref='8807164261' />
    <nd ref='8807164260' />
    <nd ref='5083086689' />
    <tag k='building' v='commercial' />
    <tag k='building:levels' v='6' />
    <tag k='name' v='瓊園大廈' />
  </way>
  <way id='548143608' timestamp='2017-12-20T13:41:51Z' uid='6802110' user='Bigmorr' visible='true' version='1' changeset='54787161'>
    <nd ref='4076435545' />
    <nd ref='5295711729' />
    <nd ref='5295711730' />
    <nd ref='2869586775' />
    <tag k='barrier' v='wall' />
  </way>
  <way id='548143609' timestamp='2017-12-20T13:41:51Z' uid='6802110' user='Bigmorr' visible='true' version='1' changeset='54787161'>
    <nd ref='5295711732' />
    <nd ref='5295711730' />
    <nd ref='5295711731' />
    <tag k='highway' v='service' />
  </way>
  <way id='548143610' timestamp='2024-08-12T11:33:04Z' uid='12620959' user='twF6wdEYwL' visible='true' version='2' changeset='155142942'>
    <nd ref='1324619008' />
    <nd ref='5295711733' />
    <nd ref='5295711734' />
    <nd ref='5295711735' />
    <nd ref='1324619008' />
    <tag k='amenity' v='parking' />
  </way>
  <way id='549549356' timestamp='2017-12-28T12:32:27Z' uid='1439333' user='Littlebtc' visible='true' version='1' changeset='54981858'>
    <nd ref='5308358641' />
    <nd ref='5308358640' />
    <tag k='highway' v='path' />
    <tag k='name' v='文華路139巷' />
    <tag k='source' v='Taichung City' />
  </way>
  <way id='617448412' timestamp='2025-01-07T17:23:07Z' uid='4292387' user='Jaller' visible='true' version='11' changeset='161104469'>
    <nd ref='4195127675' />
    <nd ref='7265639316' />
    <nd ref='8175809026' />
    <nd ref='8174172770' />
    <nd ref='5652867654' />
    <nd ref='8174172776' />
    <nd ref='8175809033' />
    <nd ref='8174172734' />
    <nd ref='4195127667' />
    <nd ref='8174172737' />
    <nd ref='8175809037' />
    <nd ref='8175750774' />
    <nd ref='4195127664' />
    <nd ref='8175750777' />
    <nd ref='8175809041' />
    <nd ref='8174172714' />
    <nd ref='4195127661' />
    <nd ref='8174172710' />
    <nd ref='8175809046' />
    <nd ref='8174172694' />
    <nd ref='4195127657' />
    <nd ref='8174172698' />
    <nd ref='8175809054' />
    <nd ref='8174172680' />
    <nd ref='4195127653' />
    <nd ref='8174172682' />
    <nd ref='8175809075' />
    <nd ref='8174032281' />
    <nd ref='4195127651' />
    <nd ref='8174032332' />
    <nd ref='8174032301' />
    <nd ref='7026162092' />
    <nd ref='3914035514' />
    <nd ref='3914035517' />
    <tag k='highway' v='tertiary' />
    <tag k='maxspeed' v='50' />
    <tag k='name' v='凱旋路' />
    <tag k='name:en' v='Kaixuan Road' />
    <tag k='name:zh' v='凱旋路' />
    <tag k='oneway' v='yes' />
  </way>
  <way id='751579242' timestamp='2022-11-11T21:30:07Z' uid='17643127' user='JimmyChung' visible='true' version='3' changeset='128793972'>
    <nd ref='7026140981' />
    <nd ref='10177146619' />
    <nd ref='7026140982' />
    <nd ref='7026140983' />
    <nd ref='7026140984' />
    <nd ref='7026140981' />
    <tag k='amenity' v='police' />
    <tag k='building' v='yes' />
    <tag k='name' v='內政部警政署刑事警察局中部打擊犯罪中心' />
    <tag k='name:en' v='Criminal investigation bureau Taichung Center' />
    <tag k='name:zh' v='內政部警政署刑事警察局中部打擊犯罪中心' />
  </way>
  <way id='772937204' timestamp='2020-08-12T08:37:26Z' uid='10696964' user='Tzchung' visible='true' version='3' changeset='89290691'>
    <nd ref='4074597003' />
    <nd ref='7216671757' />
    <nd ref='7216671756' />
    <tag k='highway' v='pedestrian' />
    <tag k='noname' v='yes' />
    <tag k='surface' v='paving_stones' />
  </way>
  <way id='772937205' timestamp='2020-02-16T15:52:05Z' uid='6421436' user='SXCKH' visible='true' version='1' changeset='81074577'>
    <nd ref='1324619048' />
    <nd ref='7216671757' />
    <tag k='highway' v='footway' />
  </way>
  <way id='772937206' timestamp='2020-02-16T15:52:05Z' uid='6421436' user='SXCKH' visible='true' version='1' changeset='81074577'>
    <nd ref='4074597003' />
    <nd ref='7216671758' />
    <tag k='highway' v='footway' />
  </way>
  <way id='772937207' timestamp='2020-02-16T15:52:05Z' uid='6421436' user='SXCKH' visible='true' version='1' changeset='81074577'>
    <nd ref='1324618957' />
    <nd ref='7216671759' />
    <nd ref='7216671761' />
    <nd ref='7216671760' />
    <tag k='footway' v='sidewalk' />
    <tag k='highway' v='footway' />
  </way>
  <way id='772937208' timestamp='2020-02-16T15:52:05Z' uid='6421436' user='SXCKH' visible='true' version='1' changeset='81074577'>
    <nd ref='7216671761' />
    <nd ref='7216671762' />
    <nd ref='7216722999' />
    <nd ref='1324618956' />
    <tag k='footway' v='sidewalk' />
    <tag k='highway' v='footway' />
  </way>
  <way id='772937209' timestamp='2021-06-05T13:55:51Z' uid='1439333' user='Littlebtc' visible='true' version='2' changeset='105883489'>
    <nd ref='7216671765' />
    <nd ref='1324619090' />
    <nd ref='7216671754' />
    <nd ref='1324619071' />
    <nd ref='8806973384' />
    <nd ref='4084849707' />
    <tag k='access' v='permit' />
    <tag k='highway' v='service' />
    <tag k='surface' v='asphalt' />
  </way>
  <way id='772937210' timestamp='2020-02-16T15:52:05Z' uid='6421436' user='SXCKH' visible='true' version='1' changeset='81074577'>
    <nd ref='4084440782' />
    <nd ref='7216671766' />
    <nd ref='7216671767' />
    <nd ref='4075098811' />
    <tag k='highway' v='pedestrian' />
  </way>
  <way id='772937211' timestamp='2020-02-16T15:52:05Z' uid='6421436' user='SXCKH' visible='true' version='1' changeset='81074577'>
    <nd ref='7216671768' />
    <nd ref='7216671769' />
    <tag k='highway' v='steps' />
  </way>
  <way id='772937212' timestamp='2020-02-16T15:52:05Z' uid='6421436' user='SXCKH' visible='true' version='1' changeset='81074577'>
    <nd ref='7216671769' />
    <nd ref='7216671770' />
    <nd ref='4075098811' />
    <tag k='highway' v='pedestrian' />
    <tag k='layer' v='-1' />
  </way>
  <way id='772937213' timestamp='2020-02-16T15:52:05Z' uid='6421436' user='SXCKH' visible='true' version='1' changeset='81074577'>
    <nd ref='4082489662' />
    <nd ref='7216671771' />
    <tag k='highway' v='pedestrian' />
  </way>
  <way id='772937214' timestamp='2020-02-16T15:52:05Z' uid='6421436' user='SXCKH' visible='true' version='1' changeset='81074577'>
    <nd ref='7216671772' />
    <nd ref='7216671773' />
    <tag k='access' v='permit' />
    <tag k='highway' v='service' />
  </way>
  <way id='772937215' timestamp='2020-02-16T15:52:05Z' uid='6421436' user='SXCKH' visible='true' version='1' changeset='81074577'>
    <nd ref='7216671774' />
    <nd ref='7216671781' />
    <nd ref='7216671775' />
    <nd ref='7216671776' />
    <nd ref='7216671772' />
    <nd ref='7216671777' />
    <tag k='highway' v='pedestrian' />
  </way>
  <way id='772937216' timestamp='2020-02-16T15:52:05Z' uid='6421436' user='SXCKH' visible='true' version='1' changeset='81074577'>
    <nd ref='7216671777' />
    <nd ref='7216671782' />
    <nd ref='7216671783' />
    <nd ref='7216671784' />
    <tag k='highway' v='footway' />
  </way>
  <way id='772937217' timestamp='2020-02-16T15:52:05Z' uid='6421436' user='SXCKH' visible='true' version='1' changeset='81074577'>
    <nd ref='7216722990' />
    <nd ref='7216722991' />
    <nd ref='7216722994' />
    <nd ref='7216722992' />
    <nd ref='7216722993' />
    <nd ref='7216671761' />
    <tag k='footway' v='sidewalk' />
    <tag k='highway' v='footway' />
  </way>
  <way id='772937218' timestamp='2020-02-16T15:52:05Z' uid='6421436' user='SXCKH' visible='true' version='1' changeset='81074577'>
    <nd ref='7216722994' />
    <nd ref='7216722995' />
    <nd ref='7216722996' />
    <tag k='highway' v='pedestrian' />
  </way>
  <way id='772937219' timestamp='2020-02-16T15:52:05Z' uid='6421436' user='SXCKH' visible='true' version='1' changeset='81074577'>
    <nd ref='7216723000' />
    <nd ref='7216723001' />
    <tag k='highway' v='steps' />
  </way>
  <way id='772937220' timestamp='2020-02-16T15:52:05Z' uid='6421436' user='SXCKH' visible='true' version='1' changeset='81074577'>
    <nd ref='7216723001' />
    <nd ref='7216723005' />
    <nd ref='7216723003' />
    <nd ref='7216723002' />
    <tag k='highway' v='pedestrian' />
  </way>
  <way id='772937221' timestamp='2020-02-16T15:52:05Z' uid='6421436' user='SXCKH' visible='true' version='1' changeset='81074577'>
    <nd ref='7216723002' />
    <nd ref='1324619054' />
    <tag k='highway' v='steps' />
  </way>
  <way id='772937222' timestamp='2020-02-16T15:52:05Z' uid='6421436' user='SXCKH' visible='true' version='1' changeset='81074577'>
    <nd ref='7216723003' />
    <nd ref='7216723004' />
    <nd ref='4084441912' />
    <tag k='highway' v='pedestrian' />
  </way>
  <way id='772937223' timestamp='2020-02-16T15:52:05Z' uid='6421436' user='SXCKH' visible='true' version='1' changeset='81074577'>
    <nd ref='7216723005' />
    <nd ref='7216723006' />
    <nd ref='4084441912' />
    <tag k='highway' v='pedestrian' />
  </way>
  <way id='772937224' timestamp='2020-03-05T00:35:33Z' uid='6421436' user='SXCKH' visible='true' version='2' changeset='81796221'>
    <nd ref='7216723009' />
    <nd ref='4076254204' />
    <nd ref='4076254205' />
    <tag k='highway' v='pedestrian' />
  </way>
  <way id='772937225' timestamp='2020-02-16T15:52:05Z' uid='6421436' user='SXCKH' visible='true' version='1' changeset='81074577'>
    <nd ref='7216723012' />
    <nd ref='7216723013' />
    <tag k='highway' v='pedestrian' />
  </way>
  <way id='772937226' timestamp='2020-03-05T00:35:33Z' uid='6421436' user='SXCKH' visible='true' version='2' changeset='81796221'>
    <nd ref='7216723016' />
    <nd ref='7216723017' />
    <nd ref='7216723018' />
    <nd ref='7216723019' />
    <nd ref='7216723020' />
    <nd ref='7216723021' />
    <nd ref='7216723022' />
    <nd ref='7216723023' />
    <nd ref='7216723024' />
    <nd ref='7216723025' />
    <nd ref='7265044043' />
    <nd ref='7216723026' />
    <nd ref='7265044041' />
    <nd ref='7265044040' />
    <nd ref='7265044039' />
    <nd ref='7265044056' />
    <nd ref='7265044055' />
    <nd ref='7216723027' />
    <nd ref='7265044054' />
    <nd ref='7216723028' />
    <nd ref='7216723029' />
    <nd ref='7265044038' />
    <nd ref='7216723030' />
    <nd ref='7216723031' />
    <nd ref='7265044042' />
    <nd ref='7216723032' />
    <nd ref='7216723033' />
    <nd ref='7265044061' />
    <nd ref='7265044060' />
    <nd ref='7265044059' />
    <nd ref='7216723016' />
    <tag k='name' v='春雨塘' />
    <tag k='natural' v='water' />
    <tag k='water' v='pond' />
  </way>
  <way id='778418160' timestamp='2020-03-05T00:35:33Z' uid='6421436' user='SXCKH' visible='true' version='1' changeset='81796221'>
    <nd ref='3444462150' />
    <nd ref='7265044044' />
    <tag k='highway' v='pedestrian' />
  </way>
  <way id='778418161' timestamp='2020-03-05T00:35:33Z' uid='6421436' user='SXCKH' visible='true' version='1' changeset='81796221'>
    <nd ref='3444462154' />
    <nd ref='7265044045' />
    <tag k='bridge' v='yes' />
    <tag k='highway' v='pedestrian' />
    <tag k='layer' v='1' />
    <tag k='name' v='分手步道' />
    <tag k='surface' v='concrete:lanes' />
  </way>
  <way id='778418162' timestamp='2020-03-05T00:35:33Z' uid='6421436' user='SXCKH' visible='true' version='1' changeset='81796221'>
    <nd ref='7265044045' />
    <nd ref='3444462150' />
    <nd ref='3444462155' />
    <nd ref='3444462158' />
    <nd ref='7216723009' />
    <nd ref='3444462157' />
    <nd ref='7216723013' />
    <nd ref='7216723011' />
    <nd ref='7216723015' />
    <nd ref='7216723014' />
    <tag k='highway' v='pedestrian' />
    <tag k='name' v='分手步道' />
    <tag k='surface' v='concrete:lanes' />
  </way>
  <way id='778418163' timestamp='2020-03-05T00:35:33Z' uid='6421436' user='SXCKH' visible='true' version='1' changeset='81796221'>
    <nd ref='4076254205' />
    <nd ref='7265044058' />
    <tag k='highway' v='pedestrian' />
  </way>
  <way id='778418164' timestamp='2020-03-05T00:35:33Z' uid='6421436' user='SXCKH' visible='true' version='1' changeset='81796221'>
    <nd ref='7265044048' />
    <nd ref='7265044049' />
    <tag k='highway' v='pedestrian' />
  </way>
  <way id='778418165' timestamp='2020-03-05T00:35:33Z' uid='6421436' user='SXCKH' visible='true' version='1' changeset='81796221'>
    <nd ref='7265044050' />
    <nd ref='7265044051' />
    <nd ref='7265044052' />
    <nd ref='7265044053' />
    <nd ref='7265044050' />
    <tag k='natural' v='grassland' />
  </way>
  <way id='778418166' timestamp='2020-03-05T00:35:33Z' uid='6421436' user='SXCKH' visible='true' version='1' changeset='81796221'>
    <nd ref='7265044058' />
    <nd ref='7265044057' />
    <tag k='bridge' v='yes' />
    <tag k='highway' v='pedestrian' />
    <tag k='layer' v='1' />
  </way>
  <way id='778418167' timestamp='2020-03-05T00:35:33Z' uid='6421436' user='SXCKH' visible='true' version='1' changeset='81796221'>
    <nd ref='7265044057' />
    <nd ref='3444462149' />
    <nd ref='7265044047' />
    <tag k='highway' v='pedestrian' />
  </way>
  <way id='778484369' timestamp='2020-03-05T07:40:33Z' uid='6421436' user='SXCKH' visible='true' version='1' changeset='81809849'>
    <nd ref='7265639297' />
    <nd ref='7265639300' />
    <nd ref='1324618959' />
    <nd ref='7265639302' />
    <nd ref='7265639299' />
    <nd ref='7265639298' />
    <tag k='highway' v='footway' />
  </way>
  <way id='778484370' timestamp='2020-08-12T08:37:19Z' uid='10696964' user='Tzchung' visible='true' version='3' changeset='89290691'>
    <nd ref='7265639302' />
    <nd ref='1324619117' />
    <nd ref='1324619101' />
    <nd ref='1324619082' />
    <nd ref='1324619064' />
    <nd ref='7265639298' />
    <nd ref='1324619048' />
    <nd ref='7265639304' />
    <nd ref='1324619030' />
    <nd ref='1324619017' />
    <tag k='highway' v='pedestrian' />
    <tag k='name' v='二一步道' />
    <tag k='surface' v='paving_stones' />
  </way>
  <way id='878658684' timestamp='2020-11-28T16:39:00Z' uid='6421436' user='SXCKH' visible='true' version='1' changeset='94951974'>
    <nd ref='8174032250' />
    <nd ref='8174032254' />
    <nd ref='8174032253' />
    <nd ref='8174032256' />
    <nd ref='8174032255' />
    <tag k='crossing' v='marked' />
    <tag k='footway' v='crossing' />
    <tag k='highway' v='footway' />
  </way>
  <way id='878658686' timestamp='2020-11-28T16:39:00Z' uid='6421436' user='SXCKH' visible='true' version='1' changeset='94951974'>
    <nd ref='8174032247' />
    <nd ref='7024724915' />
    <nd ref='8174032258' />
    <tag k='crossing' v='marked' />
    <tag k='footway' v='crossing' />
    <tag k='highway' v='footway' />
  </way>
  <way id='878658687' timestamp='2020-11-29T06:01:46Z' uid='6421436' user='SXCKH' visible='true' version='3' changeset='94970712'>
    <nd ref='8174172773' />
    <nd ref='8174032261' />
    <nd ref='8174172733' />
    <nd ref='8174172736' />
    <nd ref='8175750773' />
    <nd ref='8175750776' />
    <nd ref='8174172712' />
    <nd ref='8174172709' />
    <nd ref='8174172692' />
    <nd ref='8174172696' />
    <nd ref='8175750719' />
    <nd ref='8174032262' />
    <tag k='bicycle' v='designated' />
    <tag k='foot' v='designated' />
    <tag k='highway' v='cycleway' />
  </way>
  <way id='878658688' timestamp='2020-11-28T16:39:00Z' uid='6421436' user='SXCKH' visible='true' version='1' changeset='94951974'>
    <nd ref='8174032264' />
    <nd ref='8174032269' />
    <nd ref='8174032268' />
    <tag k='crossing' v='marked' />
    <tag k='footway' v='crossing' />
    <tag k='highway' v='footway' />
  </way>
  <way id='878658691' timestamp='2020-11-28T16:39:00Z' uid='6421436' user='SXCKH' visible='true' version='1' changeset='94951974'>
    <nd ref='8174032263' />
    <nd ref='8174032279' />
    <nd ref='8174032278' />
    <tag k='crossing' v='marked' />
    <tag k='footway' v='crossing' />
    <tag k='highway' v='footway' />
  </way>
  <way id='878674885' timestamp='2020-11-28T17:49:48Z' uid='6421436' user='SXCKH' visible='true' version='1' changeset='94954186'>
    <nd ref='8174032262' />
    <nd ref='8174172680' />
    <nd ref='8174172681' />
    <nd ref='8174172679' />
    <tag k='crossing' v='marked' />
    <tag k='footway' v='crossing' />
    <tag k='highway' v='footway' />
  </way>
  <way id='878674887' timestamp='2020-11-28T17:49:48Z' uid='6421436' user='SXCKH' visible='true' version='1' changeset='94954186'>
    <nd ref='8174032367' />
    <nd ref='8174172685' />
    <nd ref='8174172684' />
    <tag k='crossing' v='marked' />
    <tag k='footway' v='crossing' />
    <tag k='highway' v='footway' />
  </way>
  <way id='878674888' timestamp='2020-11-29T06:01:46Z' uid='6421436' user='SXCKH' visible='true' version='2' changeset='94970712'>
    <nd ref='8174172679' />
    <nd ref='8174172684' />
    <nd ref='8174172686' />
    <nd ref='8174172687' />
    <tag k='bicycle' v='designated' />
    <tag k='foot' v='designated' />
    <tag k='highway' v='cycleway' />
  </way>
  <way id='878674889' timestamp='2020-11-28T17:49:48Z' uid='6421436' user='SXCKH' visible='true' version='1' changeset='94954186'>
    <nd ref='8174172692' />
    <nd ref='8174172694' />
    <nd ref='8174172695' />
    <nd ref='8174172693' />
    <tag k='crossing' v='marked' />
    <tag k='footway' v='crossing' />
    <tag k='highway' v='footway' />
  </way>
  <way id='878674890' timestamp='2020-11-28T17:49:48Z' uid='6421436' user='SXCKH' visible='true' version='1' changeset='94954186'>
    <nd ref='8174172696' />
    <nd ref='8174172698' />
    <nd ref='8174172699' />
    <nd ref='8174172697' />
    <tag k='crossing' v='marked' />
    <tag k='footway' v='crossing' />
    <tag k='highway' v='footway' />
  </way>
  <way id='878674891' timestamp='2020-11-28T17:49:48Z' uid='6421436' user='SXCKH' visible='true' version='1' changeset='94954186'>
    <nd ref='8174172690' />
    <nd ref='8174172701' />
    <nd ref='8174172700' />
    <tag k='crossing' v='marked' />
    <tag k='footway' v='crossing' />
    <tag k='highway' v='footway' />
  </way>
  <way id='878674892' timestamp='2020-11-29T06:01:46Z' uid='6421436' user='SXCKH' visible='true' version='2' changeset='94970712'>
    <nd ref='8174172702' />
    <nd ref='8174172703' />
    <nd ref='8174172704' />
    <nd ref='8174172705' />
    <nd ref='8174172706' />
    <nd ref='8174172707' />
    <tag k='footway' v='sidewalk' />
    <tag k='highway' v='footway' />
  </way>
  <way id='878674893' timestamp='2020-11-28T17:49:48Z' uid='6421436' user='SXCKH' visible='true' version='1' changeset='94954186'>
    <nd ref='8174172708' />
    <nd ref='8174172711' />
    <nd ref='8174172710' />
    <nd ref='8174172709' />
    <tag k='crossing' v='marked' />
    <tag k='footway' v='crossing' />
    <tag k='highway' v='footway' />
  </way>
  <way id='878674894' timestamp='2020-11-28T17:49:48Z' uid='6421436' user='SXCKH' visible='true' version='1' changeset='94954186'>
    <nd ref='8174172712' />
    <nd ref='8174172714' />
    <nd ref='8174172715' />
    <nd ref='8174172713' />
    <tag k='crossing' v='marked' />
    <tag k='footway' v='crossing' />
    <tag k='highway' v='footway' />
  </way>
  <way id='878674895' timestamp='2020-11-28T17:49:48Z' uid='6421436' user='SXCKH' visible='true' version='1' changeset='94954186'>
    <nd ref='8174172713' />
    <nd ref='8174172716' />
    <nd ref='8174172707' />
    <tag k='crossing' v='marked' />
    <tag k='footway' v='crossing' />
    <tag k='highway' v='footway' />
  </way>
  <way id='878674896' timestamp='2020-11-29T06:01:46Z' uid='6421436' user='SXCKH' visible='true' version='2' changeset='94970712'>
    <nd ref='8174172713' />
    <nd ref='8174172717' />
    <nd ref='8174172718' />
    <nd ref='8174172719' />
    <nd ref='8174172720' />
    <nd ref='8174172713' />
    <tag k='bicycle' v='designated' />
    <tag k='foot' v='designated' />
    <tag k='highway' v='cycleway' />
  </way>
  <way id='878674897' timestamp='2020-11-28T17:49:48Z' uid='6421436' user='SXCKH' visible='true' version='1' changeset='94954186'>
    <nd ref='8174172717' />
    <nd ref='8174172722' />
    <nd ref='8174172721' />
    <tag k='crossing' v='marked' />
    <tag k='footway' v='crossing' />
    <tag k='highway' v='footway' />
  </way>
  <way id='878674898' timestamp='2020-11-29T06:01:46Z' uid='6421436' user='SXCKH' visible='true' version='2' changeset='94970712'>
    <nd ref='8174172725' />
    <nd ref='8174172726' />
    <nd ref='8174172727' />
    <nd ref='8174172728' />
    <nd ref='8174172729' />
    <tag k='footway' v='sidewalk' />
    <tag k='highway' v='footway' />
  </way>
  <way id='878674899' timestamp='2020-11-28T17:49:48Z' uid='6421436' user='SXCKH' visible='true' version='1' changeset='94954186'>
    <nd ref='8174172725' />
    <nd ref='8174172732' />
    <nd ref='8174172731' />
    <tag k='crossing' v='marked' />
    <tag k='footway' v='crossing' />
    <tag k='highway' v='footway' />
  </way>
  <way id='878674900' timestamp='2020-11-28T17:49:48Z' uid='6421436' user='SXCKH' visible='true' version='1' changeset='94954186'>
    <nd ref='8174172731' />
    <nd ref='8174172735' />
    <nd ref='8174172734' />
    <nd ref='8174172733' />
    <tag k='crossing' v='marked' />
    <tag k='footway' v='crossing' />
    <tag k='highway' v='footway' />
  </way>
  <way id='878674901' timestamp='2020-11-28T17:49:48Z' uid='6421436' user='SXCKH' visible='true' version='1' changeset='94954186'>
    <nd ref='8174172736' />
    <nd ref='8174172737' />
    <nd ref='8174172738' />
    <nd ref='8174172724' />
    <tag k='crossing' v='marked' />
    <tag k='footway' v='crossing' />
    <tag k='highway' v='footway' />
  </way>
  <way id='878674914' timestamp='2020-11-29T06:01:46Z' uid='6421436' user='SXCKH' visible='true' version='2' changeset='94970712'>
    <nd ref='8174172740' />
    <nd ref='8174172731' />
    <tag k='footway' v='sidewalk' />
    <tag k='highway' v='footway' />
  </way>
  <way id='878674915' timestamp='2025-10-09T20:14:37Z' uid='4292387' user='Jaller' visible='true' version='2' changeset='173067160'>
    <nd ref='8174172766' />
    <nd ref='8174172768' />
    <nd ref='8174172767' />
    <tag k='crossing:markings' v='zebra' />
    <tag k='footway' v='crossing' />
    <tag k='highway' v='footway' />
  </way>
  <way id='878674917' timestamp='2025-10-09T20:14:37Z' uid='4292387' user='Jaller' visible='true' version='2' changeset='173067160'>
    <nd ref='8174172772' />
    <nd ref='8174172774' />
    <nd ref='8174172773' />
    <tag k='crossing:markings' v='zebra' />
    <tag k='footway' v='crossing' />
    <tag k='highway' v='footway' />
  </way>
  <way id='878674918' timestamp='2025-10-09T20:14:37Z' uid='4292387' user='Jaller' visible='true' version='2' changeset='173067160'>
    <nd ref='8174172773' />
    <nd ref='8174172776' />
    <nd ref='8174172777' />
    <nd ref='8174172775' />
    <tag k='crossing:markings' v='zebra' />
    <tag k='footway' v='crossing' />
    <tag k='highway' v='footway' />
  </way>
  <way id='878823453' timestamp='2020-11-29T06:01:46Z' uid='6421436' user='SXCKH' visible='true' version='1' changeset='94970712'>
    <nd ref='8174172687' />
    <nd ref='8174172688' />
    <nd ref='8174172689' />
    <nd ref='8174172690' />
    <tag k='footway' v='sidewalk' />
    <tag k='highway' v='footway' />
  </way>
  <way id='878823454' timestamp='2020-11-29T06:01:46Z' uid='6421436' user='SXCKH' visible='true' version='1' changeset='94970712'>
    <nd ref='8174172690' />
    <nd ref='8174172691' />
    <nd ref='8174172697' />
    <nd ref='8174172679' />
    <tag k='bicycle' v='designated' />
    <tag k='foot' v='designated' />
    <tag k='highway' v='cycleway' />
  </way>
  <way id='878823455' timestamp='2020-11-29T07:06:04Z' uid='6421436' user='SXCKH' visible='true' version='2' changeset='94972539'>
    <nd ref='8174032262' />
    <nd ref='8174032263' />
    <nd ref='8174032264' />
    <nd ref='8174032265' />
    <nd ref='8175809057' />
    <nd ref='8175809058' />
    <nd ref='8174032266' />
    <nd ref='7216723014' />
    <tag k='bicycle' v='designated' />
    <tag k='foot' v='designated' />
    <tag k='highway' v='cycleway' />
  </way>
  <way id='878823463' timestamp='2020-11-29T08:16:15Z' uid='6421436' user='SXCKH' visible='true' version='2' changeset='94974737'>
    <nd ref='8174032255' />
    <nd ref='8174032267' />
    <nd ref='8174032258' />
    <nd ref='8175901839' />
    <nd ref='8174032259' />
    <nd ref='8174032260' />
    <nd ref='8174172773' />
    <tag k='footway' v='sidewalk' />
    <tag k='highway' v='footway' />
  </way>
  <way id='878823466' timestamp='2020-11-29T06:01:46Z' uid='6421436' user='SXCKH' visible='true' version='1' changeset='94970712'>
    <nd ref='8174172784' />
    <nd ref='8174032245' />
    <nd ref='8174032251' />
    <nd ref='8174032246' />
    <nd ref='8174172786' />
    <nd ref='8174032247' />
    <nd ref='8174032248' />
    <nd ref='8174032249' />
    <nd ref='8174032250' />
    <tag k='footway' v='sidewalk' />
    <tag k='highway' v='footway' />
  </way>
  <way id='878823481' timestamp='2020-11-29T06:01:46Z' uid='6421436' user='SXCKH' visible='true' version='1' changeset='94970712'>
    <nd ref='8174172766' />
    <nd ref='8174172763' />
    <nd ref='8174172764' />
    <nd ref='8174172740' />
    <tag k='footway' v='sidewalk' />
    <tag k='highway' v='footway' />
  </way>
  <way id='878823482' timestamp='2020-11-29T06:01:46Z' uid='6421436' user='SXCKH' visible='true' version='1' changeset='94970712'>
    <nd ref='8174172731' />
    <nd ref='8174172765' />
    <nd ref='8174172775' />
    <nd ref='8174172766' />
    <tag k='bicycle' v='designated' />
    <tag k='foot' v='designated' />
    <tag k='highway' v='cycleway' />
  </way>
  <way id='878823483' timestamp='2020-11-29T06:01:46Z' uid='6421436' user='SXCKH' visible='true' version='1' changeset='94970712'>
    <nd ref='8174172729' />
    <nd ref='8174172730' />
    <nd ref='8174172721' />
    <tag k='footway' v='sidewalk' />
    <tag k='highway' v='footway' />
  </way>
  <way id='878823484' timestamp='2020-11-29T06:01:46Z' uid='6421436' user='SXCKH' visible='true' version='1' changeset='94970712'>
    <nd ref='8174172721' />
    <nd ref='8174172723' />
    <nd ref='8174172724' />
    <nd ref='8174172725' />
    <tag k='bicycle' v='designated' />
    <tag k='foot' v='designated' />
    <tag k='highway' v='cycleway' />
  </way>
  <way id='878823485' timestamp='2020-11-29T06:01:46Z' uid='6421436' user='SXCKH' visible='true' version='1' changeset='94970712'>
    <nd ref='8174172700' />
    <nd ref='8174172702' />
    <tag k='footway' v='sidewalk' />
    <tag k='highway' v='footway' />
  </way>
  <way id='878823486' timestamp='2020-11-29T06:01:46Z' uid='6421436' user='SXCKH' visible='true' version='1' changeset='94970712'>
    <nd ref='8174172707' />
    <nd ref='8174172708' />
    <nd ref='8174172693' />
    <nd ref='8174172700' />
    <tag k='bicycle' v='designated' />
    <tag k='foot' v='designated' />
    <tag k='highway' v='cycleway' />
  </way>
  <way id='878823518' timestamp='2020-11-29T06:01:46Z' uid='6421436' user='SXCKH' visible='true' version='1' changeset='94970712'>
    <nd ref='8175750767' />
    <nd ref='8175750768' />
    <tag k='traffic_calming' v='island' />
  </way>
  <way id='878823519' timestamp='2020-11-29T06:01:46Z' uid='6421436' user='SXCKH' visible='true' version='1' changeset='94970712'>
    <nd ref='8175750769' />
    <nd ref='8175750770' />
    <tag k='traffic_calming' v='island' />
  </way>
  <way id='878823520' timestamp='2020-11-29T06:01:46Z' uid='6421436' user='SXCKH' visible='true' version='1' changeset='94970712'>
    <nd ref='8175750771' />
    <nd ref='8175750772' />
    <tag k='traffic_calming' v='island' />
  </way>
  <way id='878823521' timestamp='2020-11-29T06:01:46Z' uid='6421436' user='SXCKH' visible='true' version='1' changeset='94970712'>
    <nd ref='8174172723' />
    <nd ref='8175750775' />
    <nd ref='8175750774' />
    <nd ref='8175750773' />
    <tag k='crossing' v='marked' />
    <tag k='footway' v='crossing' />
    <tag k='highway' v='footway' />
  </way>
  <way id='878823522' timestamp='2020-11-29T06:01:46Z' uid='6421436' user='SXCKH' visible='true' version='1' changeset='94970712'>
    <nd ref='8174172717' />
    <nd ref='8175750778' />
    <nd ref='8175750777' />
    <nd ref='8175750776' />
    <tag k='crossing' v='marked' />
    <tag k='footway' v='crossing' />
    <tag k='highway' v='footway' />
  </way>
  <way id='878823523' timestamp='2020-11-29T06:01:46Z' uid='6421436' user='SXCKH' visible='true' version='1' changeset='94970712'>
    <nd ref='8175750779' />
    <nd ref='8175750780' />
    <tag k='traffic_calming' v='island' />
  </way>
  <way id='878823524' timestamp='2020-11-29T06:01:46Z' uid='6421436' user='SXCKH' visible='true' version='1' changeset='94970712'>
    <nd ref='8175750781' />
    <nd ref='8175750782' />
    <tag k='traffic_calming' v='island' />
  </way>
  <way id='878830329' timestamp='2020-11-29T07:06:04Z' uid='6421436' user='SXCKH' visible='true' version='1' changeset='94972539'>
    <nd ref='8175809058' />
    <nd ref='8175809060' />
    <nd ref='8175809059' />
    <tag k='crossing' v='marked' />
    <tag k='footway' v='crossing' />
    <tag k='highway' v='footway' />
  </way>
  <way id='878839793' timestamp='2020-11-29T08:16:15Z' uid='6421436' user='SXCKH' visible='true' version='1' changeset='94974737'>
    <nd ref='8174032257' />
    <nd ref='8175901840' />
    <nd ref='8175901839' />
    <tag k='crossing' v='marked' />
    <tag k='footway' v='crossing' />
    <tag k='highway' v='footway' />
  </way>
  <way id='878839850' timestamp='2026-02-25T17:20:25Z' uid='4292387' user='Jaller' visible='true' version='3' changeset='179047922'>
    <nd ref='8175902158' />
    <nd ref='8175902162' />
    <nd ref='8175902159' />
    <tag k='crossing:markings' v='zebra' />
    <tag k='footway' v='crossing' />
    <tag k='highway' v='footway' />
  </way>
  <way id='951475852' timestamp='2021-06-05T13:55:51Z' uid='1439333' user='Littlebtc' visible='true' version='1' changeset='105883489'>
    <nd ref='8806973384' />
    <nd ref='8175902158' />
    <tag k='access' v='private' />
    <tag k='highway' v='footway' />
  </way>
  <way id='951475853' timestamp='2021-06-05T13:55:51Z' uid='1439333' user='Littlebtc' visible='true' version='1' changeset='105883489'>
    <nd ref='8175902159' />
    <nd ref='8806973390' />
    <nd ref='8806973386' />
    <tag k='highway' v='footway' />
  </way>
  <way id='951475854' timestamp='2021-06-05T13:55:51Z' uid='1439333' user='Littlebtc' visible='true' version='1' changeset='105883489'>
    <nd ref='8806973400' />
    <nd ref='8806973397' />
    <nd ref='8806973399' />
    <nd ref='8806973398' />
    <nd ref='8175902140' />
    <tag k='highway' v='footway' />
  </way>
  <way id='951475855' timestamp='2021-06-05T13:55:51Z' uid='1439333' user='Littlebtc' visible='true' version='1' changeset='105883489'>
    <nd ref='5342541414' />
    <nd ref='8806973404' />
    <nd ref='8806973403' />
    <nd ref='8806973402' />
    <nd ref='5342518982' />
    <tag k='highway' v='footway' />
  </way>
  <way id='951475856' timestamp='2021-06-05T13:55:51Z' uid='1439333' user='Littlebtc' visible='true' version='1' changeset='105883489'>
    <nd ref='8806973405' />
    <nd ref='8806973404' />
    <tag k='highway' v='footway' />
  </way>
  <way id='951493293' timestamp='2021-06-05T15:30:51Z' uid='1439333' user='Littlebtc' visible='true' version='1' changeset='105887120'>
    <nd ref='8807148803' />
    <nd ref='8807148802' />
    <nd ref='8807148801' />
    <nd ref='8807148800' />
    <nd ref='8807148803' />
    <tag k='building' v='yes' />
    <tag k='building:levels' v='5' />
  </way>
  <way id='951493301' timestamp='2022-03-12T09:02:10Z' uid='12620959' user='twF6wdEYwL' visible='true' version='2' changeset='118389529'>
    <nd ref='8807164269' />
    <nd ref='8807164268' />
    <nd ref='8807164267' />
    <nd ref='8807164266' />
    <nd ref='8807164269' />
    <tag k='building' v='apartments' />
    <tag k='building:levels' v='6' />
  </way>
  <way id='1012810426' timestamp='2021-12-16T15:46:10Z' uid='12424494' user='lovelyfurball88' visible='true' version='1' changeset='115015113'>
    <nd ref='4082954000' />
    <nd ref='9344090762' />
    <nd ref='9344090763' />
    <nd ref='9344090764' />
    <nd ref='4082954000' />
    <tag k='hoops' v='2' />
    <tag k='leisure' v='pitch' />
    <tag k='name' v='籃6' />
    <tag k='sport' v='basketball' />
    <tag k='surface' v='paved' />
  </way>
  <way id='1012810545' timestamp='2021-12-16T15:47:06Z' uid='12424494' user='lovelyfurball88' visible='true' version='1' changeset='115015143'>
    <nd ref='4082954002' />
    <nd ref='9344089938' />
    <nd ref='9344089939' />
    <nd ref='9344089940' />
    <nd ref='4082954002' />
    <tag k='hoops' v='2' />
    <tag k='leisure' v='pitch' />
    <tag k='name' v='籃4' />
    <tag k='sport' v='basketball' />
    <tag k='surface' v='paved' />
  </way>
  <way id='1012810605' timestamp='2021-12-16T15:47:52Z' uid='12424494' user='lovelyfurball88' visible='true' version='1' changeset='115015162'>
    <nd ref='4082954003' />
    <nd ref='9344083052' />
    <nd ref='9344083053' />
    <nd ref='9344083054' />
    <nd ref='4082954003' />
    <tag k='hoops' v='2' />
    <tag k='leisure' v='pitch' />
    <tag k='name' v='籃1' />
    <tag k='sport' v='basketball' />
  </way>
  <way id='1094423062' timestamp='2026-02-01T05:30:00Z' uid='7674327' user='nfx2851' visible='true' version='3' changeset='177951463'>
    <nd ref='10023498330' />
    <nd ref='10023498331' />
    <nd ref='10023498332' />
    <nd ref='10023498333' />
    <nd ref='10023498330' />
    <tag k='amenity' v='university' />
    <tag k='education' v='university' />
    <tag k='name' v='逢甲大學水湳校區' />
  </way>
  <way id='1112384084' timestamp='2022-11-11T21:28:55Z' uid='17643127' user='JimmyChung' visible='true' version='1' changeset='128793940'>
    <nd ref='8174032263' />
    <nd ref='10177146573' />
    <tag k='highway' v='service' />
    <tag k='service' v='parking_aisle' />
  </way>
  <way id='1112384229' timestamp='2022-11-11T21:30:07Z' uid='17643127' user='JimmyChung' visible='true' version='1' changeset='128793972'>
    <nd ref='10177146573' />
    <nd ref='10177146618' />
    <nd ref='10177146619' />
    <nd ref='10177146620' />
    <nd ref='10177146573' />
    <tag k='highway' v='service' />
    <tag k='oneway' v='yes' />
    <tag k='service' v='parking_aisle' />
  </way>
  <way id='1261821729' timestamp='2024-03-15T07:31:31Z' uid='12620959' user='twF6wdEYwL' visible='true' version='2' changeset='148673581'>
    <nd ref='4195127653' />
    <nd ref='11733360664' />
    <nd ref='9559452452' />
    <nd ref='11733360663' />
    <nd ref='11733360661' />
    <nd ref='11733360662' />
    <tag k='highway' v='service' />
    <tag k='service' v='parking_aisle' />
  </way>
  <way id='1262819035' timestamp='2024-03-15T07:31:31Z' uid='12620959' user='twF6wdEYwL' visible='true' version='1' changeset='148673581'>
    <nd ref='11733360639' />
    <nd ref='11733360636' />
    <nd ref='11733360637' />
    <nd ref='11733360638' />
    <nd ref='11733360639' />
    <tag k='amenity' v='parking' />
    <tag k='parking' v='surface' />
  </way>
  <way id='1308630648' timestamp='2025-06-21T01:50:58Z' uid='18325668' user='EMU800' visible='true' version='2' changeset='167895697'>
    <nd ref='12941761869' />
    <nd ref='7216723014' />
    <nd ref='8175809062' />
    <nd ref='8175809060' />
    <nd ref='3481462304' />
    <tag k='highway' v='residential' />
    <tag k='name' v='逢大路' />
    <tag k='name:en' v='Fengda Road' />
    <tag k='name:zh' v='逢大路' />
    <tag k='oneway' v='no' />
  </way>
  <way id='1391518117' timestamp='2026-06-26T11:30:11Z' uid='1439333' user='Littlebtc' visible='true' version='4' changeset='184640633'>
    <nd ref='13968097194' />
    <nd ref='13968097193' />
    <nd ref='12880178964' />
    <nd ref='12880178963' />
    <nd ref='12880362387' />
    <nd ref='12880362382' />
    <nd ref='12880178968' />
    <nd ref='4778939494' />
    <nd ref='12880178967' />
    <nd ref='12880178966' />
    <nd ref='4778939493' />
    <nd ref='4778939492' />
    <nd ref='12880178965' />
    <nd ref='4778939491' />
    <nd ref='13968097194' />
    <tag k='landuse' v='brownfield' />
    <tag k='name' v='臺中超巨蛋 BOT 基地 (台灣人壽)' />
    <tag k='official_name' v='臺中市運動產業園區新建營運移轉案' />
  </way>
  <way id='1391518516' timestamp='2026-05-21T08:52:23Z' uid='1439333' user='Littlebtc' visible='true' version='2' changeset='182964257'>
    <nd ref='4778950321' />
    <nd ref='12880362383' />
    <nd ref='12880362384' />
    <nd ref='12880362385' />
    <nd ref='12880362386' />
    <nd ref='12880178975' />
    <nd ref='12880178974' />
    <nd ref='12880178973' />
    <nd ref='12880178972' />
    <nd ref='4778939497' />
    <nd ref='4778939496' />
    <nd ref='4778939495' />
    <nd ref='4778950321' />
    <tag k='landuse' v='brownfield' />
    <tag k='name' v='臺中超巨蛋 BOT 基地 (台灣人壽)' />
    <tag k='official_name' v='臺中市運動產業園區新建營運移轉案' />
  </way>
  <way id='1408187533' timestamp='2025-06-21T01:50:58Z' uid='18325668' user='EMU800' visible='true' version='1' changeset='167895697'>
    <nd ref='8806973395' />
    <nd ref='4075385713' />
    <nd ref='746174275' />
    <nd ref='4084849707' />
    <nd ref='1324619109' />
    <nd ref='8806973385' />
    <nd ref='1324619093' />
    <nd ref='12941761840' />
    <nd ref='1324619075' />
    <tag k='access' v='permit' />
    <tag k='bicycle' v='permit' />
    <tag k='foot' v='yes' />
    <tag k='highway' v='service' />
    <tag k='horse' v='permit' />
    <tag k='motor_vehicle' v='permit' />
    <tag k='surface' v='柏油路面' />
  </way>
  <way id='1408187534' timestamp='2025-06-21T01:50:58Z' uid='18325668' user='EMU800' visible='true' version='1' changeset='167895697'>
    <nd ref='12941761843' />
    <nd ref='12941761844' />
    <tag k='highway' v='service' />
    <tag k='oneway' v='yes' />
    <tag k='service' v='parking_aisle' />
    <tag k='surface' v='asphalt' />
  </way>
  <way id='1408187535' timestamp='2025-06-21T01:50:58Z' uid='18325668' user='EMU800' visible='true' version='1' changeset='167895697'>
    <nd ref='12941761846' />
    <nd ref='12941761847' />
    <nd ref='12941761848' />
    <nd ref='12941761849' />
    <nd ref='12941761846' />
    <tag k='amenity' v='parking_space' />
    <tag k='capacity' v='7' />
    <tag k='parking' v='surface' />
    <tag k='wheelchair' v='yes' />
  </way>
  <way id='1408187536' timestamp='2025-06-21T01:50:58Z' uid='18325668' user='EMU800' visible='true' version='1' changeset='167895697'>
    <nd ref='12941761850' />
    <nd ref='12941761851' />
    <nd ref='12941761852' />
    <nd ref='12941761853' />
    <nd ref='12941761850' />
    <tag k='amenity' v='parking_space' />
    <tag k='capacity' v='14' />
    <tag k='parking' v='surface' />
    <tag k='wheelchair' v='yes' />
  </way>
  <way id='1408187537' timestamp='2025-06-21T01:50:58Z' uid='18325668' user='EMU800' visible='true' version='1' changeset='167895697'>
    <nd ref='12941761854' />
    <nd ref='12941761855' />
    <nd ref='12941761856' />
    <nd ref='12941761857' />
    <nd ref='12941761854' />
    <tag k='amenity' v='parking_space' />
    <tag k='capacity' v='14' />
    <tag k='parking' v='surface' />
    <tag k='wheelchair' v='yes' />
  </way>
  <way id='1408187538' timestamp='2025-06-21T01:50:58Z' uid='18325668' user='EMU800' visible='true' version='1' changeset='167895697'>
    <nd ref='12941761858' />
    <nd ref='12941761859' />
    <nd ref='12941761860' />
    <nd ref='12941761861' />
    <nd ref='12941761858' />
    <tag k='amenity' v='parking_space' />
    <tag k='capacity' v='14' />
    <tag k='parking' v='surface' />
    <tag k='wheelchair' v='yes' />
  </way>
  <way id='1408187539' timestamp='2025-06-21T01:50:58Z' uid='18325668' user='EMU800' visible='true' version='1' changeset='167895697'>
    <nd ref='12941761862' />
    <nd ref='12941761863' />
    <nd ref='12941761864' />
    <nd ref='12941761865' />
    <nd ref='12941761862' />
    <tag k='amenity' v='parking_space' />
    <tag k='capacity' v='2' />
    <tag k='parking' v='surface' />
    <tag k='wheelchair' v='yes' />
  </way>
  <way id='1408187540' timestamp='2025-06-21T01:50:58Z' uid='18325668' user='EMU800' visible='true' version='1' changeset='167895697'>
    <nd ref='4076726218' />
    <nd ref='12941761866' />
    <nd ref='12941761867' />
    <nd ref='12941761868' />
    <nd ref='12941761870' />
    <nd ref='4072948983' />
    <nd ref='4076726218' />
    <tag k='building' v='yes' />
    <tag k='building:levels' v='3' />
  </way>
  <way id='1473277897' timestamp='2026-02-01T05:30:00Z' uid='7674327' user='nfx2851' visible='true' version='1' changeset='177951463'>
    <nd ref='13516158802' />
    <nd ref='13516158803' />
    <nd ref='13516158804' />
    <nd ref='13516158805' />
    <nd ref='13516158802' />
    <tag k='amenity' v='parking' />
    <tag k='name' v='逢甲大學凱旋停車場' />
  </way>
  <way id='1473277898' timestamp='2026-02-01T05:30:00Z' uid='7674327' user='nfx2851' visible='true' version='1' changeset='177951463'>
    <nd ref='13516158806' />
    <nd ref='13516158810' />
    <nd ref='13516158807' />
    <nd ref='13516158808' />
    <nd ref='13516158811' />
    <nd ref='13516158809' />
    <nd ref='13516158813' />
    <nd ref='13516158806' />
    <tag k='highway' v='service' />
    <tag k='oneway' v='no' />
    <tag k='service' v='parking_aisle' />
  </way>
  <way id='1473277899' timestamp='2026-02-01T05:30:00Z' uid='7674327' user='nfx2851' visible='true' version='1' changeset='177951463'>
    <nd ref='13516158810' />
    <nd ref='13516158811' />
    <tag k='highway' v='service' />
    <tag k='oneway' v='no' />
    <tag k='service' v='parking_aisle' />
  </way>
  <way id='1473277900' timestamp='2026-02-01T05:30:00Z' uid='7674327' user='nfx2851' visible='true' version='1' changeset='177951463'>
    <nd ref='13516158812' />
    <nd ref='13516158813' />
    <tag k='highway' v='service' />
    <tag k='oneway' v='no' />
    <tag k='service' v='parking_aisle' />
  </way>
  <way id='1473277901' timestamp='2026-02-01T05:30:00Z' uid='7674327' user='nfx2851' visible='true' version='1' changeset='177951463'>
    <nd ref='8174032258' />
    <nd ref='13516158814' />
    <nd ref='13516158815' />
    <nd ref='746174415' />
    <nd ref='12941761869' />
    <tag k='highway' v='pedestrian' />
  </way>
  <way id='1473277902' timestamp='2026-02-01T05:30:00Z' uid='7674327' user='nfx2851' visible='true' version='1' changeset='177951463'>
    <nd ref='13516158816' />
    <nd ref='13516158817' />
    <nd ref='13516158818' />
    <nd ref='13516158819' />
    <nd ref='13516158820' />
    <nd ref='13516158821' />
    <nd ref='13516158822' />
    <nd ref='13516158823' />
    <nd ref='13516158824' />
    <nd ref='13516158816' />
  </way>
  <way id='1473277903' timestamp='2026-02-01T05:30:00Z' uid='7674327' user='nfx2851' visible='true' version='1' changeset='177951463'>
    <nd ref='13516158825' />
    <nd ref='13516158826' />
    <nd ref='13516158827' />
    <nd ref='13516158828' />
    <nd ref='13516158829' />
    <nd ref='13516158830' />
    <nd ref='13516158825' />
  </way>
  <way id='1473277904' timestamp='2026-02-01T05:30:00Z' uid='7674327' user='nfx2851' visible='true' version='1' changeset='177951463'>
    <nd ref='13516158831' />
    <nd ref='13516158832' />
    <nd ref='13516158833' />
    <nd ref='13516158834' />
    <nd ref='13516158831' />
  </way>
  <way id='1473277905' timestamp='2026-02-01T05:30:00Z' uid='7674327' user='nfx2851' visible='true' version='1' changeset='177951463'>
    <nd ref='13516158835' />
    <nd ref='13516158836' />
    <nd ref='13516158837' />
    <nd ref='13516158838' />
    <nd ref='13516158835' />
    <tag k='amenity' v='motorcycle_parking' />
  </way>
  <way id='1473277906' timestamp='2026-02-01T05:30:00Z' uid='7674327' user='nfx2851' visible='true' version='1' changeset='177951463'>
    <nd ref='13516158839' />
    <nd ref='13516158840' />
    <nd ref='13516158841' />
    <tag k='highway' v='service' />
    <tag k='oneway' v='yes' />
    <tag k='service' v='parking_aisle' />
  </way>
  <way id='1473277907' timestamp='2026-02-01T05:30:00Z' uid='7674327' user='nfx2851' visible='true' version='1' changeset='177951463'>
    <nd ref='13516158844' />
    <nd ref='13516158843' />
    <nd ref='13516158842' />
    <tag k='highway' v='service' />
    <tag k='oneway' v='yes' />
    <tag k='service' v='parking_aisle' />
  </way>
  <way id='1473277908' timestamp='2026-02-01T05:30:00Z' uid='7674327' user='nfx2851' visible='true' version='1' changeset='177951463'>
    <nd ref='13516158845' />
    <nd ref='13516158849' />
    <nd ref='13516158852' />
    <nd ref='13516158846' />
    <nd ref='13516158853' />
    <nd ref='13516158856' />
    <nd ref='13516158847' />
    <nd ref='13516158851' />
    <nd ref='13516158850' />
    <nd ref='13516158848' />
    <nd ref='13516158841' />
    <nd ref='13516158844' />
    <nd ref='13516158845' />
    <tag k='highway' v='service' />
    <tag k='oneway' v='no' />
    <tag k='service' v='parking_aisle' />
  </way>
  <way id='1473277909' timestamp='2026-02-01T05:30:00Z' uid='7674327' user='nfx2851' visible='true' version='1' changeset='177951463'>
    <nd ref='13516158849' />
    <nd ref='13516158854' />
    <nd ref='13516158857' />
    <nd ref='13516158850' />
    <tag k='highway' v='service' />
    <tag k='service' v='parking_aisle' />
  </way>
  <way id='1473277910' timestamp='2026-02-01T05:30:00Z' uid='7674327' user='nfx2851' visible='true' version='1' changeset='177951463'>
    <nd ref='13516158851' />
    <nd ref='13516158858' />
    <nd ref='13516158855' />
    <nd ref='13516158852' />
    <tag k='highway' v='service' />
    <tag k='oneway' v='no' />
    <tag k='service' v='parking_aisle' />
  </way>
  <way id='1473277911' timestamp='2026-02-01T05:30:00Z' uid='7674327' user='nfx2851' visible='true' version='1' changeset='177951463'>
    <nd ref='13516158844' />
    <nd ref='13516158854' />
    <nd ref='13516158855' />
    <nd ref='13516158853' />
    <tag k='highway' v='service' />
    <tag k='oneway' v='no' />
    <tag k='service' v='parking_aisle' />
  </way>
  <way id='1473277912' timestamp='2026-02-01T05:30:00Z' uid='7674327' user='nfx2851' visible='true' version='1' changeset='177951463'>
    <nd ref='13516158841' />
    <nd ref='13516158857' />
    <nd ref='13516158858' />
    <nd ref='13516158856' />
    <tag k='highway' v='service' />
    <tag k='oneway' v='no' />
    <tag k='service' v='parking_aisle' />
  </way>
  <way id='1482952126' timestamp='2026-02-25T17:20:25Z' uid='4292387' user='Jaller' visible='true' version='1' changeset='179047922'>
    <nd ref='8175902159' />
    <nd ref='8806973396' />
    <nd ref='8175902160' />
    <nd ref='8806973397' />
    <tag k='crossing:markings' v='zebra' />
    <tag k='footway' v='crossing' />
    <tag k='highway' v='footway' />
  </way>
  <relation id='2960369' timestamp='2026-04-27T07:13:20Z' uid='274857' user='Supaplex' visible='true' version='45' changeset='181876037'>
    <member type='node' ref='60655915' role='admin_centre' />
    <member type='way' ref='282840333' role='outer' />
    <member type='way' ref='557939554' role='outer' />
    <member type='way' ref='264439897' role='outer' />
    <member type='way' ref='282572313' role='outer' />
    <member type='way' ref='262966227' role='outer' />
    <member type='way' ref='262966228' role='outer' />
    <member type='way' ref='223148776' role='outer' />
    <member type='way' ref='250495634' role='outer' />
    <member type='way' ref='250496623' role='outer' />
    <member type='way' ref='282569319' role='outer' />
    <member type='way' ref='282569323' role='outer' />
    <member type='way' ref='282641501' role='outer' />
    <member type='way' ref='250496620' role='outer' />
    <member type='way' ref='250498307' role='outer' />
    <member type='way' ref='250498308' role='outer' />
    <member type='way' ref='282641500' role='outer' />
    <member type='way' ref='223156381' role='outer' />
    <member type='way' ref='282843144' role='outer' />
    <member type='way' ref='282645263' role='outer' />
    <member type='way' ref='223156384' role='outer' />
    <member type='way' ref='223265900' role='outer' />
    <member type='way' ref='282645261' role='outer' />
    <member type='way' ref='282743959' role='outer' />
    <member type='way' ref='282744423' role='outer' />
    <member type='way' ref='223265899' role='outer' />
    <member type='way' ref='282744426' role='outer' />
    <member type='way' ref='282868047' role='outer' />
    <member type='way' ref='629701102' role='outer' />
    <member type='way' ref='629701103' role='outer' />
    <member type='way' ref='282868046' role='outer' />
    <member type='way' ref='282741393' role='outer' />
    <member type='way' ref='282746281' role='outer' />
    <member type='way' ref='282872894' role='outer' />
    <member type='way' ref='282872898' role='outer' />
    <member type='way' ref='282748112' role='outer' />
    <member type='way' ref='283122671' role='outer' />
    <member type='way' ref='662411036' role='outer' />
    <member type='way' ref='222993261' role='outer' />
    <member type='way' ref='282842912' role='outer' />
    <member type='way' ref='282842168' role='outer' />
    <member type='way' ref='282842167' role='outer' />
    <member type='way' ref='620753759' role='outer' />
    <member type='way' ref='223156386' role='outer' />
    <member type='way' ref='223156385' role='outer' />
    <member type='way' ref='282842058' role='outer' />
    <member type='way' ref='282840332' role='outer' />
    <member type='way' ref='663058744' role='outer' />
    <member type='relation' ref='3753469' role='subarea' />
    <member type='relation' ref='3753468' role='subarea' />
    <member type='relation' ref='3750155' role='subarea' />
    <member type='relation' ref='3753457' role='subarea' />
    <member type='relation' ref='3753456' role='subarea' />
    <member type='relation' ref='3750888' role='subarea' />
    <member type='relation' ref='3750041' role='subarea' />
    <member type='relation' ref='3754903' role='subarea' />
    <member type='relation' ref='3754902' role='subarea' />
    <member type='relation' ref='3750082' role='subarea' />
    <member type='relation' ref='3750081' role='subarea' />
    <member type='relation' ref='3753455' role='subarea' />
    <member type='relation' ref='3750084' role='subarea' />
    <member type='relation' ref='3754909' role='subarea' />
    <member type='relation' ref='3754973' role='subarea' />
    <member type='relation' ref='3753498' role='subarea' />
    <member type='relation' ref='3754978' role='subarea' />
    <member type='relation' ref='3754979' role='subarea' />
    <member type='relation' ref='3754980' role='subarea' />
    <member type='relation' ref='3753504' role='subarea' />
    <member type='relation' ref='3752140' role='subarea' />
    <member type='relation' ref='3753361' role='subarea' />
    <member type='relation' ref='3752212' role='subarea' />
    <member type='relation' ref='3752213' role='subarea' />
    <member type='relation' ref='3752139' role='subarea' />
    <member type='relation' ref='3754933' role='subarea' />
    <member type='relation' ref='3752081' role='subarea' />
    <member type='relation' ref='3752202' role='subarea' />
    <member type='relation' ref='3752080' role='subarea' />
    <member type='relation' ref='3750802' role='subarea' />
    <member type='relation' ref='3754935' role='subarea' />
    <member type='relation' ref='3752201' role='subarea' />
    <member type='relation' ref='3754934' role='subarea' />
    <member type='relation' ref='3750803' role='subarea' />
    <member type='relation' ref='3754941' role='subarea' />
    <member type='relation' ref='3754940' role='subarea' />
    <member type='relation' ref='3750057' role='subarea' />
    <member type='relation' ref='3750056' role='subarea' />
    <member type='relation' ref='3749990' role='subarea' />
    <tag k='admin_level' v='7' />
    <tag k='boundary' v='administrative' />
    <tag k='name' v='西屯區' />
    <tag k='name:en' v='Xitun District' />
    <tag k='name:hak' v='Sî-tun' />
    <tag k='name:ja' v='西屯区' />
    <tag k='name:ko' v='시툰구' />
    <tag k='name:nan' v='Sai-tūn-khu' />
    <tag k='name:nan-Hant' v='西屯區' />
    <tag k='name:nan-Latn-pehoeji' v='Sai-tūn-khu' />
    <tag k='name:nan-Latn-tailo' v='Sai-tūn-khu' />
    <tag k='name:pl' v='Xitun' />
    <tag k='name:vi' v='Tây Đồn' />
    <tag k='name:zh' v='西屯區' />
    <tag k='nat_ref' v='66000060' />
    <tag k='type' v='boundary' />
    <tag k='wikidata' v='Q569548' />
    <tag k='wikipedia' v='zh:西屯區' />
  </relation>
  <relation id='3750041' timestamp='2026-01-31T10:35:02Z' uid='10604125' user='chiho_kang' visible='true' version='8' changeset='177920394'>
    <member type='way' ref='282515266' role='outer' />
    <member type='way' ref='282513221' role='outer' />
    <member type='way' ref='282515264' role='outer' />
    <member type='way' ref='282515269' role='outer' />
    <member type='way' ref='282515273' role='outer' />
    <member type='way' ref='282515271' role='outer' />
    <member type='way' ref='282515268' role='outer' />
    <tag k='admin_level' v='9' />
    <tag k='boundary' v='administrative' />
    <tag k='is_in' v='臺中市西屯區' />
    <tag k='is_in:city' v='臺中市' />
    <tag k='is_in:country' v='TW' />
    <tag k='is_in:county' v='臺中市' />
    <tag k='is_in:district' v='西屯區' />
    <tag k='is_in:town' v='西屯區' />
    <tag k='name' v='西平里' />
    <tag k='name:en' v='Xiping Village' />
    <tag k='name:ko' v='시핑리' />
    <tag k='name:zh' v='西平里' />
    <tag k='nat_ref' v='66000060024' />
    <tag k='source' v='NLSC;內政部' />
    <tag k='type' v='boundary' />
    <tag k='wikidata' v='Q96975100' />
  </relation>
  <relation id='3750803' timestamp='2026-01-31T10:35:02Z' uid='10604125' user='chiho_kang' visible='true' version='8' changeset='177920394'>
    <member type='way' ref='282569311' role='outer' />
    <member type='way' ref='282569313' role='outer' />
    <member type='way' ref='282569315' role='outer' />
    <member type='way' ref='282569309' role='outer' />
    <member type='way' ref='282515273' role='outer' />
    <tag k='admin_level' v='9' />
    <tag k='boundary' v='administrative' />
    <tag k='is_in' v='臺中市西屯區' />
    <tag k='is_in:city' v='臺中市' />
    <tag k='is_in:country' v='TW' />
    <tag k='is_in:county' v='臺中市' />
    <tag k='is_in:district' v='西屯區' />
    <tag k='is_in:town' v='西屯區' />
    <tag k='name' v='鵬程里' />
    <tag k='name:en' v='Pengcheng Village' />
    <tag k='name:ko' v='펑청리' />
    <tag k='name:zh' v='鵬程里' />
    <tag k='nat_ref' v='66000060008' />
    <tag k='source' v='NLSC;內政部' />
    <tag k='type' v='boundary' />
    <tag k='wikidata' v='Q96975069' />
  </relation>
  <relation id='3750888' timestamp='2021-01-04T05:10:00Z' uid='274857' user='Supaplex' visible='true' version='8' changeset='96877439'>
    <member type='way' ref='262966227' role='outer' />
    <member type='way' ref='282572314' role='outer' />
    <member type='way' ref='282527827' role='outer' />
    <member type='way' ref='282515271' role='outer' />
    <member type='way' ref='282569311' role='outer' />
    <member type='way' ref='282569317' role='outer' />
    <member type='way' ref='282569319' role='outer' />
    <member type='way' ref='250496623' role='outer' />
    <member type='way' ref='250495634' role='outer' />
    <member type='way' ref='223148776' role='outer' />
    <member type='way' ref='262966228' role='outer' />
    <tag k='admin_level' v='9' />
    <tag k='boundary' v='administrative' />
    <tag k='is_in' v='臺中市西屯區' />
    <tag k='is_in:city' v='臺中市' />
    <tag k='is_in:country' v='TW' />
    <tag k='is_in:county' v='臺中市' />
    <tag k='is_in:district' v='西屯區' />
    <tag k='is_in:town' v='西屯區' />
    <tag k='name' v='港尾里' />
    <tag k='name:en' v='Gangwei Village' />
    <tag k='name:zh' v='港尾里' />
    <tag k='nat_ref' v='66000060015' />
    <tag k='source' v='NLSC;內政部' />
    <tag k='type' v='boundary' />
    <tag k='wikidata' v='Q15902517' />
  </relation>
  <relation id='3752140' timestamp='2020-08-07T05:08:39Z' uid='2570571' user='typebrook' visible='true' version='7' changeset='89068629'>
    <member type='way' ref='282643188' role='outer' />
    <member type='way' ref='282523415' role='outer' />
    <member type='way' ref='282515269' role='outer' />
    <member type='way' ref='282569309' role='outer' />
    <member type='way' ref='282643184' role='outer' />
    <tag k='admin_level' v='9' />
    <tag k='boundary' v='administrative' />
    <tag k='is_in' v='臺中市西屯區' />
    <tag k='is_in:city' v='臺中市' />
    <tag k='is_in:country' v='TW' />
    <tag k='is_in:county' v='臺中市' />
    <tag k='is_in:district' v='西屯區' />
    <tag k='is_in:town' v='西屯區' />
    <tag k='name' v='逢福里' />
    <tag k='name:en' v='Fengfu Village' />
    <tag k='name:zh' v='逢福里' />
    <tag k='nat_ref' v='66000060029' />
    <tag k='source' v='NLSC;內政部' />
    <tag k='type' v='boundary' />
    <tag k='wikidata' v='Q96975112' />
  </relation>
  <relation id='6032175' timestamp='2016-03-28T18:28:02Z' uid='3754968' user='Huang sy 0324' visible='true' version='2' changeset='38126872'>
    <member type='way' ref='402105181' role='inner' />
    <member type='way' ref='283040782' role='outer' />
    <tag k='building' v='university' />
    <tag k='building:levels' v='5' />
    <tag k='name' v='工學館' />
    <tag k='name:en' v='Engineering Building' />
    <tag k='name:zh' v='工學館' />
    <tag k='type' v='multipolygon' />
  </relation>
  <relation id='6032176' timestamp='2023-06-26T11:41:43Z' uid='17280926' user='Pan_Nug' visible='true' version='5' changeset='137788840'>
    <member type='way' ref='402105182' role='inner' />
    <member type='way' ref='283040787' role='outer' />
    <tag k='building' v='university' />
    <tag k='building:levels' v='4' />
    <tag k='name' v='行政二館' />
    <tag k='name:en' v='Administration Building Ⅱ' />
    <tag k='name:zh' v='行政二館' />
    <tag k='type' v='multipolygon' />
  </relation>
  <relation id='6032177' timestamp='2016-03-28T18:20:57Z' uid='3754968' user='Huang sy 0324' visible='true' version='5' changeset='38126713'>
    <member type='way' ref='402105185' role='inner' />
    <member type='way' ref='402105184' role='outer' />
    <tag k='description' v='操場' />
    <tag k='leisure' v='pitch' />
    <tag k='lit' v='yes' />
    <tag k='name' v='PU跑道' />
    <tag k='sport' v='running' />
    <tag k='type' v='multipolygon' />
  </relation>
  <relation id='7139001' timestamp='2025-11-08T11:27:17Z' uid='274857' user='Supaplex' visible='true' version='9' changeset='174370754'>
    <member type='way' ref='485125545' role='outer' />
    <member type='way' ref='485125547' role='outer' />
    <member type='way' ref='802336770' role='inner' />
    <member type='way' ref='802336771' role='inner' />
    <member type='way' ref='802336769' role='inner' />
    <member type='way' ref='802336768' role='inner' />
    <tag k='alt_name' v='清翠園' />
    <tag k='dog' v='leashed' />
    <tag k='leisure' v='park' />
    <tag k='name' v='臺中中央公園' />
    <tag k='name:en' v='Taichung Central Park' />
    <tag k='name:zh' v='臺中中央公園' />
    <tag k='opening_hours' v='24/7' />
    <tag k='smoking' v='no' />
    <tag k='type' v='multipolygon' />
    <tag k='wikidata' v='Q16928832' />
    <tag k='wikipedia' v='zh:中央公園 (臺中市)' />
  </relation>
  <relation id='12812069' timestamp='2021-06-08T12:38:39Z' uid='616774' user='mueschel' visible='true' version='2' changeset='106035975'>
    <member type='way' ref='339759635' role='from' />
    <member type='way' ref='902150209' role='to' />
    <member type='node' ref='2386180175' role='via' />
    <tag k='except' v='psv' />
    <tag k='name' v='19:00 - 24:00 禁止左轉 公車除外' />
    <tag k='restriction:conditional' v='no_left_turn @ 19:00 - 24:00' />
    <tag k='type' v='restriction' />
  </relation>
  <relation id='17945914' timestamp='2025-11-27T14:00:11Z' uid='9093997' user='crgbsly' visible='true' version='5' changeset='175199718'>
    <member type='node' ref='8716497676' role='platform' />
    <member type='node' ref='12117284944' role='platform' />
    <member type='node' ref='3470729607' role='platform' />
    <member type='node' ref='2403314504' role='platform' />
    <member type='node' ref='2403314373' role='platform' />
    <member type='node' ref='2403313814' role='platform' />
    <member type='node' ref='2403409814' role='platform' />
    <member type='node' ref='2403409795' role='platform' />
    <member type='node' ref='8163058637' role='platform' />
    <member type='node' ref='3469522851' role='platform' />
    <member type='node' ref='3469522854' role='platform' />
    <member type='node' ref='3469522862' role='platform' />
    <member type='node' ref='12117284946' role='platform' />
    <member type='node' ref='3469522870' role='platform' />
    <member type='node' ref='3469522877' role='platform' />
    <member type='node' ref='12117284947' role='platform' />
    <member type='node' ref='3428078012' role='platform' />
    <member type='node' ref='3470675303' role='platform' />
    <member type='node' ref='3470675306' role='platform' />
    <member type='node' ref='3470675307' role='platform' />
    <member type='node' ref='3470675309' role='platform' />
    <member type='node' ref='3428077517' role='platform' />
    <member type='node' ref='12117284950' role='platform' />
    <member type='node' ref='12117284952' role='platform' />
    <member type='node' ref='3862391963' role='platform' />
    <member type='node' ref='3862391959' role='platform' />
    <member type='node' ref='12117284953' role='platform' />
    <member type='node' ref='3862391965' role='platform' />
    <member type='node' ref='3862391969' role='platform' />
    <member type='node' ref='3862391961' role='platform' />
    <member type='node' ref='3862391967' role='platform' />
    <member type='node' ref='12117284956' role='platform' />
    <member type='node' ref='12117284957' role='platform' />
    <member type='node' ref='10259539271' role='platform' />
    <member type='node' ref='10259539273' role='platform' />
    <member type='node' ref='10259539275' role='platform' />
    <member type='node' ref='3457129723' role='platform' />
    <member type='node' ref='3457129727' role='platform' />
    <member type='node' ref='4379133800' role='platform' />
    <member type='node' ref='4379133802' role='platform' />
    <member type='node' ref='3457542153' role='platform' />
    <member type='node' ref='3457542156' role='platform' />
    <member type='node' ref='3457542158' role='platform' />
    <member type='node' ref='3457542161' role='platform' />
    <member type='node' ref='3457542162' role='platform' />
    <member type='node' ref='3450849005' role='platform' />
    <member type='node' ref='3451432939' role='platform' />
    <member type='node' ref='3451432971' role='platform' />
    <member type='node' ref='3451432980' role='platform' />
    <member type='node' ref='3451432985' role='platform' />
    <member type='node' ref='3451432989' role='platform' />
    <member type='node' ref='3451432992' role='platform' />
    <member type='node' ref='3451431167' role='platform' />
    <member type='node' ref='3451431180' role='platform' />
    <member type='node' ref='3451431168' role='platform' />
    <member type='node' ref='3451431174' role='platform' />
    <member type='node' ref='3451431177' role='platform' />
    <member type='node' ref='7139801028' role='platform' />
    <member type='node' ref='8292034614' role='platform' />
    <member type='node' ref='8292083819' role='platform' />
    <member type='node' ref='8292083822' role='platform' />
    <member type='node' ref='8292083824' role='platform' />
    <member type='node' ref='5776829799' role='platform' />
    <member type='node' ref='7139801000' role='platform' />
    <member type='node' ref='5776829801' role='platform' />
    <member type='node' ref='10258142092' role='platform' />
    <member type='way' ref='941173583' role='' />
    <member type='way' ref='617448409' role='' />
    <member type='way' ref='617448412' role='' />
    <member type='way' ref='1308482352' role='' />
    <member type='way' ref='617446964' role='' />
    <member type='way' ref='231993793' role='' />
    <member type='way' ref='1051060871' role='' />
    <member type='way' ref='615280414' role='' />
    <member type='way' ref='1118140980' role='' />
    <member type='way' ref='615280410' role='' />
    <member type='way' ref='1051060875' role='' />
    <member type='way' ref='877360575' role='' />
    <member type='way' ref='232000661' role='' />
    <member type='way' ref='877360574' role='' />
    <member type='way' ref='1049620884' role='' />
    <member type='way' ref='877360570' role='' />
    <member type='way' ref='548825199' role='' />
    <member type='way' ref='1050627225' role='' />
    <member type='way' ref='60025756' role='' />
    <member type='way' ref='1308482356' role='' />
    <member type='way' ref='628105621' role='' />
    <member type='way' ref='628105620' role='' />
    <member type='way' ref='628596093' role='' />
    <member type='way' ref='628596095' role='' />
    <member type='way' ref='912391156' role='' />
    <member type='way' ref='111667829' role='' />
    <member type='way' ref='364269701' role='' />
    <member type='way' ref='625475644' role='' />
    <member type='way' ref='212414970' role='' />
    <member type='way' ref='1165650040' role='' />
    <member type='way' ref='625473472' role='' />
    <member type='way' ref='24296700' role='' />
    <member type='way' ref='638723039' role='' />
    <member type='way' ref='1307885938' role='' />
    <member type='way' ref='988483746' role='' />
    <member type='way' ref='1306789914' role='' />
    <member type='way' ref='376346417' role='' />
    <member type='way' ref='1307885937' role='' />
    <member type='way' ref='638721878' role='' />
    <member type='way' ref='638719432' role='' />
    <member type='way' ref='376346420' role='' />
    <member type='way' ref='650665555' role='' />
    <member type='way' ref='650665557' role='' />
    <member type='way' ref='1308482349' role='' />
    <member type='way' ref='545850983' role='' />
    <member type='way' ref='572304453' role='' />
    <member type='way' ref='666108093' role='' />
    <member type='way' ref='102184807' role='' />
    <member type='way' ref='232226244' role='' />
    <member type='way' ref='666111787' role='' />
    <member type='way' ref='575182057' role='' />
    <member type='way' ref='641802086' role='' />
    <member type='way' ref='1308438882' role='' />
    <member type='way' ref='259023837' role='' />
    <member type='way' ref='232226251' role='' />
    <member type='way' ref='232226247' role='' />
    <member type='way' ref='1308482346' role='' />
    <member type='way' ref='1308482319' role='' />
    <member type='way' ref='259023841' role='' />
    <member type='way' ref='764101830' role='' />
    <member type='way' ref='1124345260' role='' />
    <member type='way' ref='764101829' role='' />
    <member type='way' ref='232240672' role='' />
    <member type='way' ref='232240678' role='' />
    <member type='way' ref='232252064' role='' />
    <member type='way' ref='376346388' role='' />
    <member type='way' ref='747244545' role='' />
    <member type='way' ref='376346384' role='' />
    <member type='way' ref='747244542' role='' />
    <member type='way' ref='747255036' role='' />
    <member type='way' ref='359451726' role='' />
    <member type='way' ref='259023843' role='' />
    <member type='way' ref='359451728' role='' />
    <member type='way' ref='307159687' role='' />
    <member type='way' ref='1144240661' role='' />
    <member type='way' ref='1144240660' role='' />
    <member type='way' ref='1121709775' role='' />
    <member type='way' ref='1121709776' role='' />
    <member type='way' ref='1050792356' role='' />
    <member type='way' ref='155097093' role='' />
    <member type='way' ref='440193339' role='' />
    <member type='way' ref='440193335' role='' />
    <member type='way' ref='155097088' role='' />
    <member type='way' ref='1314682183' role='' />
    <member type='way' ref='1309954079' role='' />
    <member type='way' ref='1314682206' role='' />
    <member type='way' ref='155097104' role='' />
    <member type='way' ref='314134546' role='' />
    <member type='way' ref='361999930' role='' />
    <member type='way' ref='232347460' role='' />
    <member type='way' ref='232347458' role='' />
    <member type='way' ref='232344217' role='' />
    <member type='way' ref='232347456' role='' />
    <member type='way' ref='764235583' role='' />
    <member type='way' ref='232347461' role='' />
    <member type='way' ref='1308482364' role='' />
    <member type='way' ref='260876039' role='' />
    <member type='way' ref='764235575' role='' />
    <member type='way' ref='232307497' role='' />
    <member type='way' ref='232307503' role='' />
    <member type='way' ref='1314682175' role='' />
    <member type='way' ref='232307498' role='' />
    <member type='way' ref='1121526933' role='' />
    <member type='way' ref='1121526934' role='' />
    <member type='way' ref='1314682195' role='' />
    <tag k='from' v='凱旋敦化路口' />
    <tag k='name' v='臺中市 675 龍津高中 - 凱旋敦化路口(往龍津高中)' />
    <tag k='network' v='臺中市市區公車' />
    <tag k='network:en' v='Taichung City Bus' />
    <tag k='network:nan' v='Tâi-tiong-chhī Chhī-khu Kong-chhia' />
    <tag k='network:nan-Hant' v='臺中市市區公車' />
    <tag k='network:nan-Latn-pehoeji' v='Tâi-tiong-chhī Chhī-khu Kong-chhia' />
    <tag k='network:nan-Latn-tailo' v='Tâi-tiong-tshī Tshī-khu Kong-tshia' />
    <tag k='network:wikidata' v='Q3462238' />
    <tag k='network:zh' v='臺中市市區公車' />
    <tag k='operator' v='台中客運;統聯客運;中台灣客運' />
    <tag k='public_transport:version' v='2' />
    <tag k='ref' v='675' />
    <tag k='route' v='bus' />
    <tag k='to' v='龍津高中' />
    <tag k='type' v='route' />
  </relation>
  <relation id='17945915' timestamp='2026-07-01T10:54:39Z' uid='1439333' user='Littlebtc' visible='true' version='7' changeset='184907373'>
    <member type='node' ref='10258142091' role='platform' />
    <member type='node' ref='5776829802' role='platform' />
    <member type='node' ref='7139801023' role='platform' />
    <member type='node' ref='5776829800' role='platform' />
    <member type='node' ref='8292083823' role='platform' />
    <member type='node' ref='8292083821' role='platform' />
    <member type='node' ref='8292083818' role='platform' />
    <member type='node' ref='8292034615' role='platform' />
    <member type='node' ref='7139801016' role='platform' />
    <member type='node' ref='3451431176' role='platform' />
    <member type='node' ref='3451431175' role='platform' />
    <member type='node' ref='3451431173' role='platform' />
    <member type='node' ref='3451431179' role='platform' />
    <member type='node' ref='7139801017' role='platform' />
    <member type='node' ref='3451432991' role='platform' />
    <member type='node' ref='3451432990' role='platform' />
    <member type='node' ref='3451432986' role='platform' />
    <member type='node' ref='3451432981' role='platform' />
    <member type='node' ref='3451432972' role='platform' />
    <member type='node' ref='3451432940' role='platform' />
    <member type='node' ref='3450849006' role='platform' />
    <member type='node' ref='3457542163' role='platform' />
    <member type='node' ref='3457542160' role='platform' />
    <member type='node' ref='3457542159' role='platform' />
    <member type='node' ref='3457542157' role='platform' />
    <member type='node' ref='3457542152' role='platform' />
    <member type='node' ref='4379133801' role='platform' />
    <member type='node' ref='4379133799' role='platform' />
    <member type='node' ref='3457129728' role='platform' />
    <member type='node' ref='3457129724' role='platform' />
    <member type='node' ref='10259539276' role='platform' />
    <member type='node' ref='10259539274' role='platform' />
    <member type='node' ref='10259539272' role='platform' />
    <member type='node' ref='12117284958' role='platform' />
    <member type='node' ref='12117284955' role='platform' />
    <member type='node' ref='3862391966' role='platform' />
    <member type='node' ref='3862391960' role='platform' />
    <member type='node' ref='3862391968' role='platform' />
    <member type='node' ref='3862391964' role='platform' />
    <member type='node' ref='12117284954' role='platform' />
    <member type='node' ref='3862391958' role='platform' />
    <member type='node' ref='3862391962' role='platform' />
    <member type='node' ref='12117284951' role='platform' />
    <member type='node' ref='12117284949' role='platform' />
    <member type='node' ref='3428077519' role='platform' />
    <member type='node' ref='3470675310' role='platform' />
    <member type='node' ref='3470675308' role='platform' />
    <member type='node' ref='3470675305' role='platform' />
    <member type='node' ref='3470675304' role='platform' />
    <member type='node' ref='3470675301' role='platform' />
    <member type='node' ref='2959551303' role='platform' />
    <member type='node' ref='3053446412' role='platform' />
    <member type='node' ref='3428078011' role='platform' />
    <member type='node' ref='12117284948' role='platform' />
    <member type='node' ref='3469522872' role='platform' />
    <member type='node' ref='3469522871' role='platform' />
    <member type='node' ref='4838178473' role='platform' />
    <member type='node' ref='3469522863' role='platform' />
    <member type='node' ref='3469522853' role='platform' />
    <member type='node' ref='3469522852' role='platform' />
    <member type='node' ref='8163058636' role='platform' />
    <member type='node' ref='2403409780' role='platform' />
    <member type='node' ref='2403409716' role='platform' />
    <member type='node' ref='2403314042' role='platform' />
    <member type='node' ref='2403314550' role='platform' />
    <member type='node' ref='2403314556' role='platform' />
    <member type='node' ref='12117284943' role='platform' />
    <member type='node' ref='8716497677' role='platform' />
    <member type='way' ref='1314682195' role='' />
    <member type='way' ref='1121526934' role='' />
    <member type='way' ref='1121526933' role='' />
    <member type='way' ref='232307498' role='' />
    <member type='way' ref='1314682175' role='' />
    <member type='way' ref='232307503' role='' />
    <member type='way' ref='232307497' role='' />
    <member type='way' ref='764235575' role='' />
    <member type='way' ref='260876039' role='' />
    <member type='way' ref='1308482364' role='' />
    <member type='way' ref='232347461' role='' />
    <member type='way' ref='764235583' role='' />
    <member type='way' ref='232347456' role='' />
    <member type='way' ref='232344217' role='' />
    <member type='way' ref='232347458' role='' />
    <member type='way' ref='232347460' role='' />
    <member type='way' ref='361999930' role='' />
    <member type='way' ref='155097101' role='' />
    <member type='way' ref='1314682209' role='' />
    <member type='way' ref='1309954071' role='' />
    <member type='way' ref='1314682170' role='' />
    <member type='way' ref='155097091' role='' />
    <member type='way' ref='440193334' role='' />
    <member type='way' ref='440193340' role='' />
    <member type='way' ref='155097098' role='' />
    <member type='way' ref='155097096' role='' />
    <member type='way' ref='1050792357' role='' />
    <member type='way' ref='351120055' role='' />
    <member type='way' ref='1144240665' role='' />
    <member type='way' ref='1144240666' role='' />
    <member type='way' ref='307159683' role='' />
    <member type='way' ref='232252059' role='' />
    <member type='way' ref='359451727' role='' />
    <member type='way' ref='259023844' role='' />
    <member type='way' ref='359451725' role='' />
    <member type='way' ref='747244543' role='' />
    <member type='way' ref='376346390' role='' />
    <member type='way' ref='747244544' role='' />
    <member type='way' ref='232240677' role='' />
    <member type='way' ref='232240673' role='' />
    <member type='way' ref='232240697' role='' />
    <member type='way' ref='1308482299' role='' />
    <member type='way' ref='1308482362' role='' />
    <member type='way' ref='259023840' role='' />
    <member type='way' ref='232226250' role='' />
    <member type='way' ref='232226248' role='' />
    <member type='way' ref='1308438883' role='' />
    <member type='way' ref='1308482298' role='' />
    <member type='way' ref='957449850' role='' />
    <member type='way' ref='232226245' role='' />
    <member type='way' ref='957449851' role='' />
    <member type='way' ref='641802087' role='' />
    <member type='way' ref='1308482295' role='' />
    <member type='way' ref='666111787' role='' />
    <member type='way' ref='232226244' role='' />
    <member type='way' ref='102184807' role='' />
    <member type='way' ref='1308482348' role='' />
    <member type='way' ref='572304448' role='' />
    <member type='way' ref='666108096' role='' />
    <member type='way' ref='572304450' role='' />
    <member type='way' ref='572304460' role='' />
    <member type='way' ref='545850982' role='' />
    <member type='way' ref='1308482359' role='' />
    <member type='way' ref='253913336' role='' />
    <member type='way' ref='1312476744' role='' />
    <member type='way' ref='313793001' role='' />
    <member type='way' ref='638721885' role='' />
    <member type='way' ref='1046481955' role='' />
    <member type='way' ref='107444016' role='' />
    <member type='way' ref='937263332' role='' />
    <member type='way' ref='937263333' role='' />
    <member type='way' ref='1411428384' role='' />
    <member type='way' ref='376346413' role='' />
    <member type='way' ref='638723038' role='' />
    <member type='way' ref='355216107' role='' />
    <member type='way' ref='212405154' role='' />
    <member type='way' ref='625475666' role='' />
    <member type='way' ref='628596095' role='' />
    <member type='way' ref='628596093' role='' />
    <member type='way' ref='628105620' role='' />
    <member type='way' ref='628105621' role='' />
    <member type='way' ref='1308482356' role='' />
    <member type='way' ref='60025756' role='' />
    <member type='way' ref='1050627225' role='' />
    <member type='way' ref='548825199' role='' />
    <member type='way' ref='877360570' role='' />
    <member type='way' ref='1049620884' role='' />
    <member type='way' ref='877360574' role='' />
    <member type='way' ref='232000661' role='' />
    <member type='way' ref='1051060874' role='' />
    <member type='way' ref='1051060873' role='' />
    <member type='way' ref='231993698' role='' />
    <member type='way' ref='1118140985' role='' />
    <member type='way' ref='615280408' role='' />
    <member type='way' ref='615280407' role='' />
    <member type='way' ref='1051060872' role='' />
    <member type='way' ref='617450823' role='' />
    <member type='way' ref='254084389' role='' />
    <member type='way' ref='442048703' role='' />
    <member type='way' ref='617448411' role='' />
    <member type='way' ref='941173584' role='' />
    <tag k='from' v='龍津高中' />
    <tag k='name' v='臺中市 675 龍津高中 - 凱旋敦化路口(往凱旋敦化路口)' />
    <tag k='network' v='臺中市市區公車' />
    <tag k='network:en' v='Taichung City Bus' />
    <tag k='network:nan' v='Tâi-tiong-chhī Chhī-khu Kong-chhia' />
    <tag k='network:nan-Hant' v='臺中市市區公車' />
    <tag k='network:nan-Latn-pehoeji' v='Tâi-tiong-chhī Chhī-khu Kong-chhia' />
    <tag k='network:nan-Latn-tailo' v='Tâi-tiong-tshī Tshī-khu Kong-tshia' />
    <tag k='network:wikidata' v='Q3462238' />
    <tag k='network:zh' v='臺中市市區公車' />
    <tag k='operator' v='台中客運;統聯客運;中台灣客運' />
    <tag k='public_transport:version' v='2' />
    <tag k='ref' v='675' />
    <tag k='route' v='bus' />
    <tag k='to' v='凱旋敦化路口' />
    <tag k='type' v='route' />
  </relation>
  <relation id='17945916' timestamp='2024-10-16T12:28:54Z' uid='9560399' user='Lepuse' visible='true' version='2' changeset='157962344'>
    <member type='relation' ref='17945915' role='' />
    <member type='relation' ref='17945914' role='' />
    <tag k='name' v='臺中市 675 龍津高中 - 凱旋敦化路口' />
    <tag k='network' v='臺中市市區公車' />
    <tag k='network:en' v='Taichung City Bus' />
    <tag k='network:nan' v='Tâi-tiong-chhī Chhī-khu Kong-chhia' />
    <tag k='network:nan-Hans' v='臺中市市區公車' />
    <tag k='network:nan-Latn-pehoeji' v='Tâi-tiong-chhī Chhī-khu Kong-chhia' />
    <tag k='network:nan-Latn-tailo' v='Tâi-tiong-tshī Tshī-khu Kong-tshia' />
    <tag k='network:wikidata' v='Q3462238' />
    <tag k='network:zh' v='臺中市市區公車' />
    <tag k='operator' v='台中客運;統聯客運;中台灣客運' />
    <tag k='public_transport:version' v='2' />
    <tag k='ref' v='675' />
    <tag k='route_master' v='bus' />
    <tag k='type' v='route_master' />
  </relation>
  <relation id='17948671' timestamp='2026-02-19T09:30:24Z' uid='18069' user='Claudius Henrichs' visible='true' version='4' changeset='178762169'>
    <member type='node' ref='8037474384' role='platform' />
    <member type='node' ref='9641214730' role='platform' />
    <member type='node' ref='3471556250' role='platform' />
    <member type='node' ref='3471556252' role='platform' />
    <member type='node' ref='3471556254' role='platform' />
    <member type='node' ref='8967732263' role='platform' />
    <member type='node' ref='3469522847' role='platform' />
    <member type='node' ref='2959690357' role='platform' />
    <member type='node' ref='2959690354' role='platform' />
    <member type='node' ref='3193941018' role='platform' />
    <member type='node' ref='3193941019' role='platform' />
    <member type='node' ref='2959690351' role='platform' />
    <member type='node' ref='3471556243' role='platform' />
    <member type='node' ref='3471556238' role='platform' />
    <member type='node' ref='2414194528' role='platform' />
    <member type='node' ref='2414194529' role='platform' />
    <member type='node' ref='3470729611' role='platform' />
    <member type='node' ref='3470729609' role='platform' />
    <member type='node' ref='12097677776' role='platform' />
    <member type='node' ref='9658765577' role='platform' />
    <member type='node' ref='9658765574' role='platform' />
    <member type='node' ref='9658765572' role='platform' />
    <member type='node' ref='7726747367' role='platform' />
    <member type='node' ref='12111897744' role='platform' />
    <member type='node' ref='10231049927' role='platform' />
    <member type='node' ref='12118752280' role='platform' />
    <member type='node' ref='3796779886' role='platform' />
    <member type='node' ref='3796779869' role='platform' />
    <member type='node' ref='3796779859' role='platform' />
    <member type='node' ref='8000114322' role='platform' />
    <member type='way' ref='1308630638' role='' />
    <member type='way' ref='296384049' role='' />
    <member type='way' ref='1480602142' role='' />
    <member type='way' ref='1480602141' role='' />
    <member type='way' ref='34942509' role='' />
    <member type='way' ref='1073276739' role='' />
    <member type='way' ref='232654945' role='' />
    <member type='way' ref='232654962' role='' />
    <member type='way' ref='232654954' role='' />
    <member type='way' ref='110876206' role='' />
    <member type='way' ref='1051060875' role='' />
    <member type='way' ref='877699001' role='' />
    <member type='way' ref='1050828248' role='' />
    <member type='way' ref='615468304' role='' />
    <member type='way' ref='233077094' role='' />
    <member type='way' ref='339955443' role='' />
    <member type='way' ref='615669791' role='' />
    <member type='way' ref='104989818' role='' />
    <member type='way' ref='250567545' role='' />
    <member type='way' ref='362871967' role='' />
    <member type='way' ref='617308034' role='' />
    <member type='way' ref='548825201' role='' />
    <member type='way' ref='1306231884' role='' />
    <member type='way' ref='1306231885' role='' />
    <member type='way' ref='60025759' role='' />
    <member type='way' ref='419455614' role='' />
    <member type='way' ref='1308630649' role='' />
    <member type='way' ref='1308630644' role='' />
    <member type='way' ref='1087029950' role='' />
    <member type='way' ref='256939275' role='' />
    <member type='way' ref='618266889' role='' />
    <member type='way' ref='256947646' role='' />
    <member type='way' ref='584905066' role='' />
    <member type='way' ref='1312476758' role='' />
    <member type='way' ref='756403347' role='' />
    <member type='way' ref='258738811' role='' />
    <member type='way' ref='765713678' role='' />
    <member type='way' ref='765713677' role='' />
    <member type='way' ref='705803262' role='' />
    <member type='way' ref='223054794' role='' />
    <member type='way' ref='150501060' role='' />
    <member type='way' ref='1010420257' role='' />
    <member type='way' ref='1010420256' role='' />
    <member type='way' ref='560714237' role='' />
    <member type='way' ref='1010420243' role='' />
    <member type='way' ref='1010420242' role='' />
    <member type='way' ref='367396450' role='' />
    <member type='way' ref='1308630641' role='' />
    <member type='way' ref='1308630642' role='' />
    <member type='way' ref='560714268' role='' />
    <member type='way' ref='367396462' role='' />
    <member type='way' ref='1050828257' role='' />
    <member type='way' ref='1121709771' role='' />
    <member type='way' ref='886398475' role='' />
    <member type='way' ref='886398478' role='' />
    <member type='way' ref='367396471' role='' />
    <member type='way' ref='1121709773' role='' />
    <member type='way' ref='886398482' role='' />
    <member type='way' ref='366285887' role='' />
    <member type='way' ref='1308630654' role='' />
    <member type='way' ref='232725204' role='' />
    <member type='way' ref='1308630655' role='' />
    <member type='way' ref='1308630640' role='' />
    <member type='way' ref='232725202' role='' />
    <member type='way' ref='954457603' role='' />
    <member type='way' ref='941902179' role='' />
    <member type='way' ref='1118659372' role='' />
    <member type='way' ref='941902180' role='' />
    <member type='way' ref='1118659371' role='' />
    <member type='way' ref='1118659369' role='' />
    <member type='way' ref='232725195' role='' />
    <member type='way' ref='898487479' role='' />
    <tag k='from' v='捷運文心中清站' />
    <tag k='name' v='臺中市 綠4 宜寧中學 - 捷運文心中清站 - 宜寧中學(往宜寧中學)' />
    <tag k='network' v='臺中市市區公車' />
    <tag k='network:en' v='Taichung City Bus' />
    <tag k='network:nan' v='Tâi-tiong-chhī Chhī-khu Kong-chhia' />
    <tag k='network:nan-Hant' v='臺中市市區公車' />
    <tag k='network:nan-Latn-pehoeji' v='Tâi-tiong-chhī Chhī-khu Kong-chhia' />
    <tag k='network:nan-Latn-tailo' v='Tâi-tiong-tshī Tshī-khu Kong-tshia' />
    <tag k='network:wikidata' v='Q3462238' />
    <tag k='network:zh' v='臺中市市區公車' />
    <tag k='operator' v='中台灣客運;統聯客運' />
    <tag k='public_transport:version' v='2' />
    <tag k='ref' v='綠4' />
    <tag k='route' v='bus' />
    <tag k='to' v='宜寧中學' />
    <tag k='type' v='route' />
  </relation>
  <relation id='17948672' timestamp='2024-10-10T08:44:48Z' uid='274857' user='Supaplex' visible='true' version='2' changeset='157703970'>
    <member type='node' ref='8000114323' role='platform' />
    <member type='node' ref='3796779860' role='platform' />
    <member type='node' ref='3796779870' role='platform' />
    <member type='node' ref='3796779885' role='platform' />
    <member type='node' ref='12118752281' role='platform' />
    <member type='node' ref='10231049928' role='platform' />
    <member type='node' ref='12111897743' role='platform' />
    <member type='node' ref='7726747366' role='platform' />
    <member type='node' ref='9658765573' role='platform' />
    <member type='node' ref='9658765575' role='platform' />
    <member type='node' ref='9658765576' role='platform' />
    <member type='node' ref='5913315685' role='platform' />
    <member type='node' ref='3470729610' role='platform' />
    <member type='node' ref='3470729612' role='platform' />
    <member type='node' ref='3314223895' role='platform' />
    <member type='node' ref='3485532890' role='platform' />
    <member type='node' ref='3471556239' role='platform' />
    <member type='node' ref='3471556244' role='platform' />
    <member type='node' ref='8263296221' role='platform' />
    <member type='node' ref='2959690352' role='platform' />
    <member type='node' ref='2403409817' role='platform' />
    <member type='node' ref='2959690353' role='platform' />
    <member type='node' ref='2959690356' role='platform' />
    <member type='node' ref='2959690359' role='platform' />
    <member type='node' ref='8037474384' role='platform' />
    <member type='way' ref='898487491' role='' />
    <member type='way' ref='515235349' role='' />
    <member type='way' ref='1118659367' role='' />
    <member type='way' ref='941902178' role='' />
    <member type='way' ref='941902177' role='' />
    <member type='way' ref='1118659365' role='' />
    <member type='way' ref='1308630656' role='' />
    <member type='way' ref='232725204' role='' />
    <member type='way' ref='366285885' role='' />
    <member type='way' ref='1121709779' role='' />
    <member type='way' ref='1118659376' role='' />
    <member type='way' ref='1022250827' role='' />
    <member type='way' ref='954469790' role='' />
    <member type='way' ref='896085357' role='' />
    <member type='way' ref='367396465' role='' />
    <member type='way' ref='367396447' role='' />
    <member type='way' ref='1308630653' role='' />
    <member type='way' ref='1308630652' role='' />
    <member type='way' ref='560714252' role='' />
    <member type='way' ref='367396449' role='' />
    <member type='way' ref='1010420244' role='' />
    <member type='way' ref='1010420245' role='' />
    <member type='way' ref='367396459' role='' />
    <member type='way' ref='1010420253' role='' />
    <member type='way' ref='1010420252' role='' />
    <member type='way' ref='223054793' role='' />
    <member type='way' ref='705803261' role='' />
    <member type='way' ref='765597757' role='' />
    <member type='way' ref='765713676' role='' />
    <member type='way' ref='765713675' role='' />
    <member type='way' ref='485125573' role='' />
    <member type='way' ref='1308630651' role='' />
    <member type='way' ref='618274709' role='' />
    <member type='way' ref='256939276' role='' />
    <member type='way' ref='618266890' role='' />
    <member type='way' ref='1087029949' role='' />
    <member type='way' ref='1308630650' role='' />
    <member type='way' ref='419455614' role='' />
    <member type='way' ref='60025759' role='' />
    <member type='way' ref='1306231885' role='' />
    <member type='way' ref='1306231883' role='' />
    <member type='way' ref='548825182' role='' />
    <member type='way' ref='617308035' role='' />
    <member type='way' ref='1049620879' role='' />
    <member type='way' ref='970311482' role='' />
    <member type='way' ref='362714501' role='' />
    <member type='way' ref='1308630645' role='' />
    <member type='way' ref='104989818' role='' />
    <member type='way' ref='615669791' role='' />
    <member type='way' ref='339955443' role='' />
    <member type='way' ref='233077094' role='' />
    <member type='way' ref='615468304' role='' />
    <member type='way' ref='231993701' role='' />
    <member type='way' ref='1050828247' role='' />
    <member type='way' ref='877360576' role='' />
    <member type='way' ref='1051060874' role='' />
    <member type='way' ref='340040463' role='' />
    <tag k='from' v='宜寧中學' />
    <tag k='name' v='臺中市 綠4 宜寧中學 - 捷運文心中清站 - 宜寧中學(往捷運文心中清站)' />
    <tag k='network' v='臺中市市區公車' />
    <tag k='network:en' v='Taichung City Bus' />
    <tag k='network:nan' v='Tâi-tiong-chhī Chhī-khu Kong-chhia' />
    <tag k='network:nan-Hant' v='臺中市市區公車' />
    <tag k='network:nan-Latn-pehoeji' v='Tâi-tiong-chhī Chhī-khu Kong-chhia' />
    <tag k='network:nan-Latn-tailo' v='Tâi-tiong-tshī Tshī-khu Kong-tshia' />
    <tag k='network:wikidata' v='Q3462238' />
    <tag k='network:zh' v='臺中市市區公車' />
    <tag k='operator' v='中台灣客運;統聯客運' />
    <tag k='public_transport:version' v='2' />
    <tag k='ref' v='綠4' />
    <tag k='route' v='bus' />
    <tag k='to' v='捷運文心中清站' />
    <tag k='type' v='route' />
  </relation>
  <relation id='17948684' timestamp='2024-10-16T12:28:54Z' uid='9560399' user='Lepuse' visible='true' version='2' changeset='157962344'>
    <member type='relation' ref='17948672' role='' />
    <member type='relation' ref='17948671' role='' />
    <tag k='name' v='臺中市 綠4 宜寧中學 - 捷運文心中清站 - 宜寧中學' />
    <tag k='network' v='臺中市市區公車' />
    <tag k='network:en' v='Taichung City Bus' />
    <tag k='network:nan' v='Tâi-tiong-chhī Chhī-khu Kong-chhia' />
    <tag k='network:nan-Hans' v='臺中市市區公車' />
    <tag k='network:nan-Latn-pehoeji' v='Tâi-tiong-chhī Chhī-khu Kong-chhia' />
    <tag k='network:nan-Latn-tailo' v='Tâi-tiong-tshī Tshī-khu Kong-tshia' />
    <tag k='network:wikidata' v='Q3462238' />
    <tag k='network:zh' v='臺中市市區公車' />
    <tag k='operator' v='中台灣客運;統聯客運' />
    <tag k='public_transport:version' v='2' />
    <tag k='ref' v='綠4' />
    <tag k='route_master' v='bus' />
    <tag k='type' v='route_master' />
  </relation>
  <relation id='19876789' timestamp='2025-11-24T09:39:17Z' uid='15458800' user='NumisK' visible='true' version='1' changeset='175058215'>
    <member type='way' ref='250567538' role='from' />
    <member type='node' ref='2386180175' role='via' />
    <member type='way' ref='314203288' role='to' />
    <tag k='except' v='bus' />
    <tag k='restriction:conditional' v='no_left_turn @ 19:00-12:00' />
    <tag k='type' v='restriction' />
  </relation>
  <relation id='20159319' timestamp='2026-02-01T05:30:00Z' uid='7674327' user='nfx2851' visible='true' version='1' changeset='177951463'>
    <member type='way' ref='1473277902' role='outer' />
    <member type='way' ref='1473277903' role='outer' />
    <member type='way' ref='1473277904' role='outer' />
    <tag k='building' v='university' />
    <tag k='name' v='共善樓' />
    <tag k='type' v='multipolygon' />
  </relation>
</osm>
